img_name,pothole_idx,height,width,box_area,pothole_area,nonpothole_area,mean_depth,max_depth,min_depth,depth_std,depth_range,p90_depth,severity_label,severity_name
pic-1-_jpg.rf.49882cdb272111f43a6656b1494a4918.jpg,0,152,280,42560,28910,13650.0,0.6719903945922852,0.8020955920219421,0.5126055479049683,0.07015577703714371,0.2894900441169739,0.7646231651306152,0,Shallow
pic-1-_jpg.rf.49882cdb272111f43a6656b1494a4918.jpg,1,83,312,25896,13084,12812.0,0.4431885778903961,0.5018524527549744,0.38568204641342163,0.027437452226877213,0.11617040634155273,0.48084786534309387,1,Moderate
pic-1-_jpg.rf.49882cdb272111f43a6656b1494a4918.jpg,2,104,261,27144,10430,16714.0,0.29494574666023254,0.36955419182777405,0.20509149134159088,0.034797780215740204,0.16446270048618317,0.34026169776916504,1,Moderate
pic-1-_jpg.rf.8d95dd1d29760a2634a45cc7fdd84b31.jpg,0,145,267,38715,27697,11018.0,0.6536641120910645,0.7774333357810974,0.4950893521308899,0.06724400818347931,0.2823439836502075,0.7417975664138794,0,Shallow
pic-1-_jpg.rf.8d95dd1d29760a2634a45cc7fdd84b31.jpg,1,77,308,23716,12558,11158.0,0.45293840765953064,0.5235652923583984,0.3671967387199402,0.03651563078165054,0.15636855363845825,0.5007270574569702,1,Moderate
pic-1-_jpg.rf.8d95dd1d29760a2634a45cc7fdd84b31.jpg,2,60,268,16080,10109,5971.0,0.31563034653663635,0.7012356519699097,0.20860078930854797,0.049772363156080246,0.4926348626613617,0.3848402500152588,0,Shallow
pic-1-_jpg.rf.e238c9bf3fe82e8ac55b0014a27fc529.jpg,0,142,270,38340,27001,11339.0,0.6499295830726624,0.7716882228851318,0.5002836585044861,0.06593465805053711,0.27140456438064575,0.7378674149513245,0,Shallow
pic-1-_jpg.rf.e238c9bf3fe82e8ac55b0014a27fc529.jpg,1,67,302,20234,12250,7984.0,0.4440786838531494,0.5048791766166687,0.37967151403427124,0.02970651164650917,0.12520766258239746,0.48400092124938965,1,Moderate
pic-1-_jpg.rf.e238c9bf3fe82e8ac55b0014a27fc529.jpg,2,91,260,23660,9789,13871.0,0.3080703020095825,0.3896479308605194,0.21379590034484863,0.03868189826607704,0.17585203051567078,0.3587934076786041,1,Moderate
pic-10-_jpg.rf.1d433d21e11d000b6b498eacb88fe4a9.jpg,0,183,199,36417,28512,7905.0,0.6186560392379761,0.7655343413352966,0.46755334734916687,0.07234226167201996,0.29798099398612976,0.7168205976486206,0,Shallow
pic-10-_jpg.rf.1d433d21e11d000b6b498eacb88fe4a9.jpg,1,90,111,9990,6345,3645.0,0.9233030080795288,0.9687964916229248,0.8483747839927673,0.03043396957218647,0.12042170763015747,0.9602111577987671,0,Shallow
pic-10-_jpg.rf.1d433d21e11d000b6b498eacb88fe4a9.jpg,2,129,69,8901,5885,3016.0,0.8122401237487793,0.8941039443016052,0.695375382900238,0.04831758141517639,0.1987285614013672,0.8700008988380432,0,Shallow
pic-10-_jpg.rf.1d433d21e11d000b6b498eacb88fe4a9.jpg,3,115,100,11500,8062,3438.0,0.4604126513004303,0.558199405670166,0.3713359832763672,0.044641051441431046,0.18686342239379883,0.5209578275680542,1,Moderate
pic-10-_jpg.rf.1d433d21e11d000b6b498eacb88fe4a9.jpg,4,44,91,4004,2917,1087.0,0.3026517629623413,0.34386056661605835,0.25655338168144226,0.02224854566156864,0.08730718493461609,0.3327697515487671,1,Moderate
pic-10-_jpg.rf.1d433d21e11d000b6b498eacb88fe4a9.jpg,5,68,139,9452,5059,4393.0,0.18731091916561127,0.23154215514659882,0.15157335996627808,0.019715944305062294,0.07996879518032074,0.2155730277299881,1,Moderate
pic-10-_jpg.rf.1d433d21e11d000b6b498eacb88fe4a9.jpg,6,131,84,11004,6384,4620.0,0.3700914978981018,0.6581990122795105,0.2673792541027069,0.06666875630617142,0.3908197581768036,0.44414135813713074,0,Shallow
pic-10-_jpg.rf.1d433d21e11d000b6b498eacb88fe4a9.jpg,7,35,48,1680,1330,350.0,0.3546326160430908,0.38252633810043335,0.3269626200199127,0.014347321353852749,0.05556371808052063,0.37410205602645874,1,Moderate
pic-10-_jpg.rf.1d433d21e11d000b6b498eacb88fe4a9.jpg,8,34,40,1360,878,482.0,0.29260894656181335,0.32069963216781616,0.2665764093399048,0.012972326949238777,0.05412322282791138,0.31007617712020874,1,Moderate
pic-10-_jpg.rf.1d433d21e11d000b6b498eacb88fe4a9.jpg,9,41,33,1353,1054,299.0,0.24821701645851135,0.2839565873146057,0.21520784497261047,0.017695169895887375,0.06874874234199524,0.2719792127609253,1,Moderate
pic-10-_jpg.rf.1d433d21e11d000b6b498eacb88fe4a9.jpg,10,27,38,1026,879,147.0,0.34143170714378357,0.3640797734260559,0.31860458850860596,0.011945504695177078,0.04547518491744995,0.35777148604393005,1,Moderate
pic-10-_jpg.rf.1d433d21e11d000b6b498eacb88fe4a9.jpg,11,44,49,2156,1182,974.0,0.44104117155075073,0.473661869764328,0.4078613519668579,0.016491713002324104,0.06580051779747009,0.4634557366371155,1,Moderate
pic-10-_jpg.rf.1d433d21e11d000b6b498eacb88fe4a9.jpg,12,26,40,1040,758,282.0,0.25815609097480774,0.2804456353187561,0.2376442551612854,0.010882829315960407,0.0428013801574707,0.27352678775787354,1,Moderate
pic-10-_jpg.rf.1d433d21e11d000b6b498eacb88fe4a9.jpg,13,18,29,522,381,141.0,0.20032787322998047,0.21360169351100922,0.1863640695810318,0.007131313905119896,0.027237623929977417,0.20999234914779663,1,Moderate
pic-10-_jpg.rf.1d433d21e11d000b6b498eacb88fe4a9.jpg,14,32,33,1056,700,356.0,0.24541595578193665,0.274305522441864,0.2227952629327774,0.011850878596305847,0.05151025950908661,0.261804461479187,1,Moderate
pic-10-_jpg.rf.1d433d21e11d000b6b498eacb88fe4a9.jpg,15,31,79,2449,1760,689.0,0.1090729832649231,0.13839374482631683,0.0802665427327156,0.013565813191235065,0.05812720209360123,0.12692970037460327,1,Moderate
pic-10-_jpg.rf.1d433d21e11d000b6b498eacb88fe4a9.jpg,16,41,65,2665,1878,787.0,0.14473284780979156,0.18524691462516785,0.11496133357286453,0.016455477103590965,0.07028558105230331,0.168025404214859,1,Moderate
pic-10-_jpg.rf.1d433d21e11d000b6b498eacb88fe4a9.jpg,17,26,41,1066,682,384.0,0.2618975043296814,0.28260859847068787,0.24464595317840576,0.009826093912124634,0.037962645292282104,0.2756759226322174,1,Moderate
pic-10-_jpg.rf.1d433d21e11d000b6b498eacb88fe4a9.jpg,18,48,105,5040,2454,2586.0,0.06006871163845062,0.09847170114517212,0.026460709050297737,0.01496595237404108,0.07201099209487438,0.07785868644714355,1,Moderate
pic-10-_jpg.rf.1d433d21e11d000b6b498eacb88fe4a9.jpg,19,22,60,1320,802,518.0,0.09986036270856857,0.11297323554754257,0.08694440871477127,0.006494909059256315,0.0260288268327713,0.10895828902721405,1,Moderate
pic-10-_jpg.rf.1d433d21e11d000b6b498eacb88fe4a9.jpg,20,22,37,814,566,248.0,0.12702934443950653,0.1477956622838974,0.10835642367601395,0.010278888046741486,0.03943923860788345,0.1415305882692337,1,Moderate
pic-10-_jpg.rf.1d433d21e11d000b6b498eacb88fe4a9.jpg,21,17,33,561,437,124.0,0.20533740520477295,0.22198958694934845,0.19150298833847046,0.007540734950453043,0.03048659861087799,0.21590712666511536,1,Moderate
pic-10-_jpg.rf.500c683a687e403f4cdade4826a84b5b.jpg,0,178,202,35956,27746,8210.0,0.6069561839103699,0.7438687682151794,0.46589395403862,0.067417673766613,0.27797481417655945,0.6982361078262329,0,Shallow
pic-10-_jpg.rf.500c683a687e403f4cdade4826a84b5b.jpg,1,90,111,9990,6666,3324.0,0.919249415397644,0.9761610627174377,0.8334663510322571,0.03563690930604935,0.14269471168518066,0.9631682634353638,0,Shallow
pic-10-_jpg.rf.500c683a687e403f4cdade4826a84b5b.jpg,2,159,73,11607,8061,3546.0,0.8183773159980774,0.9191147685050964,0.67652428150177,0.05998973920941353,0.24259048700332642,0.894623875617981,0,Shallow
pic-10-_jpg.rf.500c683a687e403f4cdade4826a84b5b.jpg,3,111,106,11766,7987,3779.0,0.4566137492656708,0.5467849373817444,0.3765062391757965,0.040449727326631546,0.17027869820594788,0.5116410851478577,1,Moderate
pic-10-_jpg.rf.500c683a687e403f4cdade4826a84b5b.jpg,4,46,88,4048,2845,1203.0,0.3099333345890045,0.3471294343471527,0.2682059705257416,0.020024267956614494,0.07892346382141113,0.3369402587413788,1,Moderate
pic-10-_jpg.rf.500c683a687e403f4cdade4826a84b5b.jpg,5,56,142,7952,4976,2976.0,0.20204287767410278,0.24534447491168976,0.1684219390153885,0.019151145592331886,0.07692253589630127,0.22961264848709106,1,Moderate
pic-10-_jpg.rf.500c683a687e403f4cdade4826a84b5b.jpg,6,130,78,10140,6419,3721.0,0.3526141941547394,0.46483418345451355,0.26068639755249023,0.04561832174658775,0.20414778590202332,0.4185851514339447,1,Moderate
pic-10-_jpg.rf.500c683a687e403f4cdade4826a84b5b.jpg,7,32,49,1568,1331,237.0,0.3602158725261688,0.3861851990222931,0.3341968357563019,0.013416886329650879,0.05198836326599121,0.3784621059894562,1,Moderate
pic-10-_jpg.rf.500c683a687e403f4cdade4826a84b5b.jpg,8,31,41,1271,854,417.0,0.3057335913181305,0.33033818006515503,0.2828247547149658,0.011520637199282646,0.04751342535018921,0.3214656710624695,1,Moderate
pic-10-_jpg.rf.500c683a687e403f4cdade4826a84b5b.jpg,9,39,36,1404,1035,369.0,0.2640223503112793,0.29641297459602356,0.23368434607982635,0.01607470028102398,0.0627286285161972,0.2855094075202942,1,Moderate
pic-10-_jpg.rf.500c683a687e403f4cdade4826a84b5b.jpg,10,25,38,950,837,113.0,0.34802407026290894,0.3681190609931946,0.32714903354644775,0.010833891108632088,0.040970027446746826,0.36278215050697327,1,Moderate
pic-10-_jpg.rf.500c683a687e403f4cdade4826a84b5b.jpg,11,40,51,2040,1162,878.0,0.44067251682281494,0.47102347016334534,0.4095262885093689,0.015373611822724342,0.06149718165397644,0.46163129806518555,1,Moderate
pic-10-_jpg.rf.500c683a687e403f4cdade4826a84b5b.jpg,12,24,40,960,756,204.0,0.27357232570648193,0.2939503788948059,0.2546800673007965,0.010177711956202984,0.0392703115940094,0.28800374269485474,1,Moderate
pic-10-_jpg.rf.500c683a687e403f4cdade4826a84b5b.jpg,13,16,30,480,367,113.0,0.22000712156295776,0.2320755273103714,0.20750361680984497,0.006466531660407782,0.024571910500526428,0.2285936027765274,1,Moderate
pic-10-_jpg.rf.500c683a687e403f4cdade4826a84b5b.jpg,14,35,49,1715,1014,701.0,0.2665784955024719,0.29458871483802795,0.24271725118160248,0.01188864465802908,0.051871463656425476,0.2829187214374542,1,Moderate
pic-10-_jpg.rf.500c683a687e403f4cdade4826a84b5b.jpg,15,33,77,2541,1705,836.0,0.12792424857616425,0.15677019953727722,0.09813492745161057,0.013476896099746227,0.058635272085666656,0.1454525887966156,1,Moderate
pic-10-_jpg.rf.500c683a687e403f4cdade4826a84b5b.jpg,16,40,64,2560,1834,726.0,0.15233753621578217,0.19185307621955872,0.12415299564599991,0.016412558034062386,0.06770008057355881,0.17589877545833588,1,Moderate
pic-10-_jpg.rf.500c683a687e403f4cdade4826a84b5b.jpg,17,22,42,924,664,260.0,0.27489063143730164,0.2932179868221283,0.25896894931793213,0.008955215103924274,0.03424903750419617,0.28733429312705994,1,Moderate
pic-10-_jpg.rf.500c683a687e403f4cdade4826a84b5b.jpg,18,43,105,4515,2406,2109.0,0.07736209034919739,0.11357173323631287,0.0405660904943943,0.015457332134246826,0.07300564274191856,0.09557028114795685,1,Moderate
pic-10-_jpg.rf.500c683a687e403f4cdade4826a84b5b.jpg,19,17,60,1020,795,225.0,0.11767260730266571,0.13115590810775757,0.10525549948215485,0.0065156240016222,0.025900408625602722,0.12684650719165802,1,Moderate
pic-10-_jpg.rf.500c683a687e403f4cdade4826a84b5b.jpg,20,22,37,814,561,253.0,0.14230488240718842,0.1628974974155426,0.12498711049556732,0.009864747524261475,0.03791038691997528,0.15618252754211426,1,Moderate
pic-10-_jpg.rf.500c683a687e403f4cdade4826a84b5b.jpg,21,17,33,561,424,137.0,0.22096507251262665,0.2374696284532547,0.20736385881900787,0.007353820838034153,0.030105769634246826,0.2312903106212616,1,Moderate
pic-10-_jpg.rf.5a901c212d899a7dc7dc78be7de892c0.jpg,0,182,216,39312,30011,9301.0,0.6346075534820557,0.7833932638168335,0.48044484853744507,0.07372856885194778,0.3029484152793884,0.7342815399169922,0,Shallow
pic-10-_jpg.rf.5a901c212d899a7dc7dc78be7de892c0.jpg,1,73,105,7665,4862,2803.0,0.9572885632514954,1.0,0.8861894011497498,0.029378769919276237,0.11381059885025024,0.9932203888893127,0,Shallow
pic-10-_jpg.rf.5a901c212d899a7dc7dc78be7de892c0.jpg,2,155,39,6045,3915,2130.0,0.8183916211128235,0.9397725462913513,0.7062410116195679,0.06059642881155014,0.23353153467178345,0.9050385355949402,0,Shallow
pic-10-_jpg.rf.5a901c212d899a7dc7dc78be7de892c0.jpg,3,111,95,10545,7651,2894.0,0.4670644700527191,0.5658593773841858,0.3840375244617462,0.04438486322760582,0.18182185292243958,0.5299170017242432,1,Moderate
pic-10-_jpg.rf.5a901c212d899a7dc7dc78be7de892c0.jpg,4,51,87,4437,3057,1380.0,0.3228601813316345,0.3634991943836212,0.27546629309654236,0.022491926327347755,0.08803290128707886,0.3532668948173523,1,Moderate
pic-10-_jpg.rf.5a901c212d899a7dc7dc78be7de892c0.jpg,5,48,151,7248,5345,1903.0,0.2033710777759552,0.24510255455970764,0.16664251685142517,0.01924259029328823,0.07846003770828247,0.23107044398784637,1,Moderate
pic-10-_jpg.rf.5a901c212d899a7dc7dc78be7de892c0.jpg,6,122,62,7564,4891,2673.0,0.3796558976173401,0.5254995226860046,0.2984789311885834,0.04514623060822487,0.22702059149742126,0.4449111819267273,1,Moderate
pic-10-_jpg.rf.5a901c212d899a7dc7dc78be7de892c0.jpg,7,33,52,1716,1437,279.0,0.37017980217933655,0.39867159724235535,0.3412131071090698,0.01474379375576973,0.05745849013328552,0.3901510238647461,1,Moderate
pic-10-_jpg.rf.5a901c212d899a7dc7dc78be7de892c0.jpg,8,30,45,1350,915,435.0,0.3071304261684418,0.33391913771629333,0.28177616000175476,0.012774095870554447,0.052142977714538574,0.324495404958725,1,Moderate
pic-10-_jpg.rf.5a901c212d899a7dc7dc78be7de892c0.jpg,9,39,41,1599,1114,485.0,0.26051774621009827,0.29542577266693115,0.2288278341293335,0.017320897430181503,0.06659793853759766,0.28340113162994385,1,Moderate
pic-10-_jpg.rf.5a901c212d899a7dc7dc78be7de892c0.jpg,10,26,42,1092,922,170.0,0.3546169400215149,0.37796807289123535,0.33178991079330444,0.012434341013431549,0.04617816209793091,0.3709241449832916,1,Moderate
pic-10-_jpg.rf.5a901c212d899a7dc7dc78be7de892c0.jpg,11,38,56,2128,1247,881.0,0.4510735869407654,0.4838287830352783,0.41798698902130127,0.016754180192947388,0.06584179401397705,0.47374439239501953,1,Moderate
pic-10-_jpg.rf.5a901c212d899a7dc7dc78be7de892c0.jpg,12,24,43,1032,811,221.0,0.27139925956726074,0.2929061949253082,0.25142771005630493,0.01068190112709999,0.041478484869003296,0.2863026261329651,1,Moderate
pic-10-_jpg.rf.5a901c212d899a7dc7dc78be7de892c0.jpg,13,15,32,480,387,93.0,0.21606886386871338,0.22922001779079437,0.20298981666564941,0.0068610976450145245,0.02623020112514496,0.22552360594272614,1,Moderate
pic-10-_jpg.rf.5a901c212d899a7dc7dc78be7de892c0.jpg,14,29,39,1131,771,360.0,0.27303919196128845,0.39654645323753357,0.24893395602703094,0.018910344690084457,0.14761249721050262,0.28911715745925903,1,Moderate
pic-10-_jpg.rf.5a901c212d899a7dc7dc78be7de892c0.jpg,15,39,79,3081,1848,1233.0,0.1227637454867363,0.15423661470413208,0.09186402708292007,0.01424565352499485,0.062372587621212006,0.14125271141529083,1,Moderate
pic-10-_jpg.rf.5a901c212d899a7dc7dc78be7de892c0.jpg,16,45,64,2880,1969,911.0,0.15958817303180695,0.2019294798374176,0.1278664618730545,0.017497217282652855,0.0740630179643631,0.18409855663776398,1,Moderate
pic-10-_jpg.rf.5a901c212d899a7dc7dc78be7de892c0.jpg,17,21,46,966,709,257.0,0.2767024636268616,0.29643306136131287,0.26057079434394836,0.009520698338747025,0.0358622670173645,0.2896018326282501,1,Moderate
pic-10-_jpg.rf.5a901c212d899a7dc7dc78be7de892c0.jpg,18,47,107,5029,2607,2422.0,0.0727839320898056,0.11159560829401016,0.037016719579696655,0.015766000375151634,0.07457888871431351,0.09130290150642395,1,Moderate
pic-10-_jpg.rf.5a901c212d899a7dc7dc78be7de892c0.jpg,19,16,63,1008,830,178.0,0.1141384169459343,0.1272830069065094,0.10132880508899689,0.00660752784460783,0.025954201817512512,0.12368693202733994,1,Moderate
pic-10-_jpg.rf.5a901c212d899a7dc7dc78be7de892c0.jpg,20,26,36,936,623,313.0,0.14199234545230865,0.16376008093357086,0.12228255718946457,0.010787878185510635,0.04147752374410629,0.15730111300945282,1,Moderate
pic-10-_jpg.rf.5a901c212d899a7dc7dc78be7de892c0.jpg,21,19,35,665,470,195.0,0.21971739828586578,0.2362828403711319,0.20520339906215668,0.007564452942460775,0.03107944130897522,0.22983908653259277,1,Moderate
pic-100-_jpg.rf.17047bb032a49c96643c5f2108bb99dd.jpg,0,162,325,52650,35705,16945.0,0.3338282108306885,0.4791092872619629,0.2308245152235031,0.05857396498322487,0.24828477203845978,0.41894686222076416,1,Moderate
pic-100-_jpg.rf.17047bb032a49c96643c5f2108bb99dd.jpg,1,226,148,33448,26547,6901.0,0.6023523211479187,0.7984440922737122,0.45314905047416687,0.07598569989204407,0.3452950417995453,0.7052487134933472,0,Shallow
pic-100-_jpg.rf.8c9076ee84698f90f04765f4e794a819.jpg,0,172,344,59168,41557,17611.0,0.3482472598552704,0.5132449865341187,0.2374117374420166,0.06612490862607956,0.27583324909210205,0.4457685947418213,1,Moderate
pic-100-_jpg.rf.8c9076ee84698f90f04765f4e794a819.jpg,1,245,163,39935,29627,10308.0,0.6490321159362793,0.8395206928253174,0.5007827281951904,0.07302191108465195,0.33873796463012695,0.7493606209754944,0,Shallow
pic-100-_jpg.rf.ebc3af260e989e6f9e1e9221b9dff6b0.jpg,0,176,348,61248,41131,20117.0,0.3076826333999634,0.4597243070602417,0.2004459947347641,0.062305204570293427,0.2592783123254776,0.39893361926078796,1,Moderate
pic-100-_jpg.rf.ebc3af260e989e6f9e1e9221b9dff6b0.jpg,1,241,117,28197,24301,3896.0,0.5770478844642639,0.7895303964614868,0.4365593194961548,0.07476260513067245,0.35297107696533203,0.6799643635749817,0,Shallow
pic-101-_jpg.rf.1e32a49f89a38974ded11bba8dd3e56b.jpg,0,93,480,44640,33776,10864.0,0.5122055411338806,0.9768285155296326,0.44573432207107544,0.05057070031762123,0.5310941934585571,0.5619426369667053,0,Shallow
pic-101-_jpg.rf.1e32a49f89a38974ded11bba8dd3e56b.jpg,1,38,82,3116,2327,789.0,0.3055882751941681,0.3381771147251129,0.27435776591300964,0.01577809266746044,0.06381934881210327,0.32786962389945984,1,Moderate
pic-101-_jpg.rf.4abe48a3d2a5e556908bf4286446e5ce.jpg,0,83,474,39342,30695,8647.0,0.6752385497093201,0.7834566235542297,0.593283474445343,0.04701642319560051,0.19017314910888672,0.7410788536071777,0,Shallow
pic-101-_jpg.rf.4abe48a3d2a5e556908bf4286446e5ce.jpg,1,35,76,2660,1985,675.0,0.4162069261074066,0.4593310058116913,0.37606725096702576,0.02063624933362007,0.08326375484466553,0.4451444447040558,1,Moderate
pic-101-_jpg.rf.8380b58f6540ec91db66934b342f7f9e.jpg,0,135,471,63585,31285,32300.0,0.6569436192512512,0.7666991353034973,0.571958065032959,0.0485604926943779,0.19474107027053833,0.7250180840492249,0,Shallow
pic-101-_jpg.rf.8380b58f6540ec91db66934b342f7f9e.jpg,1,38,76,2888,2002,886.0,0.39020970463752747,0.43313848972320557,0.34831029176712036,0.020773008465766907,0.0848281979560852,0.41927576065063477,1,Moderate
pic-102-_jpg.rf.bb6db5bdb59d1a6af15b0a0b565a3cdb.jpg,0,286,357,102102,82026,20076.0,0.33904531598091125,0.6105104684829712,0.12885667383670807,0.126993328332901,0.4816537946462631,0.5235981941223145,0,Shallow
pic-102-_jpg.rf.cd0b0b3a64e3a11005884c98c1f6c3aa.jpg,0,267,334,89178,72390,16788.0,0.3910161554813385,0.6089431643486023,0.19122876226902008,0.11378847807645798,0.4177144020795822,0.549872875213623,0,Shallow
pic-102-_jpg.rf.df35bf045672f19a05f84a8c365dab3a.jpg,0,274,322,88228,70482,17746.0,0.4198029339313507,0.6259692311286926,0.2167491316795349,0.10717836767435074,0.4092200994491577,0.5672949552536011,0,Shallow
pic-103-_jpg.rf.26017e20e92320bcde575710389353b1.jpg,0,141,230,32430,24782,7648.0,0.5204554796218872,0.6472604870796204,0.4578630030155182,0.04654906690120697,0.18939748406410217,0.5923981070518494,0,Shallow
pic-103-_jpg.rf.4fa35472ae606aca56d49966dc91b5b6.jpg,0,119,211,25109,20415,4694.0,0.5000016689300537,0.5990463495254517,0.4444412589073181,0.03881917893886566,0.15460509061813354,0.5584893822669983,0,Shallow
pic-103-_jpg.rf.e204fd0f4f80094ec52c54c31ab06db0.jpg,0,136,235,31960,25717,6243.0,0.5473060607910156,0.660362958908081,0.4760861396789551,0.04835396632552147,0.18427681922912598,0.620204508304596,0,Shallow
pic-104-_jpg.rf.117ec7cfcc77d6e6f80130934b1d5aa1.jpg,0,227,259,58793,36095,22698.0,0.5446389317512512,0.7493541836738586,0.3230299651622772,0.10017040371894836,0.4263242185115814,0.6775373220443726,0,Shallow
pic-104-_jpg.rf.117ec7cfcc77d6e6f80130934b1d5aa1.jpg,1,91,82,7462,5386,2076.0,0.6609768271446228,0.7491104602813721,0.5816243290901184,0.040730249136686325,0.16748613119125366,0.717347264289856,0,Shallow
pic-104-_jpg.rf.117ec7cfcc77d6e6f80130934b1d5aa1.jpg,2,61,100,6100,4467,1633.0,0.5966445803642273,0.6560770273208618,0.5456965565681458,0.02706582471728325,0.11038047075271606,0.6349505186080933,0,Shallow
pic-104-_jpg.rf.117ec7cfcc77d6e6f80130934b1d5aa1.jpg,3,79,87,6873,3525,3348.0,0.44699329137802124,0.5230148434638977,0.37512511014938354,0.03644318878650665,0.14788973331451416,0.49548637866973877,1,Moderate
pic-104-_jpg.rf.117ec7cfcc77d6e6f80130934b1d5aa1.jpg,4,69,143,9867,4603,5264.0,0.4805230498313904,0.5469042658805847,0.4140591025352478,0.030314220115542412,0.13284516334533691,0.5216543674468994,1,Moderate
pic-104-_jpg.rf.117ec7cfcc77d6e6f80130934b1d5aa1.jpg,5,47,56,2632,1508,1124.0,0.3492644131183624,0.39425280690193176,0.30588772892951965,0.020519036799669266,0.08836507797241211,0.3771403431892395,1,Moderate
pic-104-_jpg.rf.e4efc52e048da0b6918c135b1bd39962.jpg,0,254,254,64516,40271,24245.0,0.6142501831054688,0.845011293888092,0.364218145608902,0.11386671662330627,0.48079314827919006,0.7649828791618347,0,Shallow
pic-104-_jpg.rf.e4efc52e048da0b6918c135b1bd39962.jpg,1,94,90,8460,5969,2491.0,0.7007540464401245,0.7929470539093018,0.6192713379859924,0.041784677654504776,0.17367571592330933,0.7588154673576355,0,Shallow
pic-104-_jpg.rf.e4efc52e048da0b6918c135b1bd39962.jpg,2,63,106,6678,4973,1705.0,0.6099379658699036,0.670437216758728,0.5627536177635193,0.026809167116880417,0.10768359899520874,0.6478490233421326,0,Shallow
pic-104-_jpg.rf.e4efc52e048da0b6918c135b1bd39962.jpg,3,73,100,7300,3918,3382.0,0.4753575026988983,0.5555798411369324,0.39614251255989075,0.03923724591732025,0.15943732857704163,0.526104748249054,1,Moderate
pic-104-_jpg.rf.e4efc52e048da0b6918c135b1bd39962.jpg,4,45,154,6930,5011,1919.0,0.4852087199687958,0.5710328221321106,0.42294618487358093,0.028320245444774628,0.14808663725852966,0.5230852961540222,1,Moderate
pic-104-_jpg.rf.e4efc52e048da0b6918c135b1bd39962.jpg,5,43,62,2666,1696,970.0,0.3556956946849823,0.40567463636398315,0.30869778990745544,0.022163311019539833,0.09697684645652771,0.3860422372817993,1,Moderate
pic-104-_jpg.rf.f986cb78d75fc164de95ac33c56d9474.jpg,0,221,270,59670,37360,22310.0,0.5537546277046204,0.7634997367858887,0.3221374452114105,0.1037377342581749,0.44136229157447815,0.6915706396102905,0,Shallow
pic-104-_jpg.rf.f986cb78d75fc164de95ac33c56d9474.jpg,1,93,79,7347,5555,1792.0,0.6679890751838684,0.7594497799873352,0.5853193402290344,0.04200658202171326,0.17413043975830078,0.7265124917030334,0,Shallow
pic-104-_jpg.rf.f986cb78d75fc164de95ac33c56d9474.jpg,2,64,100,6400,4565,1835.0,0.5924696922302246,0.6534389853477478,0.5425046682357788,0.027191095054149628,0.110934317111969,0.6310407519340515,0,Shallow
pic-104-_jpg.rf.f986cb78d75fc164de95ac33c56d9474.jpg,3,84,82,6888,3649,3239.0,0.4466555714607239,0.524661660194397,0.37186959385871887,0.03773907199501991,0.1527920663356781,0.49664169549942017,1,Moderate
pic-104-_jpg.rf.f986cb78d75fc164de95ac33c56d9474.jpg,4,84,135,11340,4792,6548.0,0.47452738881111145,0.5913823246955872,0.4048648476600647,0.03225422650575638,0.18651747703552246,0.5172873139381409,0,Shallow
pic-104-_jpg.rf.f986cb78d75fc164de95ac33c56d9474.jpg,5,51,54,2754,1553,1201.0,0.33974000811576843,0.3871387541294098,0.2937402129173279,0.02139764279127121,0.09339854121208191,0.3687456250190735,1,Moderate
pic-105-_jpg.rf.0b52d3fe11f0b249a5eb2f14a8f0a14f.jpg,0,96,283,27168,18790,8378.0,0.4590483009815216,0.5785492062568665,0.35782361030578613,0.07402494549751282,0.22072559595108032,0.5717273354530334,0,Shallow
pic-105-_jpg.rf.0ce0939aec2bb2ab235addf64d130914.jpg,0,84,267,22428,16793,5635.0,0.5306585431098938,0.6740411520004272,0.40727245807647705,0.08880659937858582,0.2667686939239502,0.6657924652099609,0,Shallow
pic-105-_jpg.rf.859bee21c8abeda9bc4ef41da6d2d0bf.jpg,0,105,286,30030,20190,9840.0,0.5169637203216553,0.6534358859062195,0.38908207416534424,0.09156760573387146,0.26435381174087524,0.6483216881752014,0,Shallow
pic-106-_jpg.rf.0cbfb7193cdb49723d65f538678e22d2.jpg,0,417,554,231018,147767,83251.0,0.5247125625610352,0.8585516214370728,0.2080945074558258,0.13448172807693481,0.650457113981247,0.6995212435722351,2,Deep
pic-106-_jpg.rf.ac62ec1fab28b4344978edf35e9d2f3b.jpg,0,431,577,248687,159651,89036.0,0.5323736667633057,0.8581545948982239,0.21219953894615173,0.13652533292770386,0.6459550559520721,0.7114934325218201,2,Deep
pic-106-_jpg.rf.e4becd5b84615a7550986c2835dc285e.jpg,0,389,560,217840,154582,63258.0,0.5585168600082397,0.8922882080078125,0.22741585969924927,0.14013364911079407,0.6648723483085632,0.7404179573059082,2,Deep
pic-107-_jpg.rf.03fc77860b4af0df70c5ab46db783441.jpg,0,186,449,83514,65756,17758.0,0.3560985028743744,0.5550551414489746,0.264244019985199,0.06320377439260483,0.29081112146377563,0.46650567650794983,0,Shallow
pic-107-_jpg.rf.3553f8919ce95633136ebe837864a734.jpg,0,183,440,80520,63100,17420.0,0.3573567271232605,0.5529980063438416,0.26787519454956055,0.0614330880343914,0.285122811794281,0.4600657820701599,0,Shallow
pic-107-_jpg.rf.f0ad7fbe0407cb85527525e503913079.jpg,0,200,493,98600,79285,19315.0,0.33044347167015076,0.562872588634491,0.21820351481437683,0.0719912052154541,0.34466907382011414,0.4453481137752533,0,Shallow
pic-108-_jpg.rf.0a11aa9e03c7bce050328b7bb2341bad.jpg,0,79,51,4029,2645,1384.0,0.41499003767967224,0.47644999623298645,0.3512456715106964,0.029821980744600296,0.12520432472229004,0.45633628964424133,1,Moderate
pic-108-_jpg.rf.0a11aa9e03c7bce050328b7bb2341bad.jpg,1,46,70,3220,2007,1213.0,0.557247519493103,0.5943535566329956,0.5231446623802185,0.017563411965966225,0.0712088942527771,0.5811694860458374,0,Shallow
pic-108-_jpg.rf.0a11aa9e03c7bce050328b7bb2341bad.jpg,2,490,44,21560,13496,8064.0,0.6333421468734741,0.978870153427124,0.1909129023551941,0.22254088521003723,0.7879572510719299,0.9151920080184937,0,Shallow
pic-108-_jpg.rf.0a11aa9e03c7bce050328b7bb2341bad.jpg,3,54,55,2970,2305,665.0,0.2829354405403137,0.3292933702468872,0.2451486438512802,0.021120628342032433,0.084144726395607,0.31334152817726135,1,Moderate
pic-108-_jpg.rf.0a11aa9e03c7bce050328b7bb2341bad.jpg,4,31,33,1023,921,102.0,0.2123882919549942,0.23889942467212677,0.1891220510005951,0.012997101992368698,0.04977737367153168,0.2302081137895584,1,Moderate
pic-108-_jpg.rf.0a11aa9e03c7bce050328b7bb2341bad.jpg,5,28,32,896,596,300.0,0.14828459918498993,0.1685882955789566,0.1229814887046814,0.01182609610259533,0.04560680687427521,0.1638678014278412,1,Moderate
pic-108-_jpg.rf.1dee3ebe35fda326931fb1a1a3162f56.jpg,0,85,50,4250,2956,1294.0,0.31225743889808655,0.36027076840400696,0.25982099771499634,0.024238895624876022,0.10044977068901062,0.34583282470703125,1,Moderate
pic-108-_jpg.rf.1dee3ebe35fda326931fb1a1a3162f56.jpg,1,40,78,3120,2221,899.0,0.43233755230903625,0.4602896273136139,0.4065680503845215,0.013533294200897217,0.05372157692909241,0.4504251182079315,1,Moderate
pic-108-_jpg.rf.1dee3ebe35fda326931fb1a1a3162f56.jpg,2,482,183,88206,14990,73216.0,0.4764735996723175,0.7395306825637817,0.1355908066034317,0.1719161719083786,0.60393987596035,0.6927086114883423,0,Shallow
pic-108-_jpg.rf.1dee3ebe35fda326931fb1a1a3162f56.jpg,3,57,57,3249,2548,701.0,0.2087772935628891,0.2447134256362915,0.17951810359954834,0.016201796010136604,0.06519532203674316,0.2320481538772583,1,Moderate
pic-108-_jpg.rf.1dee3ebe35fda326931fb1a1a3162f56.jpg,4,32,38,1216,1023,193.0,0.151876300573349,0.17253103852272034,0.1338869035243988,0.009979750961065292,0.03864413499832153,0.16583409905433655,1,Moderate
pic-108-_jpg.rf.1dee3ebe35fda326931fb1a1a3162f56.jpg,5,34,27,918,660,258.0,0.10291305184364319,0.11814243346452713,0.0834912359714508,0.008974085561931133,0.034651197493076324,0.11468136310577393,1,Moderate
pic-108-_jpg.rf.539074c8d5134b846ed4b34e66362766.jpg,0,79,47,3713,2527,1186.0,0.41081273555755615,0.46575576066970825,0.35357895493507385,0.02696213126182556,0.1121768057346344,0.44850942492485046,1,Moderate
pic-108-_jpg.rf.539074c8d5134b846ed4b34e66362766.jpg,1,38,71,2698,1914,784.0,0.5432614088058472,0.5750330090522766,0.5133681893348694,0.015454682521522045,0.06166481971740723,0.5638403296470642,1,Moderate
pic-108-_jpg.rf.539074c8d5134b846ed4b34e66362766.jpg,2,468,116,54288,12974,41314.0,0.6002175211906433,0.903801679611206,0.20908983051776886,0.1949632316827774,0.6947118490934372,0.8481080532073975,0,Shallow
pic-108-_jpg.rf.539074c8d5134b846ed4b34e66362766.jpg,3,52,53,2756,2242,514.0,0.2934722900390625,0.33411705493927,0.25845828652381897,0.019161855801939964,0.07565876841545105,0.32059013843536377,1,Moderate
pic-108-_jpg.rf.539074c8d5134b846ed4b34e66362766.jpg,4,30,34,1020,858,162.0,0.22984427213668823,0.2549602687358856,0.2083323448896408,0.01186596229672432,0.04662792384624481,0.24620632827281952,1,Moderate
pic-108-_jpg.rf.539074c8d5134b846ed4b34e66362766.jpg,5,28,27,756,556,200.0,0.1690477877855301,0.18722842633724213,0.1461709886789322,0.010471342131495476,0.041057437658309937,0.1829460710287094,1,Moderate
pic-109-_jpg.rf.04274b3be06ee972e8900a1875f45611.jpg,0,425,304,129200,94165,35035.0,0.4152061939239502,0.7801498174667358,0.1528584063053131,0.15332849323749542,0.6272914111614227,0.6416969299316406,2,Deep
pic-109-_jpg.rf.b84c3f664bd7ae818c9af8fb6bc95a9c.jpg,0,366,356,130296,94426,35870.0,0.4502343535423279,0.8057222366333008,0.18464519083499908,0.15157613158226013,0.6210770457983017,0.6677269339561462,2,Deep
pic-109-_jpg.rf.de4b44ded5874999731e65adcf907536.jpg,0,368,301,110768,82784,27984.0,0.45717930793762207,0.709998369216919,0.2525671422481537,0.11496912688016891,0.45743122696876526,0.6184736490249634,2,Deep
pic-11-_jpg.rf.39503b2272330e0dd57ffe9fc6ed720e.jpg,0,184,524,96416,67247,29169.0,0.8082273602485657,0.9745123386383057,0.6164495348930359,0.0912177637219429,0.3580628037452698,0.9279195666313171,0,Shallow
pic-11-_jpg.rf.489d3c93901c3240d87b78333702d26c.jpg,0,174,616,107184,77907,29277.0,0.8243963718414307,0.9892577528953552,0.6329105496406555,0.08872886747121811,0.3563472032546997,0.9409424662590027,2,Deep
pic-11-_jpg.rf.7bf3ce1997b0a5d878ad6fabe1e5772a.jpg,0,185,617,114145,83289,30856.0,0.7154845595359802,0.9686926007270813,0.5282235145568848,0.09668485820293427,0.44046908617019653,0.8439285755157471,2,Deep
pic-110-_jpg.rf.c61b825409e38c7651bca32e1d9680b5.jpg,0,144,319,45936,34030,11906.0,0.5410937666893005,0.6653406620025635,0.42591559886932373,0.05687720328569412,0.23942506313323975,0.6196449995040894,0,Shallow
pic-110-_jpg.rf.c9150ba543315705a5bb08654144ccf9.jpg,0,128,306,39168,30692,8476.0,0.5400713682174683,0.6436871290206909,0.44022414088249207,0.049350328743457794,0.20346298813819885,0.6076432466506958,0,Shallow
pic-110-_jpg.rf.ddb9b30f00ca7dfad4235fcd67610a9b.jpg,0,155,335,51925,38394,13531.0,0.5279941558837891,0.656989574432373,0.416299045085907,0.05811949446797371,0.24069052934646606,0.6095885038375854,0,Shallow
pic-111-_jpg.rf.39065e4e7f12e6c9d4e829f9df001cec.jpg,0,132,243,32076,24524,7552.0,0.6498602032661438,0.7150153517723083,0.5655933618545532,0.03748973831534386,0.14942198991775513,0.6979093551635742,0,Shallow
pic-111-_jpg.rf.39065e4e7f12e6c9d4e829f9df001cec.jpg,1,80,197,15760,13062,2698.0,0.4888119101524353,0.5345384478569031,0.4424707591533661,0.02361147664487362,0.09206768870353699,0.5208563804626465,1,Moderate
pic-111-_jpg.rf.39065e4e7f12e6c9d4e829f9df001cec.jpg,2,58,105,6090,4644,1446.0,0.36957722902297974,0.4034441113471985,0.33513548970222473,0.01748056896030903,0.06830862164497375,0.39360058307647705,1,Moderate
pic-111-_jpg.rf.39065e4e7f12e6c9d4e829f9df001cec.jpg,3,48,104,4992,3532,1460.0,0.3196858763694763,0.350141704082489,0.2950492799282074,0.013548149727284908,0.055092424154281616,0.33853915333747864,1,Moderate
pic-111-_jpg.rf.39065e4e7f12e6c9d4e829f9df001cec.jpg,4,40,173,6920,4785,2135.0,0.2550383508205414,0.27489155530929565,0.2313872128725052,0.010417583398520947,0.043504342436790466,0.2690407335758209,1,Moderate
pic-111-_jpg.rf.39065e4e7f12e6c9d4e829f9df001cec.jpg,5,39,81,3159,2334,825.0,0.16615423560142517,0.18966391682624817,0.14521560072898865,0.010589100420475006,0.04444831609725952,0.18085899949073792,1,Moderate
pic-111-_jpg.rf.3a38a17ad93dbe166ddcc54aae67d206.jpg,0,163,222,36186,27357,8829.0,0.8660898804664612,0.9790850877761841,0.7310864925384521,0.06272254884243011,0.24799859523773193,0.9500045776367188,0,Shallow
pic-111-_jpg.rf.3a38a17ad93dbe166ddcc54aae67d206.jpg,1,72,177,12744,10665,2079.0,0.6398719549179077,0.6959461569786072,0.5861935019493103,0.028552304953336716,0.10975265502929688,0.6790695786476135,0,Shallow
pic-111-_jpg.rf.3a38a17ad93dbe166ddcc54aae67d206.jpg,2,51,94,4794,3744,1050.0,0.49404171109199524,0.5339558124542236,0.45423609018325806,0.020419325679540634,0.07971972227096558,0.5219632983207703,1,Moderate
pic-111-_jpg.rf.3a38a17ad93dbe166ddcc54aae67d206.jpg,3,43,94,4042,2868,1174.0,0.43853241205215454,0.47515231370925903,0.40767231583595276,0.01652686670422554,0.06747999787330627,0.4615035951137543,1,Moderate
pic-111-_jpg.rf.3a38a17ad93dbe166ddcc54aae67d206.jpg,4,36,155,5580,3968,1612.0,0.3619585931301117,0.3889448344707489,0.3333362936973572,0.012957777827978134,0.055608540773391724,0.3793768584728241,1,Moderate
pic-111-_jpg.rf.3a38a17ad93dbe166ddcc54aae67d206.jpg,5,36,74,2664,1941,723.0,0.24219529330730438,0.2728520631790161,0.2168191820383072,0.013429965823888779,0.05603288114070892,0.2606840133666992,1,Moderate
pic-111-_jpg.rf.748bde6c84a85700fe3e4a8ad8e5c83c.jpg,0,152,248,37696,28335,9361.0,0.8132825493812561,0.9097302556037903,0.6948705911636353,0.05289846658706665,0.21485966444015503,0.8821046352386475,0,Shallow
pic-111-_jpg.rf.748bde6c84a85700fe3e4a8ad8e5c83c.jpg,1,85,195,16575,12978,3597.0,0.607863187789917,0.6673118472099304,0.551802396774292,0.02923487313091755,0.11550945043563843,0.6484476923942566,0,Shallow
pic-111-_jpg.rf.748bde6c84a85700fe3e4a8ad8e5c83c.jpg,2,63,102,6426,4596,1830.0,0.45788899064064026,0.5013548731803894,0.41602033376693726,0.021354153752326965,0.08533453941345215,0.4875255823135376,1,Moderate
pic-111-_jpg.rf.748bde6c84a85700fe3e4a8ad8e5c83c.jpg,3,53,102,5406,3524,1882.0,0.40532055497169495,0.44495683908462524,0.3720809519290924,0.01747961714863777,0.07287588715553284,0.42976662516593933,1,Moderate
pic-111-_jpg.rf.748bde6c84a85700fe3e4a8ad8e5c83c.jpg,4,48,169,8112,4863,3249.0,0.3291134834289551,0.3572675585746765,0.29898709058761597,0.013958971947431564,0.05828046798706055,0.34767699241638184,1,Moderate
pic-111-_jpg.rf.748bde6c84a85700fe3e4a8ad8e5c83c.jpg,5,38,81,3078,2316,762.0,0.20684626698493958,0.23612073063850403,0.18254166841506958,0.012791020795702934,0.05357906222343445,0.2247008979320526,1,Moderate
pic-112-_jpg.rf.3d443fe242b14e97a21264faecffde8c.jpg,0,128,304,38912,20207,18705.0,0.22331322729587555,0.31359708309173584,0.13714726269245148,0.041319604963064194,0.17644982039928436,0.280927836894989,1,Moderate
pic-112-_jpg.rf.3d443fe242b14e97a21264faecffde8c.jpg,1,119,334,39746,27787,11959.0,0.3516094982624054,0.4505775272846222,0.27571359276771545,0.03914513811469078,0.17486393451690674,0.4114037752151489,1,Moderate
pic-112-_jpg.rf.565a4282cf6d23cbb37f3ee73567ec2b.jpg,0,124,285,35340,17679,17661.0,0.27411749958992004,0.3674418330192566,0.179804727435112,0.04260231554508209,0.1876371055841446,0.33337917923927307,1,Moderate
pic-112-_jpg.rf.565a4282cf6d23cbb37f3ee73567ec2b.jpg,1,107,338,36166,26520,9646.0,0.40189531445503235,0.497465580701828,0.32499852776527405,0.04220176115632057,0.17246705293655396,0.46525710821151733,1,Moderate
pic-112-_jpg.rf.a0296021fd4252e341077743b0990cb8.jpg,0,94,303,28482,18642,9840.0,0.21189908683300018,0.32850417494773865,0.10364628583192825,0.05394258350133896,0.2248578891158104,0.2882416844367981,1,Moderate
pic-112-_jpg.rf.a0296021fd4252e341077743b0990cb8.jpg,1,154,322,49588,26665,22923.0,0.345276802778244,0.5827933549880981,0.24464534223079681,0.05078316852450371,0.33814801275730133,0.4173905551433563,0,Shallow
pic-113-_jpg.rf.59ab5bd4ba9f0202cd15f82e7109fc77.jpg,0,203,266,53998,18157,35841.0,0.6893511414527893,0.8606486320495605,0.4787853956222534,0.09972642362117767,0.38186323642730713,0.8070054650306702,0,Shallow
pic-113-_jpg.rf.b8d031ce65af24e0b5e80cab8723335b.jpg,0,124,307,38068,17391,20677.0,0.6357906460762024,0.7926899194717407,0.44671499729156494,0.0922185629606247,0.3459749221801758,0.7439802885055542,0,Shallow
pic-113-_jpg.rf.dfebb14b79daa214f3f87995192a85ae.jpg,0,146,268,39128,15201,23927.0,0.6088889241218567,0.7706539630889893,0.4273107051849365,0.08929925411939621,0.34334325790405273,0.7150617837905884,0,Shallow
pic-115-_jpg.rf.1da712be935af009c0a9e04f0276f225.jpg,0,400,499,199600,154070,45530.0,0.5421874523162842,0.7702924013137817,0.28414586186408997,0.117149218916893,0.4861465394496918,0.6900761723518372,2,Deep
pic-115-_jpg.rf.2ac2c551c23ad08dd5599f320c8dd310.jpg,0,396,472,186912,139790,47122.0,0.5496633052825928,0.7523852586746216,0.3165077269077301,0.1021040752530098,0.4358775317668915,0.6816504597663879,2,Deep
pic-115-_jpg.rf.a808c9e7b2121bd93dbc59332a6d12cb.jpg,0,381,466,177546,133772,43774.0,0.5047351121902466,0.753309428691864,0.3124295771121979,0.10387120395898819,0.44087985157966614,0.6540027260780334,2,Deep
pic-117-_jpg.rf.23537a5a480ec24a62b83163a80c4db3.jpg,0,213,445,94785,65444,29341.0,0.7326860427856445,0.9611343741416931,0.5696148872375488,0.0986102893948555,0.3915194869041443,0.8738420605659485,0,Shallow
pic-117-_jpg.rf.8e6e071e8f8e9e9d6f84a1f35766ebf0.jpg,0,190,488,92720,59720,33000.0,0.7464996576309204,0.9853135943412781,0.6081704497337341,0.09285549819469452,0.37714314460754395,0.8790497183799744,0,Shallow
pic-117-_jpg.rf.a5e887bf3c2428e83a81dc48e4f80b0e.jpg,0,218,434,94612,66997,27615.0,0.6883705258369446,0.8837479948997498,0.5340285301208496,0.09468201547861099,0.34971946477890015,0.8253041505813599,0,Shallow
pic-118-_jpg.rf.8beeeda1ce5f8d0cf75e8634f45e6e7e.jpg,0,69,110,7590,6125,1465.0,0.8855798840522766,0.956110417842865,0.8126762509346008,0.03663412481546402,0.14343416690826416,0.9344340562820435,0,Shallow
pic-118-_jpg.rf.8beeeda1ce5f8d0cf75e8634f45e6e7e.jpg,1,48,74,3552,2952,600.0,0.6734787225723267,0.7235007286071777,0.6245269179344177,0.02511253021657467,0.09897381067276001,0.7080249190330505,0,Shallow
pic-118-_jpg.rf.8beeeda1ce5f8d0cf75e8634f45e6e7e.jpg,2,159,253,40227,25055,15172.0,0.5766805410385132,0.7338204383850098,0.43946313858032227,0.07005541026592255,0.2943572998046875,0.6763163805007935,0,Shallow
pic-118-_jpg.rf.aa2953e739d235b2eddafdea4a1dab6e.jpg,0,70,111,7770,6275,1495.0,0.903382420539856,0.9729292392730713,0.829576313495636,0.03613392263650894,0.1433529257774353,0.9512436389923096,0,Shallow
pic-118-_jpg.rf.aa2953e739d235b2eddafdea4a1dab6e.jpg,1,48,76,3648,3066,582.0,0.693483829498291,0.7468553781509399,0.6426653861999512,0.026024501770734787,0.10418999195098877,0.7293459177017212,0,Shallow
pic-118-_jpg.rf.aa2953e739d235b2eddafdea4a1dab6e.jpg,2,157,261,40977,25895,15082.0,0.5871185064315796,0.7451048493385315,0.45103999972343445,0.07017014920711517,0.29406484961509705,0.6876094341278076,0,Shallow
pic-118-_jpg.rf.cf3c2b75ffec6c9e27d18a6b98b67bf9.jpg,0,69,104,7176,5544,1632.0,0.8667626976966858,0.9363476037979126,0.795482873916626,0.03564850240945816,0.14086472988128662,0.9146371483802795,0,Shallow
pic-118-_jpg.rf.cf3c2b75ffec6c9e27d18a6b98b67bf9.jpg,1,46,70,3220,2649,571.0,0.6668707132339478,0.7138835191726685,0.6213982701301575,0.023547714576125145,0.09248524904251099,0.6998558044433594,0,Shallow
pic-118-_jpg.rf.cf3c2b75ffec6c9e27d18a6b98b67bf9.jpg,2,137,250,34250,22806,11444.0,0.5745176076889038,0.7234423756599426,0.44844159483909607,0.06634803861379623,0.27500078082084656,0.6694723963737488,0,Shallow
pic-119-_jpg.rf.4871608ed18b586f1e4e5f2e440b1320.jpg,0,161,198,31878,23653,8225.0,0.5340941548347473,0.666759729385376,0.4319552779197693,0.05747360736131668,0.2348044514656067,0.6159037351608276,0,Shallow
pic-119-_jpg.rf.8c7abcd78dd1d16256589acaf80a4182.jpg,0,150,194,29100,22395,6705.0,0.4969387948513031,0.6353281140327454,0.4013431966304779,0.05718681216239929,0.23398491740226746,0.5779231190681458,0,Shallow
pic-119-_jpg.rf.efb59ea51e49ee98c39fcda52e3b6389.jpg,0,142,185,26270,20507,5763.0,0.47637391090393066,0.5977115631103516,0.3924190104007721,0.05103519186377525,0.20529255270957947,0.5490924119949341,0,Shallow
pic-12-_jpg.rf.3145a5860685e71bb38756743d8c5132.jpg,0,208,564,117312,80708,36604.0,0.8164673447608948,0.970626175403595,0.7167612910270691,0.061871662735939026,0.2538648843765259,0.910892903804779,2,Deep
pic-12-_jpg.rf.3145a5860685e71bb38756743d8c5132.jpg,1,103,240,24720,17508,7212.0,0.3844582140445709,0.4580927789211273,0.33844229578971863,0.02942998893558979,0.11965048313140869,0.4279715120792389,1,Moderate
pic-12-_jpg.rf.3145a5860685e71bb38756743d8c5132.jpg,2,49,87,4263,2318,1945.0,0.33255913853645325,0.3649402856826782,0.3103451430797577,0.0115045215934515,0.05459514260292053,0.34948328137397766,1,Moderate
pic-12-_jpg.rf.3145a5860685e71bb38756743d8c5132.jpg,3,119,197,23443,15705,7738.0,0.14555126428604126,0.26579686999320984,0.07086627185344696,0.04847167059779167,0.19493059813976288,0.21571119129657745,1,Moderate
pic-12-_jpg.rf.3145a5860685e71bb38756743d8c5132.jpg,4,37,100,3700,2221,1479.0,0.04839446395635605,0.06805883347988129,0.02713083289563656,0.010037184692919254,0.04092800058424473,0.061951447278261185,1,Moderate
pic-12-_jpg.rf.40ca7474661c6928638675cb6b4f648f.jpg,0,211,537,113307,90559,22748.0,0.7692739367485046,0.9651464819908142,0.6571369767189026,0.06510693579912186,0.3080095052719116,0.8605476021766663,2,Deep
pic-12-_jpg.rf.40ca7474661c6928638675cb6b4f648f.jpg,1,91,230,20930,15907,5023.0,0.37739822268486023,0.44375723600387573,0.3373652696609497,0.026373781263828278,0.10639196634292603,0.41742852330207825,1,Moderate
pic-12-_jpg.rf.40ca7474661c6928638675cb6b4f648f.jpg,2,42,84,3528,2102,1426.0,0.32831016182899475,0.3586321473121643,0.3073611259460449,0.01080241333693266,0.051271021366119385,0.34371417760849,1,Moderate
pic-12-_jpg.rf.40ca7474661c6928638675cb6b4f648f.jpg,3,114,184,20976,14205,6771.0,0.16819511353969574,0.27447718381881714,0.09628592431545258,0.04350261390209198,0.17819125950336456,0.23114120960235596,1,Moderate
pic-12-_jpg.rf.40ca7474661c6928638675cb6b4f648f.jpg,4,28,95,2660,2017,643.0,0.07878626137971878,0.09566038846969604,0.05663223937153816,0.009149239398539066,0.03902814909815788,0.09030888229608536,1,Moderate
pic-12-_jpg.rf.f538915b42230d73cd5e22bcb4b06ce6.jpg,0,199,551,109649,65890,43759.0,0.8389667272567749,0.9590305089950562,0.7269546389579773,0.0528503954410553,0.23207587003707886,0.9099431037902832,0,Shallow
pic-12-_jpg.rf.f538915b42230d73cd5e22bcb4b06ce6.jpg,1,116,238,27608,18241,9367.0,0.3979960083961487,0.48846641182899475,0.3416484594345093,0.03231004998087883,0.14681795239448547,0.4453973174095154,1,Moderate
pic-12-_jpg.rf.f538915b42230d73cd5e22bcb4b06ce6.jpg,2,57,83,4731,2386,2345.0,0.3965182304382324,0.43966254591941833,0.3582516312599182,0.018825195729732513,0.08141091465950012,0.4228665232658386,1,Moderate
pic-12-_jpg.rf.f538915b42230d73cd5e22bcb4b06ce6.jpg,3,123,205,25215,16306,8909.0,0.16641002893447876,0.2849730849266052,0.08658140152692795,0.04797174409031868,0.19839168339967728,0.23494422435760498,1,Moderate
pic-12-_jpg.rf.f538915b42230d73cd5e22bcb4b06ce6.jpg,4,44,98,4312,2303,2009.0,0.04779115319252014,0.0716966763138771,0.023343881592154503,0.01104906015098095,0.0483527947217226,0.06296563893556595,1,Moderate
pic-121-_jpg.rf.292a7daa7fa877194720b879161d8c40.jpg,0,408,400,163200,108795,54405.0,0.3862178325653076,0.9708735346794128,0.16142039000988007,0.11716365069150925,0.8094531446695328,0.5418757796287537,2,Deep
pic-121-_jpg.rf.6550c19d889288f83dca4f4c57545348.jpg,0,370,390,144300,89481,54819.0,0.5518286824226379,0.8411938548088074,0.24833162128925323,0.15475347638130188,0.5928622335195541,0.7602273225784302,2,Deep
pic-121-_jpg.rf.ca379af880817bcbc914bac8fd00d7e6.jpg,0,395,394,155630,102578,53052.0,0.6008068323135376,0.9253163933753967,0.2684776782989502,0.17116127908229828,0.6568387150764465,0.8321501016616821,2,Deep
pic-122-_jpg.rf.727dc87f7e5fb44ce14cf3878f669aa7.jpg,0,217,417,90489,64362,26127.0,0.8659309148788452,0.9932880401611328,0.6755586266517639,0.08110402524471283,0.3177294135093689,0.9664130210876465,0,Shallow
pic-122-_jpg.rf.727dc87f7e5fb44ce14cf3878f669aa7.jpg,1,121,149,18029,12624,5405.0,0.5199443101882935,0.621698260307312,0.39673689007759094,0.055750176310539246,0.22496137022972107,0.5939345955848694,0,Shallow
pic-122-_jpg.rf.727dc87f7e5fb44ce14cf3878f669aa7.jpg,2,91,217,19747,14357,5390.0,0.4289964735507965,0.5200725793838501,0.34357699751853943,0.042142800986766815,0.17649558186531067,0.487775057554245,1,Moderate
pic-122-_jpg.rf.727dc87f7e5fb44ce14cf3878f669aa7.jpg,3,37,57,2109,1525,584.0,0.242365762591362,0.27530211210250854,0.20218528807163239,0.01833231933414936,0.07311682403087616,0.2664327621459961,1,Moderate
pic-122-_jpg.rf.727dc87f7e5fb44ce14cf3878f669aa7.jpg,4,71,175,12425,6745,5680.0,0.3272450864315033,0.3886490762233734,0.2726184129714966,0.028546839952468872,0.11603066325187683,0.36738234758377075,1,Moderate
pic-122-_jpg.rf.727dc87f7e5fb44ce14cf3878f669aa7.jpg,5,57,69,3933,2056,1877.0,0.3586573898792267,0.5370302200317383,0.3193381428718567,0.033634889870882034,0.2176920771598816,0.3910490870475769,1,Moderate
pic-122-_jpg.rf.727dc87f7e5fb44ce14cf3878f669aa7.jpg,6,24,98,2352,1838,514.0,0.20753103494644165,0.23837389051914215,0.17714184522628784,0.013655225746333599,0.06123204529285431,0.22623804211616516,1,Moderate
pic-122-_jpg.rf.a7402de11b1c3f7af0cc32933211e3f6.jpg,0,181,432,78192,58780,19412.0,0.8387957215309143,1.0,0.6412453651428223,0.0901462659239769,0.35875463485717773,0.9560831785202026,0,Shallow
pic-122-_jpg.rf.a7402de11b1c3f7af0cc32933211e3f6.jpg,1,103,139,14317,10569,3748.0,0.48889413475990295,0.5834774374961853,0.37546321749687195,0.05183325707912445,0.20801421999931335,0.5578652024269104,0,Shallow
pic-122-_jpg.rf.a7402de11b1c3f7af0cc32933211e3f6.jpg,2,80,217,17360,12759,4601.0,0.4007345139980316,0.5041772723197937,0.32033732533454895,0.03975052759051323,0.18383994698524475,0.45572027564048767,1,Moderate
pic-122-_jpg.rf.a7402de11b1c3f7af0cc32933211e3f6.jpg,3,31,52,1612,1264,348.0,0.22945889830589294,0.25843802094459534,0.1925845593214035,0.016702406108379364,0.06585346162319183,0.2514875531196594,1,Moderate
pic-122-_jpg.rf.a7402de11b1c3f7af0cc32933211e3f6.jpg,4,52,165,8580,5587,2993.0,0.3103907108306885,0.36592262983322144,0.2618200480937958,0.025848450139164925,0.10410258173942566,0.34679126739501953,1,Moderate
pic-122-_jpg.rf.a7402de11b1c3f7af0cc32933211e3f6.jpg,5,108,101,10908,4924,5984.0,0.3767571449279785,0.5085192918777466,0.2973915636539459,0.05929988995194435,0.21112772822380066,0.4685642421245575,1,Moderate
pic-122-_jpg.rf.a7402de11b1c3f7af0cc32933211e3f6.jpg,6,24,90,2160,1524,636.0,0.18933092057704926,0.21638810634613037,0.16304035484790802,0.012311677448451519,0.05334775149822235,0.20633099973201752,1,Moderate
pic-122-_jpg.rf.c136dab4f56b39061798109d2420b61f.jpg,0,171,432,73872,52810,21062.0,0.8545814156532288,0.9825298190116882,0.6729356050491333,0.07893867790699005,0.30959421396255493,0.954113781452179,0,Shallow
pic-122-_jpg.rf.c136dab4f56b39061798109d2420b61f.jpg,1,105,139,14595,10737,3858.0,0.5338775515556335,0.63187575340271,0.41408467292785645,0.05407353863120079,0.21779108047485352,0.605915367603302,0,Shallow
pic-122-_jpg.rf.c136dab4f56b39061798109d2420b61f.jpg,2,86,216,18576,13029,5547.0,0.41873082518577576,0.5102354884147644,0.3331703245639801,0.041934240609407425,0.1770651638507843,0.4763088822364807,1,Moderate
pic-122-_jpg.rf.c136dab4f56b39061798109d2420b61f.jpg,3,30,53,1590,1296,294.0,0.24359804391860962,0.2757566273212433,0.20434169471263885,0.018038440495729446,0.07141493260860443,0.2673613131046295,1,Moderate
pic-122-_jpg.rf.c136dab4f56b39061798109d2420b61f.jpg,4,48,169,8112,5718,2394.0,0.34668293595314026,0.40740376710891724,0.29175540804862976,0.029402773827314377,0.11564835906028748,0.3875020742416382,1,Moderate
pic-122-_jpg.rf.c136dab4f56b39061798109d2420b61f.jpg,5,98,102,9996,4532,5464.0,0.4256303608417511,0.5600590109825134,0.34507736563682556,0.05971309542655945,0.21498164534568787,0.5207590460777283,1,Moderate
pic-122-_jpg.rf.c136dab4f56b39061798109d2420b61f.jpg,6,30,89,2670,1576,1094.0,0.19342797994613647,0.2218542993068695,0.16526736319065094,0.013060757890343666,0.05658693611621857,0.21091601252555847,1,Moderate
pic-124-_jpg.rf.5e69150b156446dbd25a1ba55e83d665.jpg,0,462,628,290136,149713,140423.0,0.6286250352859497,0.9725999236106873,0.22294090688228607,0.2181292176246643,0.7496590167284012,0.9061394929885864,2,Deep
pic-124-_jpg.rf.5f9ee27d0fe8571af0685b1746b9d7fc.jpg,0,400,637,254800,145167,109633.0,0.6137717962265015,0.9266310334205627,0.2500837743282318,0.18618495762348175,0.6765472590923309,0.8452915549278259,2,Deep
pic-124-_jpg.rf.e75e7815306ccb81e78d7f8b63857483.jpg,0,508,632,321056,149655,171401.0,0.6440713405609131,0.9540204405784607,0.2353607565164566,0.21020013093948364,0.7186596840620041,0.9048027992248535,2,Deep
pic-126-_jpg.rf.260cc574c3efc137da742a912741a3fb.jpg,0,288,158,45504,19918,25586.0,0.6048241853713989,0.8358897566795349,0.412750780582428,0.07801967859268188,0.42313897609710693,0.6914751529693604,0,Shallow
pic-126-_jpg.rf.260cc574c3efc137da742a912741a3fb.jpg,1,149,239,35611,26599,9012.0,0.3601478338241577,0.4449848234653473,0.28933465480804443,0.03991727903485298,0.15565016865730286,0.41666704416275024,1,Moderate
pic-126-_jpg.rf.260cc574c3efc137da742a912741a3fb.jpg,2,39,128,4992,3798,1194.0,0.0806470438838005,0.1049603819847107,0.06158812716603279,0.00963625032454729,0.0433722548186779,0.0936954915523529,1,Moderate
pic-126-_jpg.rf.4d5c28bfd2ec83debd1fa97e86bbddb4.jpg,0,257,230,59110,24328,34782.0,0.796665370464325,0.9612722992897034,0.5503682494163513,0.10491646081209183,0.41090404987335205,0.9306166172027588,0,Shallow
pic-126-_jpg.rf.4d5c28bfd2ec83debd1fa97e86bbddb4.jpg,1,143,239,34177,25868,8309.0,0.5030654668807983,0.6142033934593201,0.39203038811683655,0.05419386923313141,0.22217300534248352,0.5767014622688293,0,Shallow
pic-126-_jpg.rf.4d5c28bfd2ec83debd1fa97e86bbddb4.jpg,2,45,127,5715,3682,2033.0,0.10965870320796967,0.14425669610500336,0.08273527771234512,0.01311150100082159,0.061521418392658234,0.12765344977378845,1,Moderate
pic-126-_jpg.rf.c72b1826e8aaa63d8f1713c2957e93e5.jpg,0,201,259,52059,20040,32019.0,0.602275013923645,0.8139902949333191,0.4455365538597107,0.06792262196540833,0.3684537410736084,0.6859325766563416,0,Shallow
pic-126-_jpg.rf.c72b1826e8aaa63d8f1713c2957e93e5.jpg,1,151,237,35787,26550,9237.0,0.3794820308685303,0.46983373165130615,0.2988743782043457,0.041697222739458084,0.17095935344696045,0.43779927492141724,1,Moderate
pic-126-_jpg.rf.c72b1826e8aaa63d8f1713c2957e93e5.jpg,2,55,125,6875,3801,3074.0,0.08263538032770157,0.10933268070220947,0.062093500047922134,0.010111034847795963,0.04723918065428734,0.09678187221288681,1,Moderate
pic-127-_jpg.rf.4aebae9cb49eac155acea198eb8d4649.jpg,0,60,119,7140,5696,1444.0,0.7190247178077698,0.7874423861503601,0.6575789451599121,0.03351181000471115,0.129863440990448,0.7650891542434692,0,Shallow
pic-127-_jpg.rf.513297c58b670dfbcee0c02f22a76c9f.jpg,0,59,119,7021,5790,1231.0,0.5090256333351135,0.5602497458457947,0.46808135509490967,0.024040548130869865,0.09216839075088501,0.5423624515533447,1,Moderate
pic-127-_jpg.rf.762e69fb9b1c80f586c501b5b9c515db.jpg,0,57,117,6669,5631,1038.0,0.6968960165977478,0.76256263256073,0.6454551815986633,0.03135448321700096,0.11710745096206665,0.7406250238418579,0,Shallow
pic-128-_jpg.rf.0ac3472d1668a73f904ec562bcfc43ff.jpg,0,165,459,75735,57894,17841.0,0.7470185160636902,0.9493768215179443,0.5985075235366821,0.09898782521486282,0.3508692979812622,0.8900458216667175,0,Shallow
pic-128-_jpg.rf.145c4607840c2bcac86b2f76c28a7750.jpg,0,160,440,70400,54227,16173.0,0.6746158003807068,0.9346361756324768,0.5428341031074524,0.09970086812973022,0.3918020725250244,0.7832934856414795,0,Shallow
pic-128-_jpg.rf.e9d874018c8eb5296749630aca5603e6.jpg,0,170,460,78200,59307,18893.0,0.7096992135047913,0.9645873308181763,0.565622866153717,0.10300099104642868,0.39896446466445923,0.8298736214637756,0,Shallow
pic-13-_jpg.rf.6ada3c0e80b409618278df949cd6b7e5.jpg,0,320,556,177920,116873,61047.0,0.42744454741477966,0.9189979434013367,0.196318119764328,0.13188163936138153,0.7226798236370087,0.6092536449432373,2,Deep
pic-13-_jpg.rf.b5e4ccd6fb004ba11f36c902116a6dfa.jpg,0,321,549,176229,112728,63501.0,0.6120333075523376,0.9491548538208008,0.27283450961112976,0.1927565485239029,0.676320344209671,0.8750207424163818,2,Deep
pic-13-_jpg.rf.f7751cf8a51dd62c4e458caa96bc1906.jpg,0,298,551,164198,109435,54763.0,0.638792097568512,0.9793910980224609,0.29685458540916443,0.1897115856409073,0.6825365126132965,0.9038389325141907,2,Deep
pic-130-_jpg.rf.0f6726c68af9fe60c2249e2349f8c049.jpg,0,88,204,17952,12092,5860.0,0.7509708404541016,0.8384374380111694,0.6697538495063782,0.04219947010278702,0.16868358850479126,0.8097217679023743,0,Shallow
pic-130-_jpg.rf.2326fd752be4eb885ad113b533f9ac5c.jpg,0,87,217,18879,13356,5523.0,0.8042478561401367,0.8957477807998657,0.7204777002334595,0.043369363993406296,0.17527008056640625,0.8652200698852539,0,Shallow
pic-130-_jpg.rf.573aa03e77804ed419f1fd0a190ba13a.jpg,0,108,218,23544,14285,9259.0,0.8642132878303528,0.9393742680549622,0.7822884321212769,0.041139259934425354,0.1570858359336853,0.9195042252540588,0,Shallow
pic-131-_jpg.rf.30c2f70058a6fad525c31f57d3952d4d.jpg,0,269,397,106793,78568,28225.0,0.47439637780189514,0.6653369069099426,0.33186906576156616,0.08534089475870132,0.33346784114837646,0.5912234783172607,0,Shallow
pic-131-_jpg.rf.7a54a7e1ad2243629779c48a41b94ca1.jpg,0,289,453,130917,97015,33902.0,0.5002751350402832,0.7382519245147705,0.31764596700668335,0.1124519631266594,0.42060595750808716,0.6581118702888489,2,Deep
pic-131-_jpg.rf.9506d58945bc1f6e0cd0b6810ca40ad5.jpg,0,309,432,133488,99014,34474.0,0.4862872064113617,0.7078444957733154,0.3201523423194885,0.10288277268409729,0.3876921534538269,0.6301267147064209,2,Deep
pic-132-_jpg.rf.17911c1b0d9ce482c109ce1e784940b4.jpg,0,126,430,54180,41654,12526.0,0.5303671956062317,0.6775079965591431,0.4661449193954468,0.044555194675922394,0.2113630771636963,0.5997055172920227,0,Shallow
pic-132-_jpg.rf.797a01efcb3ccc31edc05fbd79854344.jpg,0,135,455,61425,47392,14033.0,0.5350407958030701,0.6728518009185791,0.44513240456581116,0.04001568630337715,0.22771939635276794,0.5895327925682068,0,Shallow
pic-132-_jpg.rf.955ee641285edaa97d368881f70563fd.jpg,0,122,425,51850,40536,11314.0,0.5674188733100891,0.7226603627204895,0.5233510136604309,0.04461298882961273,0.1993093490600586,0.6345126032829285,0,Shallow
pic-133-_jpg.rf.24a41f4b91e68f7e35f7d2feff83054d.jpg,0,360,534,192240,141362,50878.0,0.601483166217804,0.963092565536499,0.3548808693885803,0.13420388102531433,0.6082116961479187,0.7897384166717529,2,Deep
pic-133-_jpg.rf.7aa442a433a0074d31ec5ba2de39c2a4.jpg,0,416,574,238784,152030,86754.0,0.5565175414085388,0.9321482181549072,0.32436519861221313,0.13519635796546936,0.6077830195426941,0.7379282116889954,2,Deep
pic-133-_jpg.rf.8dc9e79be10c01f6f279b4c27266ab65.jpg,0,378,527,199206,128554,70652.0,0.5944909453392029,0.9660735130310059,0.3556179106235504,0.13248127698898315,0.6104556024074554,0.7669183015823364,2,Deep
pic-134-_jpg.rf.517c7c3c07571b10697a58b567940b58.jpg,0,330,639,210870,145080,65790.0,0.3464176058769226,0.83274906873703,0.18340137600898743,0.0975724458694458,0.6493476927280426,0.4941893219947815,2,Deep
pic-134-_jpg.rf.a84bccc6824f607509bb701d8ccd3c87.jpg,0,315,604,190260,121688,68572.0,0.4614715278148651,0.7283273935317993,0.26594358682632446,0.1126961037516594,0.46238380670547485,0.6279106140136719,2,Deep
pic-134-_jpg.rf.e15dd6f2f2bc285d64fef68fb2d92164.jpg,0,312,604,188448,121680,66768.0,0.42864179611206055,0.6912208795547485,0.2414388358592987,0.11002632230520248,0.44978204369544983,0.5920946598052979,2,Deep
pic-135-_jpg.rf.1ee928d9f772b66ef1a56bc9ddc702b2.jpg,0,69,28,1932,1269,663.0,0.7153241634368896,0.7524777054786682,0.6787227392196655,0.018360625952482224,0.07375496625900269,0.7411425709724426,0,Shallow
pic-135-_jpg.rf.1ee928d9f772b66ef1a56bc9ddc702b2.jpg,1,83,131,10873,5618,5255.0,0.6656588315963745,0.7381665706634521,0.5919274687767029,0.03095817379653454,0.14623910188674927,0.7100456357002258,0,Shallow
pic-135-_jpg.rf.1ee928d9f772b66ef1a56bc9ddc702b2.jpg,2,109,54,5886,4474,1412.0,0.507647693157196,0.5855928659439087,0.44049176573753357,0.035069819539785385,0.14510110020637512,0.5562930703163147,0,Shallow
pic-135-_jpg.rf.1ee928d9f772b66ef1a56bc9ddc702b2.jpg,3,61,48,2928,1898,1030.0,0.675810694694519,0.708452045917511,0.6422184705734253,0.016368066892027855,0.0662335753440857,0.6978278756141663,0,Shallow
pic-135-_jpg.rf.1ee928d9f772b66ef1a56bc9ddc702b2.jpg,4,58,72,4176,1903,2273.0,0.6149061918258667,0.6441189050674438,0.5877202749252319,0.012139106169342995,0.056398630142211914,0.6312598586082458,0,Shallow
pic-135-_jpg.rf.1ee928d9f772b66ef1a56bc9ddc702b2.jpg,5,84,45,3780,2586,1194.0,0.8431329727172852,0.8821067214012146,0.7939797043800354,0.022281015291810036,0.0881270170211792,0.8719015121459961,0,Shallow
pic-135-_jpg.rf.1ee928d9f772b66ef1a56bc9ddc702b2.jpg,6,43,38,1634,1300,334.0,0.845661997795105,0.8662735819816589,0.8213765025138855,0.010916141793131828,0.04489707946777344,0.8598005771636963,0,Shallow
pic-135-_jpg.rf.1ee928d9f772b66ef1a56bc9ddc702b2.jpg,7,99,39,3861,2668,1193.0,0.7754244804382324,0.8260631561279297,0.7107807397842407,0.031576767563819885,0.11528241634368896,0.8156061768531799,0,Shallow
pic-135-_jpg.rf.1ee928d9f772b66ef1a56bc9ddc702b2.jpg,8,89,58,5162,3146,2016.0,0.3587879240512848,0.4180715084075928,0.3061962127685547,0.027796588838100433,0.11187529563903809,0.3984081745147705,1,Moderate
pic-135-_jpg.rf.1ee928d9f772b66ef1a56bc9ddc702b2.jpg,9,58,36,2088,1637,451.0,0.7240375280380249,0.7609515190124512,0.6894494891166687,0.018378159031271935,0.07150202989578247,0.7496705651283264,0,Shallow
pic-135-_jpg.rf.1ee928d9f772b66ef1a56bc9ddc702b2.jpg,10,46,36,1656,1400,256.0,0.4920165240764618,0.5237302184104919,0.4614075720310211,0.01566457934677601,0.062322646379470825,0.5132097601890564,1,Moderate
pic-135-_jpg.rf.1ee928d9f772b66ef1a56bc9ddc702b2.jpg,11,32,17,544,442,102.0,0.5110373497009277,0.5287612080574036,0.49222809076309204,0.008998463861644268,0.03653311729431152,0.5233229994773865,1,Moderate
pic-135-_jpg.rf.9cee00f51ec30b4e0f591b2da2007a10.jpg,0,73,39,2847,2158,689.0,0.7523350715637207,0.7895731925964355,0.7170081734657288,0.018565135076642036,0.07256501913070679,0.7783522605895996,0,Shallow
pic-135-_jpg.rf.9cee00f51ec30b4e0f591b2da2007a10.jpg,1,83,133,11039,5720,5319.0,0.6920478343963623,0.7637940645217896,0.6134921312332153,0.035228222608566284,0.15030193328857422,0.739906370639801,0,Shallow
pic-135-_jpg.rf.9cee00f51ec30b4e0f591b2da2007a10.jpg,2,110,53,5830,4582,1248.0,0.540590226650238,0.6046277284622192,0.4848608076572418,0.028604133054614067,0.11976692080497742,0.5810880064964294,0,Shallow
pic-135-_jpg.rf.9cee00f51ec30b4e0f591b2da2007a10.jpg,3,62,48,2976,1939,1037.0,0.6706132292747498,0.6984730362892151,0.6455333828926086,0.012945916503667831,0.052939653396606445,0.6885372996330261,0,Shallow
pic-135-_jpg.rf.9cee00f51ec30b4e0f591b2da2007a10.jpg,4,60,71,4260,1940,2320.0,0.6024234890937805,0.6206932663917542,0.5762999653816223,0.010172666050493717,0.044393301010131836,0.6154559850692749,0,Shallow
pic-135-_jpg.rf.9cee00f51ec30b4e0f591b2da2007a10.jpg,5,85,44,3740,2622,1118.0,0.7555015683174133,0.7903040647506714,0.71803879737854,0.017602095380425453,0.07226526737213135,0.779754102230072,0,Shallow
pic-135-_jpg.rf.9cee00f51ec30b4e0f591b2da2007a10.jpg,6,40,38,1520,1262,258.0,0.7396272420883179,0.7651837468147278,0.7156262397766113,0.011600074358284473,0.049557507038116455,0.7553969025611877,0,Shallow
pic-135-_jpg.rf.9cee00f51ec30b4e0f591b2da2007a10.jpg,7,100,38,3800,2743,1057.0,0.6731938719749451,0.7137473225593567,0.6270431876182556,0.02286156639456749,0.08670413494110107,0.7030901908874512,0,Shallow
pic-135-_jpg.rf.9cee00f51ec30b4e0f591b2da2007a10.jpg,8,91,57,5187,3203,1984.0,0.32086247205734253,0.36269494891166687,0.28102606534957886,0.019677799195051193,0.08166888356208801,0.3486568033695221,1,Moderate
pic-135-_jpg.rf.9cee00f51ec30b4e0f591b2da2007a10.jpg,9,59,36,2124,1637,487.0,0.5717113614082336,0.6012887358665466,0.5429573655128479,0.015146812424063683,0.05833137035369873,0.5930919647216797,0,Shallow
pic-135-_jpg.rf.9cee00f51ec30b4e0f591b2da2007a10.jpg,10,46,37,1702,1427,275.0,0.4453536570072174,0.4711839258670807,0.4177897870540619,0.013330329209566116,0.0533941388130188,0.46333351731300354,1,Moderate
pic-135-_jpg.rf.9cee00f51ec30b4e0f591b2da2007a10.jpg,11,33,16,528,470,58.0,0.6058521866798401,0.6232600212097168,0.5900078415870667,0.007951240986585617,0.033252179622650146,0.6166966557502747,0,Shallow
pic-135-_jpg.rf.9cee00f51ec30b4e0f591b2da2007a10.jpg,12,32,17,544,437,107.0,0.5746145844459534,0.5901903510093689,0.5589401125907898,0.007615162059664726,0.0312502384185791,0.5849856734275818,0,Shallow
pic-135-_jpg.rf.d3d07ce395c3562793390b1003e99d1f.jpg,0,71,45,3195,2447,748.0,0.6468016505241394,0.6818153262138367,0.6090887188911438,0.01896735280752182,0.07272660732269287,0.6724122762680054,0,Shallow
pic-135-_jpg.rf.d3d07ce395c3562793390b1003e99d1f.jpg,1,77,127,9779,4972,4807.0,0.5985504388809204,0.661842405796051,0.534796953201294,0.02718568593263626,0.12704545259475708,0.6377238035202026,0,Shallow
pic-135-_jpg.rf.d3d07ce395c3562793390b1003e99d1f.jpg,2,102,53,5406,4054,1352.0,0.46682530641555786,0.5292887091636658,0.4127441346645355,0.028522126376628876,0.11654457449913025,0.5063880681991577,1,Moderate
pic-135-_jpg.rf.d3d07ce395c3562793390b1003e99d1f.jpg,3,59,42,2478,1703,775.0,0.6061660647392273,0.6343340873718262,0.5762345194816589,0.014347868971526623,0.058099567890167236,0.6254096627235413,0,Shallow
pic-135-_jpg.rf.d3d07ce395c3562793390b1003e99d1f.jpg,4,60,63,3780,1664,2116.0,0.5580939054489136,0.5826264023780823,0.5360333323478699,0.00990558136254549,0.0465930700302124,0.571606457233429,0,Shallow
pic-135-_jpg.rf.d3d07ce395c3562793390b1003e99d1f.jpg,5,81,38,3078,2289,789.0,0.7475882172584534,0.785403311252594,0.7047611474990845,0.02039705403149128,0.08064216375350952,0.7750020623207092,0,Shallow
pic-135-_jpg.rf.d3d07ce395c3562793390b1003e99d1f.jpg,6,43,36,1548,1208,340.0,0.7577130794525146,0.7818528413772583,0.7322147488594055,0.01187482662498951,0.04963809251785278,0.7736150622367859,0,Shallow
pic-135-_jpg.rf.d3d07ce395c3562793390b1003e99d1f.jpg,7,95,33,3135,2377,758.0,0.6912056803703308,0.7369089722633362,0.6382477283477783,0.026745224371552467,0.09866124391555786,0.7258201241493225,0,Shallow
pic-135-_jpg.rf.d3d07ce395c3562793390b1003e99d1f.jpg,8,86,51,4386,2806,1580.0,0.3489818274974823,0.3951556086540222,0.3064483404159546,0.021735040470957756,0.08870726823806763,0.3800082504749298,1,Moderate
pic-135-_jpg.rf.d3d07ce395c3562793390b1003e99d1f.jpg,9,71,20,1420,1073,347.0,0.6342981457710266,0.6760433912277222,0.5972025394439697,0.019865194335579872,0.07884085178375244,0.6615082025527954,0,Shallow
pic-135-_jpg.rf.d3d07ce395c3562793390b1003e99d1f.jpg,10,55,35,1925,1457,468.0,0.6384475231170654,0.6705718636512756,0.6107469797134399,0.015213378705084324,0.05982488393783569,0.6598955988883972,0,Shallow
pic-135-_jpg.rf.d3d07ce395c3562793390b1003e99d1f.jpg,11,42,35,1470,1225,245.0,0.4590373933315277,0.4842153489589691,0.4345049262046814,0.01245491299778223,0.04971042275428772,0.47589486837387085,1,Moderate
pic-135-_jpg.rf.d3d07ce395c3562793390b1003e99d1f.jpg,12,31,20,620,497,123.0,0.489082008600235,0.5073789358139038,0.47044041752815247,0.008892481215298176,0.03693851828575134,0.5011102557182312,1,Moderate
pic-135-_jpg.rf.d3d07ce395c3562793390b1003e99d1f.jpg,13,30,15,450,378,72.0,0.4580492377281189,0.47593462467193604,0.4401467740535736,0.009004933759570122,0.03578785061836243,0.4704705476760864,1,Moderate
pic-136-_jpg.rf.28112df3106c2b4485053cd6371a47ef.jpg,0,245,401,98245,67004,31241.0,0.6369327306747437,0.8232799172401428,0.45489501953125,0.08850402384996414,0.3683848977088928,0.7603293061256409,0,Shallow
pic-136-_jpg.rf.28112df3106c2b4485053cd6371a47ef.jpg,1,57,155,8835,6648,2187.0,0.3866330087184906,0.4299730956554413,0.34522879123687744,0.019621962681412697,0.08474430441856384,0.41434308886528015,1,Moderate
pic-136-_jpg.rf.28112df3106c2b4485053cd6371a47ef.jpg,2,36,97,3492,2408,1084.0,0.26362958550453186,0.28898948431015015,0.23401573300361633,0.01338167767971754,0.054973751306533813,0.2817453444004059,1,Moderate
pic-136-_jpg.rf.af169e1464071ae718f22b5baebe13a6.jpg,0,228,396,90288,64206,26082.0,0.7081891298294067,0.9088222980499268,0.506400465965271,0.09659577161073685,0.40242183208465576,0.8419715166091919,0,Shallow
pic-136-_jpg.rf.af169e1464071ae718f22b5baebe13a6.jpg,1,58,152,8816,6381,2435.0,0.431657999753952,0.4798929691314697,0.38391950726509094,0.022265374660491943,0.09597346186637878,0.4629051983356476,1,Moderate
pic-136-_jpg.rf.af169e1464071ae718f22b5baebe13a6.jpg,2,38,93,3534,2353,1181.0,0.2874952554702759,0.31749334931373596,0.25425419211387634,0.015819497406482697,0.06323915719985962,0.30899956822395325,1,Moderate
pic-136-_jpg.rf.d694cf94912347ceff66727b95ecb05a.jpg,0,233,382,89006,60858,28148.0,0.6644884347915649,0.8579172492027283,0.482036828994751,0.08937869966030121,0.3758804202079773,0.78974848985672,0,Shallow
pic-136-_jpg.rf.d694cf94912347ceff66727b95ecb05a.jpg,1,55,147,8085,6081,2004.0,0.4126671552658081,0.455550879240036,0.3719072639942169,0.019078334793448448,0.08364361524581909,0.4400084614753723,1,Moderate
pic-136-_jpg.rf.d694cf94912347ceff66727b95ecb05a.jpg,2,34,92,3128,2218,910.0,0.2872070372104645,0.31199878454208374,0.2573702335357666,0.013324863277375698,0.05462855100631714,0.30530670285224915,1,Moderate
pic-137-_jpg.rf.374184952caf59cfa399166b0111b640.jpg,0,91,373,33943,24803,9140.0,0.36431583762168884,0.4550611674785614,0.3235117495059967,0.030571648851037025,0.1315494179725647,0.4112612009048462,1,Moderate
pic-137-_jpg.rf.5b5d603ae481652805ea93e3698ea609.jpg,0,142,371,52682,25689,26993.0,0.36750537157058716,0.45444539189338684,0.30952703952789307,0.035458557307720184,0.14491835236549377,0.41931983828544617,1,Moderate
pic-137-_jpg.rf.eec8497f7279810ff44902d6eca0121b.jpg,0,85,354,30090,22225,7865.0,0.35697346925735474,0.4281163215637207,0.32032036781311035,0.02481773868203163,0.10779595375061035,0.39103856682777405,1,Moderate
pic-138-_jpg.rf.07fa25bc5fbd7c2711b9ce8ac28ad6a2.jpg,0,276,279,77004,51431,25573.0,0.555524468421936,0.8218288421630859,0.2685485780239105,0.11640135943889618,0.5532802641391754,0.7187286019325256,0,Shallow
pic-138-_jpg.rf.766c3d35632f4641ce9d5207a3cadd70.jpg,0,299,296,88504,57803,30701.0,0.654319703578949,0.9173507690429688,0.30511966347694397,0.13075222074985504,0.6122311055660248,0.8350206613540649,0,Shallow
pic-138-_jpg.rf.8b1343ad71a58c8daf99e2311627f0c8.jpg,0,319,314,100166,64644,35522.0,0.6615493297576904,0.9194118976593018,0.29015418887138367,0.1371774971485138,0.6292577087879181,0.8421836495399475,0,Shallow
pic-139-_jpg.rf.68c4e347a47e89fb46aedd298c2c3e5c.jpg,0,365,350,127750,55901,71849.0,0.7816587686538696,0.9716609716415405,0.45972925424575806,0.1286701112985611,0.5119317173957825,0.932135820388794,0,Shallow
pic-139-_jpg.rf.68c4e347a47e89fb46aedd298c2c3e5c.jpg,1,208,168,34944,16474,18470.0,0.493462473154068,0.6280326247215271,0.35619309544563293,0.06583566963672638,0.27183952927589417,0.5877051949501038,0,Shallow
pic-139-_jpg.rf.68c4e347a47e89fb46aedd298c2c3e5c.jpg,2,39,114,4446,3222,1224.0,0.3296002149581909,0.36044830083847046,0.301206111907959,0.013386729173362255,0.059242188930511475,0.34731021523475647,1,Moderate
pic-139-_jpg.rf.738912a20f4c9753a555bf9e7a468851.jpg,0,349,352,122848,48207,74641.0,0.8029177188873291,0.980250358581543,0.5012350082397461,0.11784758418798447,0.4790153503417969,0.9363075494766235,0,Shallow
pic-139-_jpg.rf.738912a20f4c9753a555bf9e7a468851.jpg,1,224,184,41216,18457,22759.0,0.5630146861076355,0.706752359867096,0.39884626865386963,0.07331878691911697,0.3079060912132263,0.6679639220237732,0,Shallow
pic-139-_jpg.rf.738912a20f4c9753a555bf9e7a468851.jpg,2,40,119,4760,3465,1295.0,0.3517278730869293,0.38527989387512207,0.31865882873535156,0.015030278824269772,0.06662106513977051,0.37140265107154846,1,Moderate
pic-139-_jpg.rf.87bfef6ce65eb5df5b6053523e6b4954.jpg,0,364,353,128492,55480,73012.0,0.7885271906852722,0.9740772247314453,0.46390023827552795,0.12792085111141205,0.5101769864559174,0.9402194619178772,0,Shallow
pic-139-_jpg.rf.87bfef6ce65eb5df5b6053523e6b4954.jpg,1,200,179,35800,16285,19515.0,0.49766573309898376,0.6340067982673645,0.3593258261680603,0.06740821152925491,0.2746809720993042,0.5946394801139832,0,Shallow
pic-139-_jpg.rf.87bfef6ce65eb5df5b6053523e6b4954.jpg,2,38,111,4218,3073,1145.0,0.33881205320358276,0.36785078048706055,0.3095982074737549,0.01341325044631958,0.058252573013305664,0.3566417098045349,1,Moderate
pic-14-_jpg.rf.0cf42e6b552e8f867e76237f36e7eadc.jpg,0,234,391,91494,48176,43318.0,0.6673881411552429,0.895907998085022,0.42780163884162903,0.11193642765283585,0.46810635924339294,0.8185372352600098,0,Shallow
pic-14-_jpg.rf.0cf42e6b552e8f867e76237f36e7eadc.jpg,1,43,113,4859,3267,1592.0,0.3572859764099121,0.40453046560287476,0.31501710414886475,0.02210250124335289,0.08951336145401001,0.3880208432674408,1,Moderate
pic-14-_jpg.rf.0cf42e6b552e8f867e76237f36e7eadc.jpg,2,52,90,4680,2664,2016.0,0.3010982871055603,0.35732099413871765,0.2514329254627228,0.026945648714900017,0.10588806867599487,0.3383100628852844,1,Moderate
pic-14-_jpg.rf.0cf42e6b552e8f867e76237f36e7eadc.jpg,3,33,90,2970,2158,812.0,0.21904954314231873,0.25648075342178345,0.18923130631446838,0.015981268137693405,0.06724944710731506,0.2402113676071167,1,Moderate
pic-14-_jpg.rf.0cf42e6b552e8f867e76237f36e7eadc.jpg,4,24,36,864,631,233.0,0.2843891978263855,0.3101853132247925,0.26228031516075134,0.012006867676973343,0.04790499806404114,0.30189424753189087,1,Moderate
pic-14-_jpg.rf.0cf42e6b552e8f867e76237f36e7eadc.jpg,5,23,60,1380,1088,292.0,0.18031346797943115,0.20174328982830048,0.1561185121536255,0.011108833365142345,0.04562477767467499,0.1956646591424942,1,Moderate
pic-14-_jpg.rf.3e2f11367531d04d10e9132cf6fe9b8f.jpg,0,226,381,86106,48209,37897.0,0.6021956205368042,0.8249056339263916,0.385674387216568,0.10361914336681366,0.4392312467098236,0.7415985465049744,0,Shallow
pic-14-_jpg.rf.3e2f11367531d04d10e9132cf6fe9b8f.jpg,1,41,116,4756,3334,1422.0,0.3236992657184601,0.3662066161632538,0.2852747142314911,0.019724801182746887,0.0809319019317627,0.35113656520843506,1,Moderate
pic-14-_jpg.rf.3e2f11367531d04d10e9132cf6fe9b8f.jpg,2,52,94,4888,2688,2200.0,0.271566241979599,0.3225875794887543,0.22650964558124542,0.024303346872329712,0.09607793390750885,0.30493590235710144,1,Moderate
pic-14-_jpg.rf.3e2f11367531d04d10e9132cf6fe9b8f.jpg,3,33,90,2970,2209,761.0,0.1942688226699829,0.22693702578544617,0.16620533168315887,0.0142044797539711,0.06073169410228729,0.21330146491527557,1,Moderate
pic-14-_jpg.rf.3e2f11367531d04d10e9132cf6fe9b8f.jpg,4,24,36,864,638,226.0,0.2586494982242584,0.28083884716033936,0.23940742015838623,0.010400758124887943,0.041431427001953125,0.2731025815010071,1,Moderate
pic-14-_jpg.rf.3e2f11367531d04d10e9132cf6fe9b8f.jpg,5,24,61,1464,1130,334.0,0.16282451152801514,0.1821269392967224,0.1405385583639145,0.010209750384092331,0.04158838093280792,0.17660364508628845,1,Moderate
pic-14-_jpg.rf.5795a6265ed32db2ca7965aa7e0174b1.jpg,0,236,392,92512,47011,45501.0,0.6628297567367554,0.8896703720092773,0.42834508419036865,0.10803140699863434,0.4613252878189087,0.8062901496887207,0,Shallow
pic-14-_jpg.rf.5795a6265ed32db2ca7965aa7e0174b1.jpg,1,44,111,4884,3150,1734.0,0.3612323999404907,0.40619704127311707,0.320546954870224,0.021452143788337708,0.08565008640289307,0.390633225440979,1,Moderate
pic-14-_jpg.rf.5795a6265ed32db2ca7965aa7e0174b1.jpg,2,52,89,4628,2535,2093.0,0.3020930886268616,0.35742273926734924,0.2550848424434662,0.026004785671830177,0.10233789682388306,0.33777835965156555,1,Moderate
pic-14-_jpg.rf.5795a6265ed32db2ca7965aa7e0174b1.jpg,3,33,88,2904,2077,827.0,0.22157134115695953,0.25677573680877686,0.1925821453332901,0.015085486695170403,0.06419359147548676,0.24194960296154022,1,Moderate
pic-14-_jpg.rf.5795a6265ed32db2ca7965aa7e0174b1.jpg,4,22,35,770,600,170.0,0.289191335439682,0.3132026791572571,0.26947447657585144,0.01122167520225048,0.04372820258140564,0.30515897274017334,1,Moderate
pic-14-_jpg.rf.5795a6265ed32db2ca7965aa7e0174b1.jpg,5,21,60,1260,1056,204.0,0.18696501851081848,0.20691153407096863,0.16441480815410614,0.01080660242587328,0.04249672591686249,0.2016873061656952,1,Moderate
pic-141-_jpg.rf.94b5851bcded6830d88bef9ed5001cc4.jpg,0,173,409,70757,40745,30012.0,0.4939239025115967,0.6632988452911377,0.35129234194755554,0.07450644671916962,0.31200650334358215,0.603471577167511,0,Shallow
pic-141-_jpg.rf.dc5bb23e947044e6c4a4572abc3e8213.jpg,0,183,423,77409,42469,34940.0,0.50908362865448,0.6850674748420715,0.3499961197376251,0.08161686360836029,0.3350713551044464,0.6256870031356812,0,Shallow
pic-141-_jpg.rf.fc3d1df38a5c4e68febeb45b2a132f4a.jpg,0,191,434,82894,44931,37963.0,0.5198953151702881,0.7015257477760315,0.355394572019577,0.08625554293394089,0.34613117575645447,0.6433371901512146,0,Shallow
pic-142-_jpg.rf.0879365f4e7e435dba77c82134cc5623.jpg,0,61,128,7808,5485,2323.0,0.7810346484184265,0.8401677012443542,0.732875406742096,0.02318963222205639,0.1072922945022583,0.8119499683380127,0,Shallow
pic-142-_jpg.rf.0879365f4e7e435dba77c82134cc5623.jpg,1,23,74,1702,1367,335.0,0.4530842900276184,0.47225672006607056,0.4344739019870758,0.009853747673332691,0.03778281807899475,0.4668283760547638,1,Moderate
pic-142-_jpg.rf.0879365f4e7e435dba77c82134cc5623.jpg,2,45,73,3285,1865,1420.0,0.34323641657829285,0.3812825083732605,0.3146997094154358,0.01593635417521,0.06658279895782471,0.36649566888809204,1,Moderate
pic-142-_jpg.rf.8658b3f74ded0b4631ae8fb8215d1f97.jpg,0,61,106,6466,4704,1762.0,0.7938438057899475,0.9126350283622742,0.7380451560020447,0.03188884258270264,0.1745898723602295,0.8230413198471069,0,Shallow
pic-142-_jpg.rf.8658b3f74ded0b4631ae8fb8215d1f97.jpg,1,26,82,2132,1642,490.0,0.4371814429759979,0.4560367465019226,0.4175613522529602,0.009992945939302444,0.0384753942489624,0.4509091377258301,1,Moderate
pic-142-_jpg.rf.8658b3f74ded0b4631ae8fb8215d1f97.jpg,2,50,81,4050,2245,1805.0,0.33345189690589905,0.3769286274909973,0.29855942726135254,0.018742157146334648,0.07836920022964478,0.3604535162448883,1,Moderate
pic-142-_jpg.rf.d06e1261d14a5a908632f7f9984b1533.jpg,0,63,123,7749,5337,2412.0,0.5869147777557373,0.6305472254753113,0.5506473183631897,0.017608558759093285,0.07989990711212158,0.6102849245071411,0,Shallow
pic-142-_jpg.rf.d06e1261d14a5a908632f7f9984b1533.jpg,1,22,74,1628,1340,288.0,0.3332382142543793,0.3476605713367462,0.3189789652824402,0.007471192628145218,0.02868160605430603,0.34360644221305847,1,Moderate
pic-142-_jpg.rf.d06e1261d14a5a908632f7f9984b1533.jpg,2,43,73,3139,1832,1307.0,0.24894112348556519,0.27809202671051025,0.2274455577135086,0.012402929365634918,0.05064646899700165,0.26693597435951233,1,Moderate
pic-143-_jpg.rf.216b82e37fe7bf7ace28e129f406915c.jpg,0,290,299,86710,22378,64332.0,0.3959508538246155,0.5894342660903931,0.16809774935245514,0.10064952075481415,0.4213365167379379,0.510229766368866,0,Shallow
pic-143-_jpg.rf.216b82e37fe7bf7ace28e129f406915c.jpg,1,111,250,27750,19782,7968.0,0.5666539669036865,0.6612895131111145,0.4993699789047241,0.038438040763139725,0.16191953420639038,0.6239234209060669,0,Shallow
pic-143-_jpg.rf.eab223bbca50b3ff5899899213a6292d.jpg,0,336,313,105168,27004,78164.0,0.35868629813194275,0.5806631445884705,0.11027143150568008,0.11452004313468933,0.4703917130827904,0.49763548374176025,0,Shallow
pic-143-_jpg.rf.eab223bbca50b3ff5899899213a6292d.jpg,1,122,274,33428,23885,9543.0,0.5380491614341736,0.6372527480125427,0.4606562852859497,0.042805980890989304,0.17659646272659302,0.602384626865387,0,Shallow
pic-143-_jpg.rf.f94e3b194754043332e4361c80e7d3db.jpg,0,351,242,84942,23469,61473.0,0.4034149646759033,0.6080191135406494,0.15767528116703033,0.11042231321334839,0.4503438323736191,0.5322168469429016,0,Shallow
pic-143-_jpg.rf.f94e3b194754043332e4361c80e7d3db.jpg,1,118,247,29146,20675,8471.0,0.5763369798660278,0.6642822027206421,0.5074974894523621,0.0378853939473629,0.15678471326828003,0.6344874501228333,0,Shallow
pic-145-_jpg.rf.01b4f283d7eaa74981edcc0259ef43cb.jpg,0,39,102,3978,3255,723.0,0.8307034969329834,0.874762237071991,0.7911868691444397,0.021793611347675323,0.08357536792755127,0.8613150715827942,0,Shallow
pic-145-_jpg.rf.01b4f283d7eaa74981edcc0259ef43cb.jpg,1,23,44,1012,698,314.0,0.9070320725440979,0.9356526732444763,0.8858050107955933,0.012740600854158401,0.04984766244888306,0.9252139329910278,0,Shallow
pic-145-_jpg.rf.01b4f283d7eaa74981edcc0259ef43cb.jpg,2,54,134,7236,4121,3115.0,0.5599126219749451,0.61089688539505,0.4983587861061096,0.026632579043507576,0.11253809928894043,0.5972850918769836,0,Shallow
pic-145-_jpg.rf.8c8e224f08327d871ec0791f80a0d43a.jpg,0,49,111,5439,3914,1525.0,0.9028570055961609,0.9496577978134155,0.8591161966323853,0.023588232696056366,0.09054160118103027,0.9358856081962585,0,Shallow
pic-145-_jpg.rf.8c8e224f08327d871ec0791f80a0d43a.jpg,1,22,48,1056,736,320.0,0.9606121778488159,0.9777511954307556,0.9432392716407776,0.009043976664543152,0.03451192378997803,0.9732003211975098,0,Shallow
pic-145-_jpg.rf.8c8e224f08327d871ec0791f80a0d43a.jpg,2,71,142,10082,5003,5079.0,0.6125271320343018,0.672537624835968,0.5402044653892517,0.030578220263123512,0.1323331594467163,0.655027449131012,0,Shallow
pic-145-_jpg.rf.ea068320394add8a6ff90b4396b79923.jpg,0,51,106,5406,3589,1817.0,0.8831573724746704,0.9235897064208984,0.8446173667907715,0.020511241629719734,0.07897233963012695,0.9115171432495117,0,Shallow
pic-145-_jpg.rf.ea068320394add8a6ff90b4396b79923.jpg,1,28,45,1260,784,476.0,0.9392508864402771,0.9599384665489197,0.9219669699668884,0.009301813319325447,0.03797149658203125,0.952415943145752,0,Shallow
pic-145-_jpg.rf.ea068320394add8a6ff90b4396b79923.jpg,2,72,136,9792,4572,5220.0,0.6055402159690857,0.6622233986854553,0.537933349609375,0.029257023707032204,0.12429004907608032,0.6465411186218262,0,Shallow
pic-146-_jpg.rf.05122d9316fa0be439f878d8aa337d3d.jpg,0,265,148,39220,26602,12618.0,0.7319810390472412,0.9730196595191956,0.5302854776382446,0.11548331379890442,0.4427341818809509,0.884775698184967,0,Shallow
pic-146-_jpg.rf.05122d9316fa0be439f878d8aa337d3d.jpg,1,121,179,21659,14515,7144.0,0.10443540662527084,0.212424173951149,0.004315210971981287,0.04654568061232567,0.2081089629791677,0.1680532991886139,1,Moderate
pic-146-_jpg.rf.18a3fc9b3f915028b7246fba6b56fd11.jpg,0,265,137,36305,25942,10363.0,0.7436175346374512,0.9580693244934082,0.549980878829956,0.10619056969881058,0.40808844566345215,0.8843361735343933,0,Shallow
pic-146-_jpg.rf.18a3fc9b3f915028b7246fba6b56fd11.jpg,1,119,177,21063,14127,6936.0,0.11474166810512543,0.22491003572940826,0.015074342489242554,0.04550651088356972,0.2098356932401657,0.17743615806102753,1,Moderate
pic-146-_jpg.rf.6d367895786517cfe865fb065be076a5.jpg,0,265,154,40810,27137,13673.0,0.7311632633209229,0.9453449249267578,0.5385985970497131,0.1075272187590599,0.4067463278770447,0.8737942576408386,0,Shallow
pic-146-_jpg.rf.6d367895786517cfe865fb065be076a5.jpg,1,124,179,22196,14884,7312.0,0.10409876704216003,0.207510307431221,0.016951795667409897,0.043109480291604996,0.1905585117638111,0.16371400654315948,1,Moderate
pic-147-_jpg.rf.0f296124b79e86f38cda27b6fe05d742.jpg,0,123,173,21279,14938,6341.0,0.7231889367103577,0.8358780145645142,0.638956606388092,0.04625697806477547,0.19692140817642212,0.7885344624519348,0,Shallow
pic-147-_jpg.rf.0f296124b79e86f38cda27b6fe05d742.jpg,1,98,212,20776,11363,9413.0,0.35525333881378174,0.4508938789367676,0.2889913022518158,0.0384768508374691,0.16190257668495178,0.41150814294815063,1,Moderate
pic-147-_jpg.rf.0f296124b79e86f38cda27b6fe05d742.jpg,2,18,33,594,428,166.0,0.15805059671401978,0.176449254155159,0.1441788375377655,0.007961158640682697,0.032270416617393494,0.16932256519794464,1,Moderate
pic-147-_jpg.rf.890438ae2f4d1bb94198abdd6c181ec8.jpg,0,135,184,24840,17596,7244.0,0.7622211575508118,0.878687858581543,0.6775438189506531,0.047066859900951385,0.2011440396308899,0.8295806646347046,0,Shallow
pic-147-_jpg.rf.890438ae2f4d1bb94198abdd6c181ec8.jpg,1,97,237,22989,13283,9706.0,0.3784743845462799,0.4796931743621826,0.30379146337509155,0.04192506894469261,0.17590171098709106,0.4392821490764618,1,Moderate
pic-147-_jpg.rf.890438ae2f4d1bb94198abdd6c181ec8.jpg,2,21,34,714,507,207.0,0.16578184068202972,0.18505501747131348,0.15035821497440338,0.008324102498590946,0.034696802496910095,0.17717868089675903,1,Moderate
pic-147-_jpg.rf.a31a26433609129cbb67d23fcb851296.jpg,0,127,175,22225,15534,6691.0,0.7015613913536072,0.8120869994163513,0.6153756976127625,0.04608072713017464,0.19671130180358887,0.7665307521820068,0,Shallow
pic-147-_jpg.rf.a31a26433609129cbb67d23fcb851296.jpg,1,92,220,20240,11692,8548.0,0.33950090408325195,0.4262429177761078,0.2689686119556427,0.037375420331954956,0.1572743058204651,0.3917711675167084,1,Moderate
pic-147-_jpg.rf.a31a26433609129cbb67d23fcb851296.jpg,2,19,33,627,455,172.0,0.14228133857250214,0.15933285653591156,0.1286751925945282,0.0075392709113657475,0.030657663941383362,0.15279284119606018,1,Moderate
pic-148-_jpg.rf.5a781d389cff26a6e2ee08ce9b0498e7.jpg,0,344,571,196424,165970,30454.0,0.5314776301383972,0.8379790782928467,0.2185821384191513,0.16419915854930878,0.6193969398736954,0.7616289258003235,2,Deep
pic-148-_jpg.rf.8e92fc1a329453e782f06e741d1fc52f.jpg,0,379,537,203523,148709,54814.0,0.6148889064788818,0.9596400260925293,0.26081469655036926,0.17716749012470245,0.69882532954216,0.8541451692581177,2,Deep
pic-148-_jpg.rf.e2bb2aecbf0577a45e672425acfed876.jpg,0,336,555,186480,152161,34319.0,0.508223295211792,0.8067222237586975,0.21037361025810242,0.15265651047229767,0.5963486135005951,0.7195677757263184,2,Deep
pic-149-_jpg.rf.a45f79f8033191bd09e9ef31736ca58e.jpg,0,640,640,409600,388000,21600.0,0.5052716732025146,0.999920129776001,0.0,0.29641515016555786,0.999920129776001,0.9000877141952515,2,Deep
pic-149-_jpg.rf.c349f70d3d136c391a0458b64dd56ebe.jpg,0,638,635,405130,400322,4808.0,0.47852087020874023,0.9988275766372681,0.001734448946081102,0.2998022139072418,0.997093127691187,0.8929136395454407,2,Deep
pic-149-_jpg.rf.e58bb252f96f5f83d1d3290b4e6b8041.jpg,0,634,639,405126,397638,7488.0,0.5108073949813843,1.0,0.006250444334000349,0.2857097089290619,0.9937495556659997,0.8977673649787903,2,Deep
pic-15-_jpg.rf.390f967469ceb20da60cbb99af7e2c16.jpg,0,52,134,6968,5245,1723.0,0.5109618902206421,0.5531615614891052,0.470614492893219,0.0203411728143692,0.08254706859588623,0.5386187434196472,1,Moderate
pic-15-_jpg.rf.390f967469ceb20da60cbb99af7e2c16.jpg,1,44,208,9152,6469,2683.0,0.257836252450943,0.2939286530017853,0.22454939782619476,0.016886521130800247,0.06937925517559052,0.2810724973678589,1,Moderate
pic-15-_jpg.rf.390f967469ceb20da60cbb99af7e2c16.jpg,2,40,265,10600,5960,4640.0,0.18477125465869904,0.21404998004436493,0.15453332662582397,0.012936612591147423,0.059516653418540955,0.20074816048145294,1,Moderate
pic-15-_jpg.rf.390f967469ceb20da60cbb99af7e2c16.jpg,3,47,223,10481,5136,5345.0,0.3056257963180542,0.32763785123825073,0.2819384038448334,0.011471598409116268,0.04569944739341736,0.32106468081474304,1,Moderate
pic-15-_jpg.rf.390f967469ceb20da60cbb99af7e2c16.jpg,4,29,98,2842,1785,1057.0,0.22887152433395386,0.2482602596282959,0.21272976696491241,0.008851208724081516,0.035530492663383484,0.241155207157135,1,Moderate
pic-15-_jpg.rf.5331a19ad3f6b2b37894ae4f0072cea0.jpg,0,50,137,6850,5227,1623.0,0.47645655274391174,0.5159602165222168,0.435031920671463,0.019770115613937378,0.08092829585075378,0.5024809241294861,1,Moderate
pic-15-_jpg.rf.5331a19ad3f6b2b37894ae4f0072cea0.jpg,1,50,203,10150,6287,3863.0,0.2771788239479065,0.3152281641960144,0.2419138103723526,0.017611078917980194,0.0733143538236618,0.3011980354785919,1,Moderate
pic-15-_jpg.rf.5331a19ad3f6b2b37894ae4f0072cea0.jpg,2,51,263,13413,5859,7554.0,0.20123513042926788,0.23337016999721527,0.16893832385540009,0.014114512130618095,0.06443184614181519,0.21910472214221954,1,Moderate
pic-15-_jpg.rf.5331a19ad3f6b2b37894ae4f0072cea0.jpg,3,32,222,7104,5013,2091.0,0.31082236766815186,0.33547601103782654,0.28859949111938477,0.011373808607459068,0.04687651991844177,0.32627251744270325,1,Moderate
pic-15-_jpg.rf.5331a19ad3f6b2b37894ae4f0072cea0.jpg,4,25,97,2425,1766,659.0,0.2270049899816513,0.2439725250005722,0.2089882493019104,0.008758225478231907,0.034984275698661804,0.23895278573036194,1,Moderate
pic-15-_jpg.rf.988cf6bc7c8911ed0169be801328edb7.jpg,0,49,143,7007,5230,1777.0,0.472072035074234,0.5101262927055359,0.4326832592487335,0.01891161873936653,0.07744303345680237,0.49759066104888916,1,Moderate
pic-15-_jpg.rf.988cf6bc7c8911ed0169be801328edb7.jpg,1,37,200,7400,6074,1326.0,0.2679804265499115,0.3030534088611603,0.23608596622943878,0.016353096812963486,0.0669674426317215,0.29038771986961365,1,Moderate
pic-15-_jpg.rf.988cf6bc7c8911ed0169be801328edb7.jpg,2,29,258,7482,5400,2082.0,0.19757822155952454,0.22554677724838257,0.16920430958271027,0.012404710985720158,0.0563424676656723,0.21329531073570251,1,Moderate
pic-15-_jpg.rf.988cf6bc7c8911ed0169be801328edb7.jpg,3,28,217,6076,4824,1252.0,0.3074227571487427,0.32878467440605164,0.28612688183784485,0.010628875344991684,0.04265779256820679,0.321759968996048,1,Moderate
pic-15-_jpg.rf.988cf6bc7c8911ed0169be801328edb7.jpg,4,21,95,1995,1716,279.0,0.2298690378665924,0.24677276611328125,0.21478863060474396,0.008358247578144073,0.03198413550853729,0.24137218296527863,1,Moderate
pic-150-_jpg.rf.0f181e46348e6b83b3a218d5ea72eef2.jpg,0,56,74,4144,3112,1032.0,0.6041481494903564,0.6626932621002197,0.5598085522651672,0.024412106722593307,0.10288470983505249,0.6384620070457458,0,Shallow
pic-150-_jpg.rf.0f181e46348e6b83b3a218d5ea72eef2.jpg,1,26,70,1820,1426,394.0,0.5773030519485474,0.6006513237953186,0.5521804690361023,0.012183049693703651,0.04847085475921631,0.5938400030136108,0,Shallow
pic-150-_jpg.rf.0f181e46348e6b83b3a218d5ea72eef2.jpg,2,38,200,7600,4193,3407.0,0.33635997772216797,0.36986395716667175,0.3139917254447937,0.012461649253964424,0.05587223172187805,0.3541010022163391,1,Moderate
pic-150-_jpg.rf.0f181e46348e6b83b3a218d5ea72eef2.jpg,3,36,83,2988,1406,1582.0,0.3704847991466522,0.402792364358902,0.33366629481315613,0.01830940693616867,0.06912606954574585,0.3934807777404785,1,Moderate
pic-150-_jpg.rf.80838b8e9f59a59d85e9727727b31fd7.jpg,0,57,73,4161,3047,1114.0,0.5802707076072693,0.6327103972434998,0.541962742805481,0.02147361822426319,0.0907476544380188,0.6102410554885864,0,Shallow
pic-150-_jpg.rf.80838b8e9f59a59d85e9727727b31fd7.jpg,1,26,69,1794,1378,416.0,0.5586202144622803,0.5789171457290649,0.5363284945487976,0.010781551711261272,0.042588651180267334,0.5727551579475403,1,Moderate
pic-150-_jpg.rf.80838b8e9f59a59d85e9727727b31fd7.jpg,2,29,198,5742,4110,1632.0,0.3399335741996765,0.36974817514419556,0.3206477761268616,0.011019567027688026,0.049100399017333984,0.35555213689804077,1,Moderate
pic-150-_jpg.rf.80838b8e9f59a59d85e9727727b31fd7.jpg,3,40,80,3200,1399,1801.0,0.3735445737838745,0.4031507968902588,0.34125396609306335,0.01655721664428711,0.061896830797195435,0.3945203721523285,1,Moderate
pic-150-_jpg.rf.e47d187e86dd6eb504660921449a7883.jpg,0,59,77,4543,3320,1223.0,0.5486128330230713,0.6008017063140869,0.5083892941474915,0.022239968180656433,0.09241241216659546,0.5795484185218811,0,Shallow
pic-150-_jpg.rf.e47d187e86dd6eb504660921449a7883.jpg,1,27,72,1944,1505,439.0,0.5301614999771118,0.551328182220459,0.5075048804283142,0.011192060075700283,0.043823301792144775,0.5448949933052063,1,Moderate
pic-150-_jpg.rf.e47d187e86dd6eb504660921449a7883.jpg,2,32,205,6560,4453,2107.0,0.30925604701042175,0.33732813596725464,0.28899136185646057,0.011316768825054169,0.04833677411079407,0.3254006505012512,1,Moderate
pic-150-_jpg.rf.e47d187e86dd6eb504660921449a7883.jpg,3,39,86,3354,1485,1869.0,0.34051257371902466,0.36816367506980896,0.31013527512550354,0.01549973152577877,0.05802839994430542,0.3602965772151947,1,Moderate
pic-153-_jpg.rf.61b165d52cdeea1e1a674f2e8e3912d5.jpg,0,319,377,120263,74521,45742.0,0.7038071155548096,0.9603828191757202,0.4707946181297302,0.1177498996257782,0.48958820104599,0.8643628358840942,2,Deep
pic-153-_jpg.rf.61b165d52cdeea1e1a674f2e8e3912d5.jpg,1,104,209,21736,15603,6133.0,0.2570182979106903,0.5564648509025574,0.16523385047912598,0.04515043646097183,0.3912310004234314,0.31080663204193115,1,Moderate
pic-153-_jpg.rf.61b165d52cdeea1e1a674f2e8e3912d5.jpg,2,52,128,6656,4710,1946.0,0.5353943705558777,0.5827901363372803,0.5006297826766968,0.019395574927330017,0.0821603536605835,0.5627099871635437,0,Shallow
pic-153-_jpg.rf.c2e6d6e3806754b1713a36a954367a60.jpg,0,311,356,110716,69736,40980.0,0.6859976053237915,0.9202180504798889,0.46217650175094604,0.11145754158496857,0.45804154872894287,0.8361159563064575,0,Shallow
pic-153-_jpg.rf.c2e6d6e3806754b1713a36a954367a60.jpg,1,100,226,22600,15403,7197.0,0.26667115092277527,0.3469632565975189,0.17793358862400055,0.04037683829665184,0.16902966797351837,0.3208601772785187,1,Moderate
pic-153-_jpg.rf.c2e6d6e3806754b1713a36a954367a60.jpg,2,53,122,6466,4448,2018.0,0.5259288549423218,0.5743420124053955,0.4899650514125824,0.019762221723794937,0.08437696099281311,0.5535141825675964,1,Moderate
pic-153-_jpg.rf.f7752000f79cfa2acc35f9a7149ee56d.jpg,0,301,362,108962,68203,40759.0,0.6794858574867249,0.923697292804718,0.4603671133518219,0.1117379367351532,0.4633301794528961,0.831372082233429,0,Shallow
pic-153-_jpg.rf.f7752000f79cfa2acc35f9a7149ee56d.jpg,1,101,220,22220,15164,7056.0,0.25165215134620667,0.33496880531311035,0.17023727297782898,0.036580413579940796,0.16473153233528137,0.30119788646698,1,Moderate
pic-153-_jpg.rf.f7752000f79cfa2acc35f9a7149ee56d.jpg,2,47,122,5734,4385,1349.0,0.5222266316413879,0.5731149911880493,0.4860876202583313,0.02046031504869461,0.08702737092971802,0.5511292219161987,1,Moderate
pic-155-_jpg.rf.424bbc028685f5de7e9cc866eb988b1e.jpg,0,196,387,75852,54721,21131.0,0.8229008913040161,0.9855477213859558,0.6633581519126892,0.0754043236374855,0.3221895694732666,0.9217371940612793,0,Shallow
pic-155-_jpg.rf.424bbc028685f5de7e9cc866eb988b1e.jpg,1,133,268,35644,22027,13617.0,0.4176768362522125,0.5320513248443604,0.31496483087539673,0.05099713057279587,0.21708649396896362,0.4900611639022827,1,Moderate
pic-155-_jpg.rf.a0f2c54c02aec34c0ca6138b4635c155.jpg,0,203,392,79576,55346,24230.0,0.8221731185913086,0.9950962662696838,0.6592062711715698,0.07884377241134644,0.335889995098114,0.9280061721801758,0,Shallow
pic-155-_jpg.rf.a0f2c54c02aec34c0ca6138b4635c155.jpg,1,123,270,33210,22268,10942.0,0.4349205791950226,0.5363678932189941,0.341491162776947,0.04972367361187935,0.19487673044204712,0.5070856213569641,1,Moderate
pic-155-_jpg.rf.ba6a2e4e1abc6f5aa893e46932e4df4f.jpg,0,205,380,77900,51224,26676.0,0.7781878709793091,0.949150800704956,0.624911904335022,0.07496186345815659,0.3242388963699341,0.8785977959632874,0,Shallow
pic-155-_jpg.rf.ba6a2e4e1abc6f5aa893e46932e4df4f.jpg,1,106,257,27242,20564,6678.0,0.4121403396129608,0.5062320232391357,0.32379648089408875,0.046170227229595184,0.182435542345047,0.47868531942367554,1,Moderate
pic-156-_jpg.rf.3b94cd14bdbf92f4cd57497def72b167.jpg,0,173,164,28372,18206,10166.0,0.5166725516319275,0.6582449674606323,0.4198009967803955,0.05689387023448944,0.23844397068023682,0.6021368503570557,0,Shallow
pic-156-_jpg.rf.3b94cd14bdbf92f4cd57497def72b167.jpg,1,108,307,33156,14778,18378.0,0.8825691938400269,0.9550334215164185,0.7514725923538208,0.039289094507694244,0.20356082916259766,0.9258047938346863,0,Shallow
pic-156-_jpg.rf.9e41f44435259c8fa4baadcdbc5f0f7f.jpg,0,168,184,30912,20045,10867.0,0.5393272042274475,0.7025192379951477,0.42903637886047363,0.06435675919055939,0.2734828591346741,0.6365054845809937,0,Shallow
pic-156-_jpg.rf.9e41f44435259c8fa4baadcdbc5f0f7f.jpg,1,147,291,42777,14327,28450.0,0.9346995949745178,0.9971545934677124,0.7873744368553162,0.04591556638479233,0.20978015661239624,0.9834842085838318,0,Shallow
pic-156-_jpg.rf.a3c099766b4b6cb736f460bf8f3b8377.jpg,0,196,156,30576,20086,10490.0,0.5578832030296326,0.7059173583984375,0.44653379917144775,0.0626206323504448,0.25938355922698975,0.6504131555557251,0,Shallow
pic-156-_jpg.rf.a3c099766b4b6cb736f460bf8f3b8377.jpg,1,76,333,25308,11901,13407.0,0.9021649360656738,0.9567116498947144,0.7935087084770203,0.032739199697971344,0.1632029414176941,0.9364925026893616,0,Shallow
pic-158-_jpg.rf.21962dcea10b8f2209ae3fdb9797b6c6.jpg,0,85,92,7820,3282,4538.0,0.8673681020736694,0.9490845799446106,0.7844210267066956,0.03998175635933876,0.16466355323791504,0.9207167625427246,0,Shallow
pic-158-_jpg.rf.21962dcea10b8f2209ae3fdb9797b6c6.jpg,1,35,46,1610,983,627.0,0.7498673796653748,0.787118673324585,0.7171428203582764,0.0171094611287117,0.0699758529663086,0.7732760310173035,0,Shallow
pic-158-_jpg.rf.7c67c2036a30fd93eed5361cc2f4f1c8.jpg,0,81,95,7695,3309,4386.0,0.7950652241706848,0.8724645972251892,0.7195812463760376,0.037114664912223816,0.1528833508491516,0.8455720543861389,0,Shallow
pic-158-_jpg.rf.7c67c2036a30fd93eed5361cc2f4f1c8.jpg,1,34,47,1598,1001,597.0,0.6837518215179443,0.7189520001411438,0.6518260836601257,0.016205651685595512,0.06712591648101807,0.7055913805961609,0,Shallow
pic-158-_jpg.rf.bb32e2985b2c29e77029a0452ab20bac.jpg,0,77,114,8778,4067,4711.0,0.8112083077430725,0.899581253528595,0.7311588525772095,0.039425935596227646,0.1684224009513855,0.8646568655967712,0,Shallow
pic-158-_jpg.rf.bb32e2985b2c29e77029a0452ab20bac.jpg,1,32,54,1728,1206,522.0,0.7029829025268555,0.7376662492752075,0.6714509129524231,0.016203973442316055,0.06621533632278442,0.7247574329376221,0,Shallow
pic-159-_jpg.rf.12b33adab537f585de7b3d85b848618e.jpg,0,265,288,76320,33892,42428.0,0.5706766843795776,0.8033422827720642,0.3066994249820709,0.12409889698028564,0.4966428577899933,0.7361448407173157,0,Shallow
pic-159-_jpg.rf.1ed8251ec141db216fc5041d7838f5e1.jpg,0,289,261,75429,33074,42355.0,0.4200647175312042,0.6076053977012634,0.2107146978378296,0.0987403392791748,0.39689069986343384,0.5521156191825867,0,Shallow
pic-159-_jpg.rf.2dcc275359fb301602e6957a56e13dc7.jpg,0,227,280,63560,28740,34820.0,0.5070632696151733,0.7109541893005371,0.2788166105747223,0.10814942419528961,0.4321375787258148,0.6513717770576477,0,Shallow
pic-16-_jpg.rf.0d031ce3c207297977b4c60a77d278da.jpg,0,76,228,17328,9564,7764.0,0.3667494058609009,0.4443172812461853,0.31423312425613403,0.027854852378368378,0.13008415699005127,0.40662842988967896,1,Moderate
pic-16-_jpg.rf.47407d69db6694be4d9fa4b3c032d235.jpg,0,60,233,13980,9957,4023.0,0.38198763132095337,0.46032974123954773,0.32245609164237976,0.028426475822925568,0.13787364959716797,0.41990646719932556,1,Moderate
pic-16-_jpg.rf.946ec84ddfa3a53b7b2d407349f08e62.jpg,0,101,240,24240,10822,13418.0,0.383067786693573,0.4701913595199585,0.31951725482940674,0.031716182827949524,0.15067410469055176,0.4278694987297058,1,Moderate
pic-160-_jpg.rf.046afe1498d1564227421d54b7abdcaa.jpg,0,126,129,16254,12886,3368.0,0.7720770239830017,0.8718585968017578,0.6983555555343628,0.04547221213579178,0.17350304126739502,0.837188184261322,0,Shallow
pic-160-_jpg.rf.046afe1498d1564227421d54b7abdcaa.jpg,1,64,60,3840,2762,1078.0,0.49340537190437317,0.5496509671211243,0.4508105218410492,0.02323046885430813,0.09884044528007507,0.5287219882011414,1,Moderate
pic-160-_jpg.rf.8ac19617548efc70a9281d8dc3794dfd.jpg,0,126,126,15876,13005,2871.0,0.7285163998603821,0.845532238483429,0.6610742211341858,0.046783167868852615,0.18445801734924316,0.7983291745185852,0,Shallow
pic-160-_jpg.rf.8ac19617548efc70a9281d8dc3794dfd.jpg,1,64,58,3712,2788,924.0,0.48319146037101746,0.5393599271774292,0.4493902325630188,0.021394401788711548,0.0899696946144104,0.5160269141197205,1,Moderate
pic-160-_jpg.rf.acf7ae50b1e59b9e6e4bbf150e8055a9.jpg,0,116,118,13688,11287,2401.0,0.6969072818756104,0.7956253290176392,0.6205034255981445,0.04581084102392197,0.17512190341949463,0.7624891996383667,0,Shallow
pic-160-_jpg.rf.acf7ae50b1e59b9e6e4bbf150e8055a9.jpg,1,59,53,3127,2427,700.0,0.4812006652355194,0.5228212475776672,0.44516894221305847,0.019181959331035614,0.07765230536460876,0.5085256099700928,1,Moderate
pic-162-_jpg.rf.69c191909f6cc1a946105b08efab6224.jpg,0,178,255,45390,28158,17232.0,0.6324647068977356,0.8073986172676086,0.457112193107605,0.07944754511117935,0.35028642416000366,0.7394829988479614,0,Shallow
pic-162-_jpg.rf.69c191909f6cc1a946105b08efab6224.jpg,1,20,82,1640,1328,312.0,0.2682459354400635,0.30377325415611267,0.2455604374408722,0.011844300664961338,0.05821281671524048,0.284687340259552,1,Moderate
pic-162-_jpg.rf.7352a1a695f0ce198ca67b3f1c186fd6.jpg,0,166,250,41500,25581,15919.0,0.6134946346282959,0.7783234715461731,0.45114555954933167,0.07431937009096146,0.32717791199684143,0.7149434089660645,0,Shallow
pic-162-_jpg.rf.7352a1a695f0ce198ca67b3f1c186fd6.jpg,1,24,88,2112,1417,695.0,0.26047930121421814,0.2904180884361267,0.23896127939224243,0.011743275448679924,0.05145680904388428,0.27734795212745667,1,Moderate
pic-162-_jpg.rf.f847c9d3c6c04f210e5e2f3e8eb444d4.jpg,0,182,248,45136,28463,16673.0,0.6208829283714294,0.7927945852279663,0.44022807478904724,0.08138468116521835,0.35256651043891907,0.7302708029747009,0,Shallow
pic-162-_jpg.rf.f847c9d3c6c04f210e5e2f3e8eb444d4.jpg,1,24,76,1824,1249,575.0,0.2547314167022705,0.2912311553955078,0.23304961621761322,0.011603370308876038,0.05818153917789459,0.27058878540992737,1,Moderate
pic-163-_jpg.rf.2677c0fd3f9bec65c04ee82b7d8a000a.jpg,0,299,398,119002,75438,43564.0,0.7485650777816772,0.9461773037910461,0.4486265480518341,0.11904473602771759,0.49755075573921204,0.8901817202568054,2,Deep
pic-163-_jpg.rf.75e0f6d481468e27710dc5bec3a78ea2.jpg,0,321,396,127116,77469,49647.0,0.6806129217147827,0.8785772323608398,0.41405776143074036,0.11117121577262878,0.4645194709300995,0.8184714913368225,2,Deep
pic-163-_jpg.rf.d56b832482912f0e78e017e95747fdea.jpg,0,304,358,108832,66906,41926.0,0.6562748551368713,0.8334763050079346,0.40732914209365845,0.10267546772956848,0.4261471629142761,0.780070960521698,0,Shallow
pic-164-_jpg.rf.31facecf28467c64106a888177c293c4.jpg,0,249,464,115536,44395,71141.0,0.5107458829879761,0.6818417906761169,0.2902268171310425,0.10214627534151077,0.39161497354507446,0.6406624913215637,0,Shallow
pic-164-_jpg.rf.34bf0aa5f308144c68fb1b5f9a1b9423.jpg,0,161,509,81949,51976,29973.0,0.5844033360481262,0.7532562017440796,0.395073264837265,0.09469395130872726,0.3581829369068146,0.7087908983230591,0,Shallow
pic-164-_jpg.rf.9248a616cb0e3d24aa2bb44288e019ce.jpg,0,193,488,94184,43728,50456.0,0.5249658823013306,0.661995530128479,0.38615912199020386,0.06940851360559464,0.27583640813827515,0.6193619966506958,0,Shallow
pic-166-_jpg.rf.2f4d36fff66d603c99b22043abc562ba.jpg,0,111,438,48618,24950,23668.0,0.2157139927148819,0.29186487197875977,0.1791532337665558,0.01692100241780281,0.11271163821220398,0.2337399125099182,1,Moderate
pic-166-_jpg.rf.2f4d36fff66d603c99b22043abc562ba.jpg,1,80,208,16640,13475,3165.0,0.46528416872024536,0.5628743767738342,0.4325845539569855,0.028930505737662315,0.13028982281684875,0.5043843984603882,1,Moderate
pic-166-_jpg.rf.33cf824f2784fd32a3bb22c67f3fdabc.jpg,0,101,450,45450,26282,19168.0,0.24069222807884216,0.32495367527008057,0.1850501149892807,0.02344031073153019,0.13990356028079987,0.2694779634475708,1,Moderate
pic-166-_jpg.rf.33cf824f2784fd32a3bb22c67f3fdabc.jpg,1,85,213,18105,14082,4023.0,0.5440025329589844,0.6131482720375061,0.491961807012558,0.024926790967583656,0.12118646502494812,0.5794442296028137,0,Shallow
pic-166-_jpg.rf.77f1227905045ad65f8fda0d6427dbe5.jpg,0,164,475,77900,30831,47069.0,0.23633967339992523,0.33315134048461914,0.16063405573368073,0.03344687446951866,0.17251728475093842,0.28139421343803406,1,Moderate
pic-166-_jpg.rf.77f1227905045ad65f8fda0d6427dbe5.jpg,1,100,232,23200,16600,6600.0,0.5442391037940979,0.644343912601471,0.5066203474998474,0.030558288097381592,0.13772356510162354,0.5868304371833801,0,Shallow
pic-167-_jpg.rf.307e87780d9f502b50e422c4a80d38c9.jpg,0,103,98,10094,5927,4167.0,0.19495996832847595,0.26118147373199463,0.14525078237056732,0.027736205607652664,0.11593069136142731,0.23576214909553528,1,Moderate
pic-167-_jpg.rf.307e87780d9f502b50e422c4a80d38c9.jpg,1,34,74,2516,1705,811.0,0.12678879499435425,0.14524051547050476,0.10998278111219406,0.00875570997595787,0.0352577343583107,0.13965249061584473,1,Moderate
pic-167-_jpg.rf.5d211f0e20e55adab672af34f9df1940.jpg,0,105,100,10500,6110,4390.0,0.197838693857193,0.2689370810985565,0.14704497158527374,0.028458304703235626,0.12189210951328278,0.2398119568824768,1,Moderate
pic-167-_jpg.rf.5d211f0e20e55adab672af34f9df1940.jpg,1,35,75,2625,1773,852.0,0.1287223994731903,0.14785240590572357,0.11242818087339401,0.008565597236156464,0.03542422503232956,0.14123138785362244,1,Moderate
pic-167-_jpg.rf.f15ca9251a252759a4206b00e88066ea.jpg,0,106,103,10918,6315,4603.0,0.19615012407302856,0.26861387491226196,0.14617300033569336,0.029308293014764786,0.1224408745765686,0.24000278115272522,1,Moderate
pic-167-_jpg.rf.f15ca9251a252759a4206b00e88066ea.jpg,1,35,76,2660,1792,868.0,0.12784849107265472,0.14631617069244385,0.11021701246500015,0.00909450650215149,0.036099158227443695,0.1408083438873291,1,Moderate
pic-168-_jpg.rf.470ca7ba7c3aed3a3ff0ca36725fadb6.jpg,0,73,161,11753,9284,2469.0,0.35629820823669434,0.41400352120399475,0.30403730273246765,0.027608826756477356,0.1099662184715271,0.3949206471443176,1,Moderate
pic-168-_jpg.rf.ad622f815165a84798a7922e02a02876.jpg,0,73,149,10877,8324,2553.0,0.41947638988494873,0.48384103178977966,0.35974636673927307,0.030858341604471207,0.12409466505050659,0.46263444423675537,1,Moderate
pic-168-_jpg.rf.d6e69d2d4e07bc489d1f95b357e47d26.jpg,0,87,152,13224,9073,4151.0,0.29958376288414,0.3450947701931,0.25658294558525085,0.02173338457942009,0.08851182460784912,0.32995882630348206,1,Moderate
pic-169-_jpg.rf.ab0a07cd761c2739c0051926b50b0593.jpg,0,109,187,20383,13799,6584.0,0.6481540203094482,0.7323893904685974,0.5496005415916443,0.04761368781328201,0.18278884887695312,0.7101208567619324,0,Shallow
pic-169-_jpg.rf.ab0a07cd761c2739c0051926b50b0593.jpg,1,60,104,6240,4537,1703.0,0.5201483368873596,0.5727438926696777,0.4714652895927429,0.025349123403429985,0.10127860307693481,0.556385338306427,1,Moderate
pic-169-_jpg.rf.ab0a07cd761c2739c0051926b50b0593.jpg,2,60,105,6300,3775,2525.0,0.40026959776878357,0.45133844017982483,0.3566001057624817,0.02251032181084156,0.09473833441734314,0.43185847997665405,1,Moderate
pic-169-_jpg.rf.ce08674b1ae95506239ffe1d5e92d8a1.jpg,0,122,206,25132,15563,9569.0,0.6474823951721191,0.7413192987442017,0.5377532839775085,0.05185238644480705,0.20356601476669312,0.7147383689880371,0,Shallow
pic-169-_jpg.rf.ce08674b1ae95506239ffe1d5e92d8a1.jpg,1,65,111,7215,5051,2164.0,0.513731837272644,0.5732865333557129,0.457293838262558,0.028734257444739342,0.11599269509315491,0.5545457601547241,1,Moderate
pic-169-_jpg.rf.ce08674b1ae95506239ffe1d5e92d8a1.jpg,2,74,103,7622,4277,3345.0,0.3868182301521301,0.44402995705604553,0.3337421417236328,0.026424093171954155,0.11028781533241272,0.4239789843559265,1,Moderate
pic-169-_jpg.rf.f326f486b62b79f5bc791704fabd90e8.jpg,0,115,197,22655,14528,8127.0,0.6046501398086548,0.6933298110961914,0.5025613903999329,0.04870474711060524,0.19076842069625854,0.6682720184326172,0,Shallow
pic-169-_jpg.rf.f326f486b62b79f5bc791704fabd90e8.jpg,1,63,107,6741,4752,1989.0,0.4797424376010895,0.5333879590034485,0.42951643466949463,0.025769127532839775,0.10387152433395386,0.5164419412612915,1,Moderate
pic-169-_jpg.rf.f326f486b62b79f5bc791704fabd90e8.jpg,2,70,103,7210,3985,3225.0,0.36164093017578125,0.4163035750389099,0.3127425014972687,0.024631327018141747,0.10356107354164124,0.3965504467487335,1,Moderate
pic-170-_jpg.rf.3571a1273709f941c4936d6ee8b32214.jpg,0,65,82,5330,3803,1527.0,0.5984929203987122,0.6530570983886719,0.5533922910690308,0.02417317032814026,0.09966480731964111,0.6326242685317993,0,Shallow
pic-170-_jpg.rf.3571a1273709f941c4936d6ee8b32214.jpg,1,37,45,1665,1237,428.0,0.4063054621219635,0.4330725073814392,0.3774664103984833,0.014645848423242569,0.05560609698295593,0.4266250431537628,1,Moderate
pic-170-_jpg.rf.3571a1273709f941c4936d6ee8b32214.jpg,2,33,79,2607,1837,770.0,0.22444003820419312,0.25108569860458374,0.20191992819309235,0.011603588238358498,0.049165770411491394,0.24141141772270203,1,Moderate
pic-170-_jpg.rf.3571a1273709f941c4936d6ee8b32214.jpg,3,20,46,920,764,156.0,0.25628790259361267,0.27049970626831055,0.23840411007404327,0.008436604402959347,0.03209559619426727,0.267232745885849,1,Moderate
pic-170-_jpg.rf.a8d1a4654900167fc8106a1f6144ceff.jpg,0,68,94,6392,4585,1807.0,0.6150633692741394,0.6744481325149536,0.5688928365707397,0.0258659515529871,0.10555529594421387,0.651650071144104,0,Shallow
pic-170-_jpg.rf.a8d1a4654900167fc8106a1f6144ceff.jpg,1,45,47,2115,1520,595.0,0.3889898955821991,0.4247738718986511,0.35116028785705566,0.01914793811738491,0.07361358404159546,0.41558802127838135,1,Moderate
pic-170-_jpg.rf.a8d1a4654900167fc8106a1f6144ceff.jpg,2,41,85,3485,2207,1278.0,0.16187958419322968,0.19297140836715698,0.12809404730796814,0.01469472050666809,0.06487736105918884,0.18203391134738922,1,Moderate
pic-170-_jpg.rf.a8d1a4654900167fc8106a1f6144ceff.jpg,3,27,51,1377,942,435.0,0.2104005664587021,0.2326059341430664,0.18724265694618225,0.010791580192744732,0.045363277196884155,0.2241402268409729,1,Moderate
pic-170-_jpg.rf.f6e9c0883eac1443308f4f424ae60db4.jpg,0,70,82,5740,3962,1778.0,0.6177856922149658,0.6748842597007751,0.5705386996269226,0.025507809594273567,0.10434556007385254,0.6538700461387634,0,Shallow
pic-170-_jpg.rf.f6e9c0883eac1443308f4f424ae60db4.jpg,1,37,49,1813,1305,508.0,0.39954015612602234,0.4321049749851227,0.364517480134964,0.01755346916615963,0.06758749485015869,0.4240877330303192,1,Moderate
pic-170-_jpg.rf.f6e9c0883eac1443308f4f424ae60db4.jpg,2,31,80,2480,1894,586.0,0.19096633791923523,0.21973054111003876,0.1645306795835495,0.012705391272902489,0.05519986152648926,0.20895513892173767,1,Moderate
pic-170-_jpg.rf.f6e9c0883eac1443308f4f424ae60db4.jpg,3,21,46,966,800,166.0,0.22822484374046326,0.2455126941204071,0.20761290192604065,0.00960786733776331,0.037899792194366455,0.24056550860404968,1,Moderate
pic-171-_jpg.rf.2de27493e9ea7ae685e6a868e05dff51.jpg,0,119,168,19992,13969,6023.0,0.39686089754104614,0.5110161304473877,0.30796629190444946,0.04641322046518326,0.20304983854293823,0.4628843069076538,1,Moderate
pic-171-_jpg.rf.a81f6e206e422229e3021b0dfb06752f.jpg,0,111,157,17427,12055,5372.0,0.40337273478507996,0.5083204507827759,0.3221924602985382,0.0428655780851841,0.18612799048423767,0.46407583355903625,1,Moderate
pic-171-_jpg.rf.f536cb9ac4138da71c6af4d8a3492050.jpg,0,115,167,19205,12933,6272.0,0.3819788694381714,0.4939073622226715,0.30069348216056824,0.044183436781167984,0.19321388006210327,0.447062611579895,1,Moderate
pic-172-_jpg.rf.171729c8713c604e4d2371b546dfa09f.jpg,0,61,147,8967,5711,3256.0,0.47275683283805847,0.5226203203201294,0.4343542158603668,0.019973445683717728,0.08826610445976257,0.5007662177085876,1,Moderate
pic-172-_jpg.rf.171729c8713c604e4d2371b546dfa09f.jpg,1,35,95,3325,2618,707.0,0.38107410073280334,0.4067946970462799,0.3593253791332245,0.011632444337010384,0.04746931791305542,0.3977908194065094,1,Moderate
pic-172-_jpg.rf.171729c8713c604e4d2371b546dfa09f.jpg,2,46,175,8050,5228,2822.0,0.5179802775382996,0.5567320585250854,0.4747498631477356,0.01976822316646576,0.08198219537734985,0.5447348356246948,1,Moderate
pic-172-_jpg.rf.96d2ff93572de0ce5bd564113ece7ad0.jpg,0,61,163,9943,6727,3216.0,0.47509533166885376,0.5351683497428894,0.4241219460964203,0.026394445449113846,0.11104640364646912,0.5118026733398438,1,Moderate
pic-172-_jpg.rf.96d2ff93572de0ce5bd564113ece7ad0.jpg,1,35,101,3535,3078,457.0,0.3609306514263153,0.39432293176651,0.3291829824447632,0.015971975401043892,0.06513994932174683,0.3827377259731293,1,Moderate
pic-172-_jpg.rf.96d2ff93572de0ce5bd564113ece7ad0.jpg,2,59,185,10915,6128,4787.0,0.5084403157234192,0.8674173951148987,0.4592539668083191,0.026229768991470337,0.4081634283065796,0.5358520746231079,0,Shallow
pic-172-_jpg.rf.b732ca94d029e82283eed3228fae8625.jpg,0,50,168,8400,6747,1653.0,0.4871509075164795,0.5470080375671387,0.4362068474292755,0.025808727368712425,0.11080119013786316,0.5231190919876099,1,Moderate
pic-172-_jpg.rf.b732ca94d029e82283eed3228fae8625.jpg,1,41,99,4059,3122,937.0,0.37365373969078064,0.40549591183662415,0.3441752791404724,0.015977809205651283,0.06132063269615173,0.3959050178527832,1,Moderate
pic-172-_jpg.rf.b732ca94d029e82283eed3228fae8625.jpg,2,80,146,11680,5382,6298.0,0.5551663637161255,0.6314451098442078,0.499338299036026,0.0268989447504282,0.13210681080818176,0.5923402905464172,0,Shallow
pic-174-_jpg.rf.2f427bf4f80837fb0387c3ee0c38e172.jpg,0,26,47,1222,965,257.0,0.6468794941902161,0.6696780920028687,0.627768874168396,0.011059155687689781,0.041909217834472656,0.6624939441680908,0,Shallow
pic-174-_jpg.rf.2f427bf4f80837fb0387c3ee0c38e172.jpg,1,72,174,12528,8638,3890.0,0.6028260588645935,0.6612590551376343,0.5468226075172424,0.02695704624056816,0.11443644762039185,0.6371227502822876,0,Shallow
pic-174-_jpg.rf.5ec8f9ecd96971def7f6e5074c5e0373.jpg,0,28,50,1400,1027,373.0,0.6093665361404419,0.6335605978965759,0.5875556468963623,0.011994509026408195,0.04600495100021362,0.626433789730072,0,Shallow
pic-174-_jpg.rf.5ec8f9ecd96971def7f6e5074c5e0373.jpg,1,89,178,15842,9187,6655.0,0.5529868006706238,0.6103543043136597,0.49465346336364746,0.027334311977028847,0.11570084095001221,0.5884749293327332,0,Shallow
pic-174-_jpg.rf.7ffbfba8e5d63b5f4577f701ca5f7105.jpg,0,33,51,1683,1211,472.0,0.6116219162940979,0.6387946605682373,0.5880914330482483,0.013295476324856281,0.050703227519989014,0.6307433247566223,0,Shallow
pic-174-_jpg.rf.7ffbfba8e5d63b5f4577f701ca5f7105.jpg,1,71,193,13703,10795,2908.0,0.5679608583450317,0.6326735615730286,0.5062869787216187,0.029744870960712433,0.1263865828514099,0.6067268252372742,0,Shallow
pic-176-_jpg.rf.24dea194a3e0e25703a25e481c89dc9c.jpg,0,365,616,224840,169330,55510.0,0.6643164753913879,0.9565220475196838,0.3469208776950836,0.16096122562885284,0.6096011698246002,0.8896671533584595,2,Deep
pic-176-_jpg.rf.24dea194a3e0e25703a25e481c89dc9c.jpg,1,42,112,4704,3159,1545.0,0.22936400771141052,0.6251935362815857,0.1529601663351059,0.13238240778446198,0.4722333699464798,0.5312181115150452,0,Shallow
pic-176-_jpg.rf.24dea194a3e0e25703a25e481c89dc9c.jpg,2,31,113,3503,2138,1365.0,0.2544510066509247,0.2755295932292938,0.23466011881828308,0.010229204781353474,0.04086947441101074,0.26847895979881287,1,Moderate
pic-176-_jpg.rf.8d87b09b011bb4b479cea2d472354334.jpg,0,367,604,221668,169590,52078.0,0.6888561844825745,1.0,0.34488633275032043,0.1782570630311966,0.6551136672496796,0.938684344291687,2,Deep
pic-176-_jpg.rf.8d87b09b011bb4b479cea2d472354334.jpg,1,32,109,3488,2901,587.0,0.21650686860084534,0.6192835569381714,0.15554170310497284,0.11454156786203384,0.46374185383319855,0.2065836489200592,0,Shallow
pic-176-_jpg.rf.8d87b09b011bb4b479cea2d472354334.jpg,2,22,111,2442,2047,395.0,0.2499055415391922,0.26764678955078125,0.2315874993801117,0.009380992501974106,0.036059290170669556,0.2627795934677124,1,Moderate
pic-176-_jpg.rf.be38366f2703b44711a2e9486cc677d3.jpg,0,357,616,219912,166913,52999.0,0.5707319974899292,0.9819786548614502,0.29785987734794617,0.1407811939716339,0.684118777513504,0.7715474367141724,2,Deep
pic-176-_jpg.rf.be38366f2703b44711a2e9486cc677d3.jpg,1,36,121,4356,3595,761.0,0.17483454942703247,0.5391368865966797,0.12828733026981354,0.0867154598236084,0.41084955632686615,0.17254650592803955,1,Moderate
pic-176-_jpg.rf.be38366f2703b44711a2e9486cc677d3.jpg,2,23,123,2829,2451,378.0,0.21351085603237152,0.22825972735881805,0.1965465545654297,0.008226809091866016,0.03171317279338837,0.2246679961681366,1,Moderate
pic-177-_jpg.rf.4b35b04139ea1742026f65aa3e2730fe.jpg,0,125,334,41750,31642,10108.0,0.5218116641044617,0.600433349609375,0.4470464587211609,0.03868050128221512,0.1533868908882141,0.5745397806167603,0,Shallow
pic-177-_jpg.rf.4b35b04139ea1742026f65aa3e2730fe.jpg,1,55,115,6325,4797,1528.0,0.3655364513397217,0.40266722440719604,0.33054542541503906,0.018847238272428513,0.07212179899215698,0.39240869879722595,1,Moderate
pic-177-_jpg.rf.4b35b04139ea1742026f65aa3e2730fe.jpg,2,26,93,2418,1768,650.0,0.32061702013015747,0.3393886387348175,0.30500108003616333,0.008654283359646797,0.034387558698654175,0.3326544165611267,1,Moderate
pic-177-_jpg.rf.86d64524dfd317ff89ce31ff39a3fa83.jpg,0,145,349,50605,34897,15708.0,0.6800951361656189,0.784610390663147,0.5810695290565491,0.05182015895843506,0.2035408616065979,0.7511578798294067,0,Shallow
pic-177-_jpg.rf.86d64524dfd317ff89ce31ff39a3fa83.jpg,1,59,120,7080,5221,1859.0,0.46816837787628174,0.5169374942779541,0.42205291986465454,0.024782592430710793,0.09488457441329956,0.5035063028335571,1,Moderate
pic-177-_jpg.rf.86d64524dfd317ff89ce31ff39a3fa83.jpg,2,29,97,2813,1953,860.0,0.4081452488899231,0.43381983041763306,0.38654375076293945,0.011557895690202713,0.047276079654693604,0.424343466758728,1,Moderate
pic-177-_jpg.rf.c2ece8aa91efbc0843296da9f0892b5b.jpg,0,117,333,38961,31286,7675.0,0.6869816184043884,0.7824170589447021,0.5984588265419006,0.04706016555428505,0.1839582324028015,0.7515401244163513,0,Shallow
pic-177-_jpg.rf.c2ece8aa91efbc0843296da9f0892b5b.jpg,1,53,114,6042,4724,1318.0,0.4952482581138611,0.5381045341491699,0.455314964056015,0.021551158279180527,0.08278957009315491,0.5254687070846558,1,Moderate
pic-177-_jpg.rf.c2ece8aa91efbc0843296da9f0892b5b.jpg,2,26,92,2392,1774,618.0,0.44070854783058167,0.46355703473091125,0.42230433225631714,0.010466235689818859,0.041252702474594116,0.4556732177734375,1,Moderate
pic-179-_jpg.rf.c4a7f4f1cff2653d7d2fbc85d91bddca.jpg,0,366,347,127002,72398,54604.0,0.5133604407310486,0.9736663699150085,0.2092127501964569,0.20227155089378357,0.7644536197185516,0.8165767788887024,2,Deep
pic-179-_jpg.rf.ca0b41b2475176a03280e24fc5d3da7b.jpg,0,347,369,128043,73320,54723.0,0.47833308577537537,0.8824968338012695,0.19488964974880219,0.19236576557159424,0.6876071840524673,0.7623720765113831,0,Shallow
pic-179-_jpg.rf.ff0320a37ee1d098eb9aed6036758287.jpg,0,361,332,119852,74708,45144.0,0.5462248921394348,0.9872147440910339,0.20316720008850098,0.2153996080160141,0.784047544002533,0.8669750690460205,2,Deep
pic-18-_jpg.rf.146c5b1af3190071c88676c409c4dad1.jpg,0,270,391,105570,75335,30235.0,0.6145656704902649,0.9286050796508789,0.3499332666397095,0.14476044476032257,0.5786718130111694,0.8146486878395081,2,Deep
pic-18-_jpg.rf.146c5b1af3190071c88676c409c4dad1.jpg,1,32,153,4896,4072,824.0,0.2532256543636322,0.28639259934425354,0.2229110449552536,0.015821849927306175,0.06348155438899994,0.27550840377807617,1,Moderate
pic-18-_jpg.rf.42022b7bc105da3fc5d269c32db8dbcf.jpg,0,277,409,113293,80972,32321.0,0.6616223454475403,0.9641072750091553,0.37668946385383606,0.14456048607826233,0.5874178111553192,0.8598819971084595,2,Deep
pic-18-_jpg.rf.42022b7bc105da3fc5d269c32db8dbcf.jpg,1,39,157,6123,4399,1724.0,0.28351491689682007,0.31862038373947144,0.24758824706077576,0.018024351447820663,0.07103213667869568,0.3079618811607361,1,Moderate
pic-18-_jpg.rf.f4e625f77be483b3db88308e516192a1.jpg,0,290,417,120930,86457,34473.0,0.558426558971405,0.8509718775749207,0.3120853304862976,0.13241074979305267,0.538886547088623,0.7396593689918518,2,Deep
pic-18-_jpg.rf.f4e625f77be483b3db88308e516192a1.jpg,1,34,163,5542,4664,878.0,0.2291908860206604,0.2617794871330261,0.20189884305000305,0.014212008565664291,0.05988064408302307,0.24904756247997284,1,Moderate
pic-180-_jpg.rf.16f8930512bc55a715ff702283ede87f.jpg,0,61,204,12444,7397,5047.0,0.8487039804458618,0.905433177947998,0.772097647190094,0.03133612871170044,0.13333553075790405,0.8875569105148315,0,Shallow
pic-180-_jpg.rf.16f8930512bc55a715ff702283ede87f.jpg,1,82,108,8856,6710,2146.0,0.6821960806846619,0.7770148515701294,0.594277024269104,0.04535042867064476,0.1827378273010254,0.7448920011520386,0,Shallow
pic-180-_jpg.rf.16f8930512bc55a715ff702283ede87f.jpg,2,44,91,4004,2934,1070.0,0.5194745659828186,0.5703204274177551,0.4666638672351837,0.02578548528254032,0.10365656018257141,0.5547844171524048,1,Moderate
pic-180-_jpg.rf.16f8930512bc55a715ff702283ede87f.jpg,3,48,100,4800,3677,1123.0,0.4098590612411499,0.46681880950927734,0.3537830710411072,0.029462136328220367,0.11303573846817017,0.4508029818534851,1,Moderate
pic-180-_jpg.rf.16f8930512bc55a715ff702283ede87f.jpg,4,36,68,2448,1757,691.0,0.44318515062332153,0.486335426568985,0.40119197964668274,0.02002975530922413,0.08514344692230225,0.4704001843929291,1,Moderate
pic-180-_jpg.rf.16f8930512bc55a715ff702283ede87f.jpg,5,38,84,3192,1592,1600.0,0.304553359746933,0.3385150134563446,0.2591398060321808,0.019707629457116127,0.07937520742416382,0.32967689633369446,1,Moderate
pic-180-_jpg.rf.16f8930512bc55a715ff702283ede87f.jpg,6,70,93,6510,4096,2414.0,0.44963783025741577,0.5415932536125183,0.36508163809776306,0.04377418011426926,0.17651161551475525,0.5122815370559692,1,Moderate
pic-180-_jpg.rf.16f8930512bc55a715ff702283ede87f.jpg,7,47,23,1081,868,213.0,0.610399067401886,0.6719959378242493,0.5645342469215393,0.0260531734675169,0.10746169090270996,0.6468164920806885,0,Shallow
pic-180-_jpg.rf.544e62b6d885e8e5cc375189b6c13233.jpg,0,72,341,24552,13822,10730.0,0.870937168598175,0.935479998588562,0.7645303010940552,0.04106442630290985,0.17094969749450684,0.9193683862686157,0,Shallow
pic-180-_jpg.rf.544e62b6d885e8e5cc375189b6c13233.jpg,1,77,108,8316,6489,1827.0,0.6759105324745178,0.7716699838638306,0.5918272137641907,0.04472123458981514,0.1798427700996399,0.7390020489692688,0,Shallow
pic-180-_jpg.rf.544e62b6d885e8e5cc375189b6c13233.jpg,2,41,88,3608,2814,794.0,0.5202960968017578,0.5674464106559753,0.47123000025749207,0.02453998662531376,0.09621641039848328,0.5540655255317688,1,Moderate
pic-180-_jpg.rf.544e62b6d885e8e5cc375189b6c13233.jpg,3,46,96,4416,3538,878.0,0.41764652729034424,0.4718306362628937,0.3633260726928711,0.0284137986600399,0.10850456357002258,0.45709431171417236,1,Moderate
pic-180-_jpg.rf.544e62b6d885e8e5cc375189b6c13233.jpg,4,34,68,2312,1672,640.0,0.44613486528396606,0.4871695935726166,0.40679797530174255,0.019046636298298836,0.08037161827087402,0.4722750782966614,1,Moderate
pic-180-_jpg.rf.544e62b6d885e8e5cc375189b6c13233.jpg,5,31,85,2635,1552,1083.0,0.3169141113758087,0.3484767973423004,0.27578461170196533,0.017891336232423782,0.07269218564033508,0.3400569260120392,1,Moderate
pic-180-_jpg.rf.544e62b6d885e8e5cc375189b6c13233.jpg,6,71,90,6390,3944,2446.0,0.4563339650630951,0.5424482226371765,0.37758171558380127,0.04048469290137291,0.16486650705337524,0.5143322944641113,1,Moderate
pic-180-_jpg.rf.544e62b6d885e8e5cc375189b6c13233.jpg,7,83,76,6308,4172,2136.0,0.6392595171928406,0.7578299641609192,0.5589715838432312,0.046345457434654236,0.198858380317688,0.7070401310920715,0,Shallow
pic-180-_jpg.rf.edbdd29c7a063d66218221470a7e44f5.jpg,0,75,324,24300,14357,9943.0,0.8964179754257202,0.9800854921340942,0.7785364389419556,0.04606498405337334,0.20154905319213867,0.9509271383285522,0,Shallow
pic-180-_jpg.rf.edbdd29c7a063d66218221470a7e44f5.jpg,1,71,101,7171,5692,1479.0,0.6889684796333313,0.7849300503730774,0.6044331789016724,0.04496252164244652,0.18049687147140503,0.7521647810935974,0,Shallow
pic-180-_jpg.rf.edbdd29c7a063d66218221470a7e44f5.jpg,2,39,83,3237,2492,745.0,0.5299028158187866,0.5778656601905823,0.47937899827957153,0.024946661666035652,0.09848666191101074,0.563931941986084,1,Moderate
pic-180-_jpg.rf.edbdd29c7a063d66218221470a7e44f5.jpg,3,43,90,3870,3144,726.0,0.4265298545360565,0.48075270652770996,0.37187445163726807,0.02862611785531044,0.1088782548904419,0.4660234749317169,1,Moderate
pic-180-_jpg.rf.edbdd29c7a063d66218221470a7e44f5.jpg,4,31,65,2015,1478,537.0,0.45558807253837585,0.49596917629241943,0.41658449172973633,0.018893368542194366,0.0793846845626831,0.48141294717788696,1,Moderate
pic-180-_jpg.rf.edbdd29c7a063d66218221470a7e44f5.jpg,5,28,80,2240,1362,878.0,0.3251645267009735,0.3568664491176605,0.2831687331199646,0.018408717587590218,0.07369771599769592,0.34876906871795654,1,Moderate
pic-180-_jpg.rf.edbdd29c7a063d66218221470a7e44f5.jpg,6,68,84,5712,3510,2202.0,0.46630170941352844,0.5540660619735718,0.3856945037841797,0.041450079530477524,0.1683715581893921,0.5259559154510498,1,Moderate
pic-180-_jpg.rf.edbdd29c7a063d66218221470a7e44f5.jpg,7,147,92,13524,5728,7796.0,0.6899223327636719,0.9409002065658569,0.5700667500495911,0.08422467857599258,0.37083345651626587,0.8282966613769531,0,Shallow
pic-181-_jpg.rf.4c915083eb98e45fee4d4f707f89406a.jpg,0,255,409,104295,71429,32866.0,0.30692049860954285,0.6714189648628235,0.0995979756116867,0.14858072996139526,0.5718209892511368,0.5499529838562012,0,Shallow
pic-181-_jpg.rf.d2e46218aa9286f174c99c772f1c1758.jpg,0,300,399,119700,70442,49258.0,0.36289480328559875,0.6632609963417053,0.18045108020305634,0.1231047660112381,0.482809916138649,0.5552954077720642,0,Shallow
pic-181-_jpg.rf.e0d1623b0c6c69da4a967af45bebbdbd.jpg,0,274,405,110970,70416,40554.0,0.37454676628112793,0.6698812246322632,0.18762394785881042,0.12193157523870468,0.48225727677345276,0.5687918663024902,0,Shallow
pic-182-_jpg.rf.0689172bca1eeb50732cceb0a2d2dbc7.jpg,0,79,91,7189,5145,2044.0,0.30878740549087524,0.3520820140838623,0.2674424350261688,0.02080567739903927,0.08463957905769348,0.3374280333518982,1,Moderate
pic-182-_jpg.rf.0689172bca1eeb50732cceb0a2d2dbc7.jpg,1,198,115,22770,8829,13941.0,0.43974804878234863,0.7285393476486206,0.3283320963382721,0.06352152675390244,0.4002072513103485,0.5206987857818604,0,Shallow
pic-182-_jpg.rf.236dc9bd798d6f8c56dbfdc5754e3b68.jpg,0,74,88,6512,5031,1481.0,0.5444067120552063,0.6141179203987122,0.47755324840545654,0.03391585499048233,0.13656467199325562,0.590657114982605,0,Shallow
pic-182-_jpg.rf.236dc9bd798d6f8c56dbfdc5754e3b68.jpg,1,189,139,26271,8608,17663.0,0.7480096817016602,0.9221371412277222,0.574867308139801,0.09449759870767593,0.34726983308792114,0.8793672919273376,0,Shallow
pic-182-_jpg.rf.4b148a54550e9eeccfacda80024037b1.jpg,0,79,92,7268,5328,1940.0,0.51778644323349,0.5870311856269836,0.44643065333366394,0.03499148413538933,0.1406005322933197,0.5651841759681702,0,Shallow
pic-182-_jpg.rf.4b148a54550e9eeccfacda80024037b1.jpg,1,203,125,25375,9175,16200.0,0.706278383731842,0.8652735352516174,0.5368034839630127,0.09008103609085083,0.32847005128860474,0.8308385014533997,0,Shallow
pic-185-_jpg.rf.4bf9653396b984986c36623ca51a9b89.jpg,0,133,472,62776,41420,21356.0,0.5646299719810486,0.6427525281906128,0.4837469160556793,0.036628078669309616,0.15900561213493347,0.6120203733444214,0,Shallow
pic-185-_jpg.rf.4bf9653396b984986c36623ca51a9b89.jpg,1,71,153,10863,6040,4823.0,0.19777028262615204,0.631162166595459,0.1581318974494934,0.03110070340335369,0.4730302691459656,0.21891289949417114,0,Shallow
pic-185-_jpg.rf.4bf9653396b984986c36623ca51a9b89.jpg,2,82,327,26814,17385,9429.0,0.20238542556762695,0.2487225979566574,0.14613601565361023,0.023723218590021133,0.10258658230304718,0.2329566776752472,1,Moderate
pic-185-_jpg.rf.b060d919f03803a454f2c92fb25e51ec.jpg,0,111,432,47952,34326,13626.0,0.7347651124000549,0.8307404518127441,0.6417675614356995,0.04344999045133591,0.18897289037704468,0.7903266549110413,0,Shallow
pic-185-_jpg.rf.b060d919f03803a454f2c92fb25e51ec.jpg,1,67,57,3819,2380,1439.0,0.45631739497184753,0.5133383274078369,0.4061067998409271,0.026494963094592094,0.10723152756690979,0.4931044578552246,1,Moderate
pic-185-_jpg.rf.b060d919f03803a454f2c92fb25e51ec.jpg,2,65,140,9100,5091,4009.0,0.2987106442451477,0.35184210538864136,0.2554827332496643,0.01963016390800476,0.09635937213897705,0.3235551714897156,1,Moderate
pic-185-_jpg.rf.b060d919f03803a454f2c92fb25e51ec.jpg,3,79,296,23384,14497,8887.0,0.3105815351009369,0.36410316824913025,0.24611490964889526,0.027316687628626823,0.11798825860023499,0.34535256028175354,1,Moderate
pic-185-_jpg.rf.e5609451b471c39a9c9eaf5ff7b3ac94.jpg,0,107,477,51039,41925,9114.0,0.7467034459114075,0.8394249677658081,0.6466044187545776,0.04547897353768349,0.19282054901123047,0.8057488203048706,0,Shallow
pic-185-_jpg.rf.e5609451b471c39a9c9eaf5ff7b3ac94.jpg,1,72,58,4176,2646,1530.0,0.4301304817199707,0.6098695993423462,0.37380310893058777,0.04226495325565338,0.23606649041175842,0.46931585669517517,0,Shallow
pic-185-_jpg.rf.e5609451b471c39a9c9eaf5ff7b3ac94.jpg,2,49,85,4165,2597,1568.0,0.26657092571258545,0.3003026247024536,0.22193016111850739,0.016079813241958618,0.07837246358394623,0.28757500648498535,1,Moderate
pic-185-_jpg.rf.e5609451b471c39a9c9eaf5ff7b3ac94.jpg,3,97,325,31525,17664,13861.0,0.2711210250854492,0.33287209272384644,0.1983187347650528,0.030870281159877777,0.13455335795879364,0.3098977208137512,1,Moderate
pic-186-_jpg.rf.124fb81faf74b03398e066e6d7cbc9eb.jpg,0,255,336,85680,61526,24154.0,0.5469048023223877,0.7979015707969666,0.3305647075176239,0.11635712534189224,0.46733686327934265,0.710576057434082,0,Shallow
pic-186-_jpg.rf.6df069fb0a914f27571234fbc1aa446b.jpg,0,266,341,90706,63640,27066.0,0.5983279943466187,0.8533239364624023,0.3777666687965393,0.1188729777932167,0.47555726766586304,0.7682434320449829,0,Shallow
pic-186-_jpg.rf.6dfa17e72f379782ec0b743ba60b8543.jpg,0,277,363,100551,72462,28089.0,0.6032673716545105,0.874400794506073,0.3596843183040619,0.12886594235897064,0.5147164762020111,0.7826632261276245,0,Shallow
pic-187-_jpg.rf.725f375e91986c9cc15b8f0b2b708cb9.jpg,0,108,225,24300,17605,6695.0,0.8198814392089844,0.9154348373413086,0.7076623439788818,0.04712952673435211,0.20777249336242676,0.8776304721832275,0,Shallow
pic-187-_jpg.rf.725f375e91986c9cc15b8f0b2b708cb9.jpg,1,109,110,11990,7900,4090.0,0.5728369951248169,0.6673263907432556,0.47702863812446594,0.046626534312963486,0.19029775261878967,0.6328722238540649,0,Shallow
pic-187-_jpg.rf.725f375e91986c9cc15b8f0b2b708cb9.jpg,2,216,499,107784,78521,29263.0,0.3325044512748718,0.7782889604568481,0.11245398223400116,0.10569822788238525,0.665834978222847,0.47168952226638794,2,Deep
pic-187-_jpg.rf.8978c4919b51dcb2843c4d992a0bc5f6.jpg,0,132,152,20064,16019,4045.0,0.8790417313575745,0.9731125235557556,0.7735863924026489,0.04850064218044281,0.1995261311531067,0.9417269825935364,0,Shallow
pic-187-_jpg.rf.8978c4919b51dcb2843c4d992a0bc5f6.jpg,1,104,128,13312,8986,4326.0,0.6319300532341003,0.7290549278259277,0.5287590026855469,0.048939049243927,0.20029592514038086,0.6947574615478516,0,Shallow
pic-187-_jpg.rf.8978c4919b51dcb2843c4d992a0bc5f6.jpg,2,293,508,148844,88984,59860.0,0.39045450091362,0.6567742228507996,0.13776585459709167,0.1220237985253334,0.5190083682537079,0.5525476336479187,2,Deep
pic-187-_jpg.rf.cc1cf985fedc5bc6d7b3fda53980e6f3.jpg,0,142,231,32802,25983,6819.0,0.8693435788154602,0.9938885569572449,0.7157049179077148,0.06810358911752701,0.27818363904953003,0.9601144194602966,0,Shallow
pic-187-_jpg.rf.cc1cf985fedc5bc6d7b3fda53980e6f3.jpg,1,101,111,11211,7383,3828.0,0.5786080956459045,0.6666606068611145,0.4842299520969391,0.04433993995189667,0.18243065476417542,0.6340569257736206,0,Shallow
pic-187-_jpg.rf.cc1cf985fedc5bc6d7b3fda53980e6f3.jpg,2,226,475,107350,72986,34364.0,0.3584037721157074,0.5822924971580505,0.13898290693759918,0.10598067939281464,0.44330959022045135,0.4999025762081146,0,Shallow
pic-188-_jpg.rf.635564dad2da056faf9127525b2b6cb4.jpg,0,316,533,168428,107675,60753.0,0.5733726620674133,0.8478342890739441,0.2510594129562378,0.1530037224292755,0.5967748761177063,0.7781335115432739,2,Deep
pic-188-_jpg.rf.892956f0dc513250fbe68acd8c8b91e1.jpg,0,296,533,157768,101798,55970.0,0.6047574281692505,0.8801565766334534,0.29133957624435425,0.15042878687381744,0.5888170003890991,0.8068011403083801,2,Deep
pic-188-_jpg.rf.dcd45e3458a07cec9ba93918315d2eaf.jpg,0,309,535,165315,102718,62597.0,0.6234616041183472,0.9221739768981934,0.28678882122039795,0.16043497622013092,0.6353851556777954,0.8385750651359558,2,Deep
pic-189-_jpg.rf.6ecb9b14009286fba81f2e83e3b7f1e1.jpg,0,450,637,286650,238633,48017.0,0.443772554397583,0.891994059085846,0.09144444763660431,0.20562218129634857,0.8005496114492416,0.7428752183914185,2,Deep
pic-189-_jpg.rf.7a11114bc4c2fe1c330b2eff3ec1b609.jpg,0,450,633,284850,233342,51508.0,0.38926777243614197,0.8535707592964172,0.0852455347776413,0.18893089890480042,0.7683252245187759,0.6660933494567871,2,Deep
pic-189-_jpg.rf.cf414d706efddcb1fd32a8b42bcfd9a7.jpg,0,505,639,322695,251582,71113.0,0.5068256855010986,0.9545866847038269,0.08233070373535156,0.22328177094459534,0.8722559809684753,0.8240765929222107,2,Deep
pic-19-_jpg.rf.3427acf9ec34ef05f6fe4a10e7280478.jpg,0,592,526,311392,210387,101005.0,0.4136431813240051,0.8997557759284973,0.050282448530197144,0.23770685493946075,0.8494733273983002,0.7554461359977722,2,Deep
pic-19-_jpg.rf.5b617b77a960e3e18ff122c7c17a3a90.jpg,0,623,608,378784,251112,127672.0,0.3801652789115906,0.925796389579773,0.0,0.2606438100337982,0.925796389579773,0.7683207392692566,2,Deep
pic-19-_jpg.rf.8ec9e835434bab69526356b80fb94588.jpg,0,617,499,307883,231408,76475.0,0.39054545760154724,0.9090088605880737,0.0016339399153366685,0.251651793718338,0.9073749206727371,0.7682181000709534,2,Deep
pic-190-_jpg.rf.531db54959dd774f8f60dee6d86da08e.jpg,0,74,200,14800,10774,4026.0,0.6717491745948792,0.7499576210975647,0.5953344702720642,0.0372406542301178,0.1546231508255005,0.7201849818229675,0,Shallow
pic-190-_jpg.rf.531db54959dd774f8f60dee6d86da08e.jpg,1,36,61,2196,1610,586.0,0.4938681423664093,0.5298977494239807,0.4592384099960327,0.017828872427344322,0.070659339427948,0.5190009474754333,1,Moderate
pic-190-_jpg.rf.531db54959dd774f8f60dee6d86da08e.jpg,2,35,74,2590,1469,1121.0,0.39210769534111023,0.41965484619140625,0.3666006028652191,0.013041450642049313,0.053054243326187134,0.41049692034721375,1,Moderate
pic-190-_jpg.rf.531db54959dd774f8f60dee6d86da08e.jpg,3,32,76,2432,1775,657.0,0.370371550321579,0.39652740955352783,0.3445799648761749,0.013597575016319752,0.051947444677352905,0.3890792429447174,1,Moderate
pic-190-_jpg.rf.531db54959dd774f8f60dee6d86da08e.jpg,4,36,78,2808,2050,758.0,0.43590331077575684,0.835815966129303,0.4006246030330658,0.02197306603193283,0.4351913630962372,0.459416925907135,0,Shallow
pic-190-_jpg.rf.531db54959dd774f8f60dee6d86da08e.jpg,5,25,66,1650,888,762.0,0.26971814036369324,0.43585753440856934,0.247769296169281,0.011693921871483326,0.18808823823928833,0.2829298675060272,1,Moderate
pic-190-_jpg.rf.a8973074639f95f416ad6ba0ccbbb03e.jpg,0,78,199,15522,10360,5162.0,0.6944082975387573,0.775255024433136,0.6195703148841858,0.03671153634786606,0.1556847095489502,0.7424966096878052,0,Shallow
pic-190-_jpg.rf.a8973074639f95f416ad6ba0ccbbb03e.jpg,1,34,60,2040,1549,491.0,0.5139526724815369,0.5482614040374756,0.4808593988418579,0.017168140038847923,0.06740200519561768,0.537898600101471,1,Moderate
pic-190-_jpg.rf.a8973074639f95f416ad6ba0ccbbb03e.jpg,2,24,75,1800,1422,378.0,0.4100901484489441,0.43658939003944397,0.3877973258495331,0.012601083144545555,0.04879206418991089,0.4281824827194214,1,Moderate
pic-190-_jpg.rf.a8973074639f95f416ad6ba0ccbbb03e.jpg,3,26,73,1898,1691,207.0,0.395283043384552,0.42166867852211,0.37035390734672546,0.013781125657260418,0.05131477117538452,0.41391173005104065,1,Moderate
pic-190-_jpg.rf.a8973074639f95f416ad6ba0ccbbb03e.jpg,4,33,77,2541,1958,583.0,0.4656756520271301,0.905508279800415,0.42826929688453674,0.03772256150841713,0.4772389829158783,0.48743903636932373,0,Shallow
pic-190-_jpg.rf.a8973074639f95f416ad6ba0ccbbb03e.jpg,5,16,66,1056,863,193.0,0.2771415412425995,0.2932874858379364,0.26268020272254944,0.008054982870817184,0.030607283115386963,0.2882501184940338,1,Moderate
pic-190-_jpg.rf.dbf09b649249bd7101e280f5a14957c6.jpg,0,79,204,16116,10969,5147.0,0.6390430331230164,0.7153075933456421,0.5676708817481995,0.03486769646406174,0.14763671159744263,0.6855756044387817,0,Shallow
pic-190-_jpg.rf.dbf09b649249bd7101e280f5a14957c6.jpg,1,36,61,2196,1627,569.0,0.4688796103000641,0.5015221834182739,0.4370937943458557,0.01627911999821663,0.06442838907241821,0.4916030466556549,1,Moderate
pic-190-_jpg.rf.dbf09b649249bd7101e280f5a14957c6.jpg,2,27,77,2079,1510,569.0,0.3681471645832062,0.3919755220413208,0.34780722856521606,0.011291978880763054,0.044168293476104736,0.3841037452220917,1,Moderate
pic-190-_jpg.rf.dbf09b649249bd7101e280f5a14957c6.jpg,3,27,76,2052,1799,253.0,0.35742977261543274,0.3819790184497833,0.33519312739372253,0.012485651299357414,0.04678589105606079,0.3750264048576355,1,Moderate
pic-190-_jpg.rf.dbf09b649249bd7101e280f5a14957c6.jpg,4,35,78,2730,2066,664.0,0.4250439405441284,0.8149675726890564,0.3877629339694977,0.04721613973379135,0.4272046387195587,0.44373634457588196,0,Shallow
pic-190-_jpg.rf.dbf09b649249bd7101e280f5a14957c6.jpg,5,18,57,1026,771,255.0,0.24490617215633392,0.2597862482070923,0.23082897067070007,0.007365090306848288,0.028957277536392212,0.25484004616737366,1,Moderate
pic-191-_jpg.rf.722924f292c69c3948e42a9759882f26.jpg,0,316,258,81528,63348,18180.0,0.3443489968776703,0.614151656627655,0.16027964651584625,0.11234445124864578,0.4538720101118088,0.5154471397399902,0,Shallow
pic-191-_jpg.rf.eecd3cdfc404f62988bc698f87ae2e4e.jpg,0,318,269,85542,65880,19662.0,0.37046724557876587,0.6174222826957703,0.1718701273202896,0.11132960021495819,0.44555215537548065,0.5353298187255859,0,Shallow
pic-191-_jpg.rf.f1ecc5629bdf5860ae57d7d27dafb299.jpg,0,296,271,80216,61028,19188.0,0.40380460023880005,0.6162286996841431,0.22770936787128448,0.09224367141723633,0.3885193318128586,0.5398635268211365,0,Shallow
pic-194-_jpg.rf.0347198a0674c89124a169b3ede8d1b8.jpg,0,257,492,126444,75732,50712.0,0.6426311731338501,0.8416934609413147,0.47719666361808777,0.07669898867607117,0.36449679732322693,0.7509825825691223,2,Deep
pic-194-_jpg.rf.0e60f4ceb45a85c359677ee01c088045.jpg,0,251,472,118472,69471,49001.0,0.6197062134742737,0.834813117980957,0.5088049173355103,0.07631651312112808,0.3260082006454468,0.7347580790519714,0,Shallow
pic-194-_jpg.rf.15feb8e01893318219d223a82a97d069.jpg,0,251,475,119225,69544,49681.0,0.6565880179405212,0.8616729974746704,0.5182902216911316,0.07630228996276855,0.3433827757835388,0.7711057662963867,0,Shallow
pic-195-_jpg.rf.0bbee8fd461407d8eded3b0ea8e80b4c.jpg,0,277,606,167862,86948,80914.0,0.7193374037742615,1.0,0.3579797148704529,0.14709652960300446,0.6420202851295471,0.9105861186981201,2,Deep
pic-195-_jpg.rf.0bbee8fd461407d8eded3b0ea8e80b4c.jpg,1,81,105,8505,5499,3006.0,0.3382986783981323,0.4422350525856018,0.2735314965248108,0.03671334311366081,0.16870355606079102,0.3913376033306122,1,Moderate
pic-195-_jpg.rf.66e723938cac897ced6246535fe9da8a.jpg,0,303,625,189375,83362,106013.0,0.6631840467453003,0.9526917338371277,0.3222241997718811,0.16469243168830872,0.6304675340652466,0.8798666000366211,2,Deep
pic-195-_jpg.rf.66e723938cac897ced6246535fe9da8a.jpg,1,69,146,10074,7703,2371.0,0.19516994059085846,0.2541082203388214,0.13341420888900757,0.029807817190885544,0.12069401144981384,0.23577198386192322,1,Moderate
pic-195-_jpg.rf.ace8dee3ec0fba3d7a33c3de2c315f0a.jpg,0,308,629,193732,91392,102340.0,0.72174072265625,0.9827226996421814,0.34526845812797546,0.16834551095962524,0.6374542415142059,0.9347852468490601,2,Deep
pic-195-_jpg.rf.ace8dee3ec0fba3d7a33c3de2c315f0a.jpg,1,77,126,9702,7046,2656.0,0.2167525440454483,0.5349461436271667,0.14295536279678345,0.043803758919239044,0.3919907808303833,0.25556856393814087,1,Moderate
pic-196-_jpg.rf.66a50a098577b349d7bee13dc9640c2e.jpg,0,38,180,6840,4391,2449.0,0.41919973492622375,0.46302279829978943,0.37997201085090637,0.020149243995547295,0.08305078744888306,0.4483070373535156,1,Moderate
pic-196-_jpg.rf.66a50a098577b349d7bee13dc9640c2e.jpg,1,61,236,14396,10082,4314.0,0.5943326950073242,0.6576189994812012,0.5263739228248596,0.03188077360391617,0.13124507665634155,0.6371994614601135,0,Shallow
pic-196-_jpg.rf.7ea9f287f872540f14495fae6d91e4e6.jpg,0,53,198,10494,5432,5062.0,0.4521825611591339,0.502185583114624,0.4084829092025757,0.02241291105747223,0.09370267391204834,0.48491594195365906,1,Moderate
pic-196-_jpg.rf.7ea9f287f872540f14495fae6d91e4e6.jpg,1,78,194,15132,9849,5283.0,0.6585313677787781,0.7319161891937256,0.5722193121910095,0.038821566849946976,0.15969687700271606,0.7111013531684875,0,Shallow
pic-196-_jpg.rf.812d218445763c3ed203a0f9458291f9.jpg,0,38,195,7410,5131,2279.0,0.3999935984611511,0.4427836537361145,0.36459624767303467,0.019073346629738808,0.07818740606307983,0.42811599373817444,1,Moderate
pic-196-_jpg.rf.812d218445763c3ed203a0f9458291f9.jpg,1,61,248,15128,11844,3284.0,0.5734509825706482,0.737551212310791,0.5019497871398926,0.033171847462654114,0.23560142517089844,0.6177266240119934,0,Shallow
pic-197-_jpg.rf.0216ae6ebea5c3912f51c76bdbae6d19.jpg,0,254,317,80518,53607,26911.0,0.45303836464881897,0.641136646270752,0.25434792041778564,0.07809846848249435,0.3867887258529663,0.5678812861442566,0,Shallow
pic-197-_jpg.rf.0216ae6ebea5c3912f51c76bdbae6d19.jpg,1,52,66,3432,2606,826.0,0.15047124028205872,0.18706123530864716,0.11284928768873215,0.01900053396821022,0.07421194761991501,0.17666099965572357,1,Moderate
pic-197-_jpg.rf.76da5b1b10db8580430d527ce9cc2ac3.jpg,0,251,311,78061,52235,25826.0,0.46993207931518555,0.6522496342658997,0.2837182879447937,0.07597304880619049,0.36853134632110596,0.5811100602149963,0,Shallow
pic-197-_jpg.rf.76da5b1b10db8580430d527ce9cc2ac3.jpg,1,47,67,3149,2571,578.0,0.17601677775382996,0.2120688110589981,0.1409251093864441,0.01857384666800499,0.07114370167255402,0.20167222619056702,1,Moderate
pic-197-_jpg.rf.ca567ffa1d1798025a45cf933eb8a5ba.jpg,0,258,318,82044,55860,26184.0,0.4481832981109619,0.6388713121414185,0.24832405149936676,0.08156754076480865,0.3905472606420517,0.5659195780754089,0,Shallow
pic-197-_jpg.rf.ca567ffa1d1798025a45cf933eb8a5ba.jpg,1,52,71,3692,2748,944.0,0.1483439952135086,0.19114862382411957,0.1061110720038414,0.02163388393819332,0.08503755182027817,0.1784791648387909,1,Moderate
pic-198-_jpg.rf.3fd6176b3671e235690487a5759a10f9.jpg,0,293,633,185469,134811,50658.0,0.39840832352638245,0.8276036977767944,0.22212526202201843,0.11381214112043381,0.605478435754776,0.551079511642456,2,Deep
pic-198-_jpg.rf.4a69d95662fb642c674f26ff0ef0a5a9.jpg,0,298,633,188634,127249,61385.0,0.3709833323955536,0.7539499402046204,0.20034579932689667,0.11389647424221039,0.5536041408777237,0.5119373798370361,2,Deep
pic-198-_jpg.rf.5bfd105d64b4c14a88672ff3fdefc4ea.jpg,0,417,626,261042,137689,123353.0,0.41412845253944397,0.8012412786483765,0.216603621840477,0.12034942954778671,0.5846376568078995,0.5734581351280212,2,Deep
pic-199-_jpg.rf.08d902c95a9a00f33f6a031a3ce86eaf.jpg,0,407,549,223443,154748,68695.0,0.39409855008125305,0.8988077640533447,0.22058892250061035,0.1038469672203064,0.6782188415527344,0.5368006825447083,2,Deep
pic-199-_jpg.rf.89fa1c3f06bec1dfef2b96f692db78b6.jpg,0,390,553,215670,154725,60945.0,0.41125842928886414,0.9226383566856384,0.26322898268699646,0.10117383301258087,0.659409373998642,0.5523859858512878,2,Deep
pic-199-_jpg.rf.cedbf41ae88b4faa6ca4e3f9907c9678.jpg,0,447,567,253449,164591,88858.0,0.3837704062461853,0.8430446982383728,0.25400510430336,0.09287093579769135,0.5890395939350128,0.5182741284370422,2,Deep
pic-2-_jpg.rf.1db425f6267df87504430ef5a0e23709.jpg,0,149,195,29055,21568,7487.0,0.7843497395515442,0.921495258808136,0.7258128523826599,0.04326590150594711,0.19568240642547607,0.8477720022201538,0,Shallow
pic-2-_jpg.rf.1db425f6267df87504430ef5a0e23709.jpg,1,107,186,19902,12723,7179.0,0.6165861487388611,0.7029693722724915,0.5640532970428467,0.028156626969575882,0.13891607522964478,0.6541829705238342,0,Shallow
pic-2-_jpg.rf.1db425f6267df87504430ef5a0e23709.jpg,2,97,131,12707,8029,4678.0,0.5020569562911987,0.5571912527084351,0.4606090784072876,0.024297678843140602,0.09658217430114746,0.5379493832588196,1,Moderate
pic-2-_jpg.rf.1db425f6267df87504430ef5a0e23709.jpg,3,45,115,5175,2404,2771.0,0.25619593262672424,0.28842484951019287,0.23335802555084229,0.010180882178246975,0.055066823959350586,0.2687433958053589,1,Moderate
pic-2-_jpg.rf.bb6da014663463596e9cdcb39bfa3d40.jpg,0,123,188,23124,18824,4300.0,0.7151017785072327,0.8277972936630249,0.6647979021072388,0.036327559500932693,0.16299939155578613,0.7668681144714355,0,Shallow
pic-2-_jpg.rf.bb6da014663463596e9cdcb39bfa3d40.jpg,1,83,180,14940,11122,3818.0,0.5652916431427002,0.643951952457428,0.5259451270103455,0.026869071647524834,0.11800682544708252,0.6024136543273926,0,Shallow
pic-2-_jpg.rf.bb6da014663463596e9cdcb39bfa3d40.jpg,2,78,128,9984,7003,2981.0,0.461473286151886,0.5221502184867859,0.4298191964626312,0.022463997825980186,0.09233102202415466,0.4953465461730957,1,Moderate
pic-2-_jpg.rf.bb6da014663463596e9cdcb39bfa3d40.jpg,3,29,110,3190,2109,1081.0,0.2550736367702484,0.2743973135948181,0.24180324375629425,0.007002946920692921,0.032594069838523865,0.2640950083732605,1,Moderate
pic-2-_jpg.rf.bb6da014663463596e9cdcb39bfa3d40.jpg,4,20,93,1860,1381,479.0,0.04512043669819832,0.0589311309158802,0.02971920743584633,0.00802781991660595,0.029211923480033875,0.05489521846175194,1,Moderate
pic-2-_jpg.rf.f0b15cd48578f75fff175242f1d8d9d0.jpg,0,132,202,26664,21141,5523.0,0.7594111561775208,0.8700081706047058,0.687539279460907,0.04770413413643837,0.18246889114379883,0.8276552557945251,0,Shallow
pic-2-_jpg.rf.f0b15cd48578f75fff175242f1d8d9d0.jpg,1,84,192,16128,12484,3644.0,0.5784977674484253,0.6460384726524353,0.5251016020774841,0.03231850266456604,0.12093687057495117,0.6250219941139221,0,Shallow
pic-2-_jpg.rf.f0b15cd48578f75fff175242f1d8d9d0.jpg,2,78,136,10608,7859,2749.0,0.45305880904197693,0.510052502155304,0.40639498829841614,0.026702377945184708,0.10365751385688782,0.49170902371406555,1,Moderate
pic-2-_jpg.rf.f0b15cd48578f75fff175242f1d8d9d0.jpg,3,31,116,3596,2364,1232.0,0.22985342144966125,0.25738978385925293,0.20814193785190582,0.010906631126999855,0.04924784600734711,0.2447652816772461,1,Moderate
pic-201-_jpg.rf.4b6780fd03079cb3617f1b6c3893f081.jpg,0,41,125,5125,3184,1941.0,0.5884091258049011,0.6186285018920898,0.5579741597175598,0.014075925573706627,0.06065434217453003,0.6077376008033752,0,Shallow
pic-201-_jpg.rf.95832ba3432d34d8935a2aa3290fcccc.jpg,0,43,126,5418,3293,2125.0,0.5801259279251099,0.6093136668205261,0.5493015646934509,0.014225088059902191,0.060012102127075195,0.5996356010437012,0,Shallow
pic-201-_jpg.rf.e3dd8c6c5c18f97d98bdf92b1ce043b9.jpg,0,35,125,4375,3154,1221.0,0.5715183019638062,0.598752498626709,0.5433740019798279,0.012940715067088604,0.055378496646881104,0.5892713069915771,0,Shallow
pic-203-_jpg.rf.0a2080c87c7d3188f8356357203b0e56.jpg,0,129,229,29541,19932,9609.0,0.37480428814888,0.5462030172348022,0.2336115837097168,0.07597954571247101,0.31259143352508545,0.48292893171310425,1,Moderate
pic-203-_jpg.rf.3377a5ba4a0dc953bac7e48a7a02c227.jpg,0,112,222,24864,19490,5374.0,0.4585934579372406,0.6491854190826416,0.29469066858291626,0.0871037021279335,0.35449475049972534,0.5825120210647583,0,Shallow
pic-203-_jpg.rf.8dd21e07b004f7c29a8d4f97e0a3283b.jpg,0,102,210,21420,16700,4720.0,0.3698013424873352,0.5304593443870544,0.23988249897956848,0.07151700556278229,0.29057684540748596,0.47201451659202576,1,Moderate
pic-206-_jpg.rf.4213f6cdf3dee589a56e5aad14500784.jpg,0,31,43,1333,986,347.0,0.5392194390296936,0.5635395050048828,0.5187383890151978,0.011296815238893032,0.04480111598968506,0.5553756356239319,1,Moderate
pic-206-_jpg.rf.4213f6cdf3dee589a56e5aad14500784.jpg,1,24,88,2112,1530,582.0,0.12640921771526337,0.14665739238262177,0.11021456867456436,0.00938619114458561,0.036442823708057404,0.13988670706748962,1,Moderate
pic-206-_jpg.rf.5e77130a98b6e44f7347f3fa12d59989.jpg,0,39,66,2574,1541,1033.0,0.5578382611274719,0.5850784182548523,0.5328298211097717,0.012610244564712048,0.052248597145080566,0.5752643346786499,0,Shallow
pic-206-_jpg.rf.5e77130a98b6e44f7347f3fa12d59989.jpg,1,27,84,2268,1401,867.0,0.19769522547721863,0.2211059331893921,0.17724725604057312,0.010526023805141449,0.04385867714881897,0.21251119673252106,1,Moderate
pic-206-_jpg.rf.72255834e8accc349443c0b769bd3cfc.jpg,0,26,66,1716,1498,218.0,0.5302239656448364,0.5503036975860596,0.5105729699134827,0.011091499589383602,0.039730727672576904,0.5455405712127686,1,Moderate
pic-206-_jpg.rf.72255834e8accc349443c0b769bd3cfc.jpg,1,21,82,1722,1341,381.0,0.1638428419828415,0.18154503405094147,0.15006837248802185,0.008067144080996513,0.03147666156291962,0.17524264752864838,1,Moderate
pic-207-_jpg.rf.0b505406debb2b509daccf0ebbb62d42.jpg,0,112,135,15120,11541,3579.0,0.24674509465694427,0.32238560914993286,0.18373899161815643,0.03274041786789894,0.13864661753177643,0.29165032505989075,1,Moderate
pic-207-_jpg.rf.0b505406debb2b509daccf0ebbb62d42.jpg,1,76,105,7980,5566,2414.0,0.29580235481262207,0.3405108153820038,0.2537780702114105,0.020235562697052956,0.08673274517059326,0.32430407404899597,1,Moderate
pic-207-_jpg.rf.4facc206ce5e1fac516bd765c34f7972.jpg,0,98,125,12250,10243,2007.0,0.3016612231731415,0.38719215989112854,0.23879435658454895,0.035100869834423065,0.1483978033065796,0.3508669137954712,1,Moderate
pic-207-_jpg.rf.4facc206ce5e1fac516bd765c34f7972.jpg,1,67,104,6968,4948,2020.0,0.33835533261299133,0.38732776045799255,0.2923039495944977,0.02171572670340538,0.09502381086349487,0.36984962224960327,1,Moderate
pic-207-_jpg.rf.b4c0b6220ddb190aee07dfd59ffd4277.jpg,0,104,126,13104,9947,3157.0,0.27701687812805176,0.352098673582077,0.2140095978975296,0.03281138464808464,0.13808907568454742,0.32185521721839905,1,Moderate
pic-207-_jpg.rf.b4c0b6220ddb190aee07dfd59ffd4277.jpg,1,71,97,6887,4851,2036.0,0.33422479033470154,0.3814340829849243,0.2902050018310547,0.021845025941729546,0.09122908115386963,0.36517757177352905,1,Moderate
pic-208-_jpg.rf.2a110ddd516f4ba59951afbf405d42a5.jpg,0,188,227,42676,30716,11960.0,0.3893427848815918,0.521760880947113,0.3012462854385376,0.05237280949950218,0.22051459550857544,0.4630701541900635,1,Moderate
pic-208-_jpg.rf.2a110ddd516f4ba59951afbf405d42a5.jpg,1,65,71,4615,3419,1196.0,0.6848825216293335,0.7210726737976074,0.6673738360404968,0.013524975627660751,0.053698837757110596,0.7084494233131409,0,Shallow
pic-208-_jpg.rf.2a110ddd516f4ba59951afbf405d42a5.jpg,2,72,124,8928,5281,3647.0,0.26332277059555054,0.3104710578918457,0.22865082323551178,0.019436120986938477,0.08182023465633392,0.29145726561546326,1,Moderate
pic-208-_jpg.rf.a7d61ad38189d19f47b2407d4c2455fb.jpg,0,200,249,49800,36170,13630.0,0.4033932685852051,0.5465667843818665,0.30017250776290894,0.061595115810632706,0.24639427661895752,0.4925222098827362,0,Shallow
pic-208-_jpg.rf.a7d61ad38189d19f47b2407d4c2455fb.jpg,1,71,79,5609,4005,1604.0,0.7307475209236145,0.7709405422210693,0.7061614990234375,0.014609184116125107,0.06477904319763184,0.7534151077270508,0,Shallow
pic-208-_jpg.rf.a7d61ad38189d19f47b2407d4c2455fb.jpg,2,82,129,10578,6152,4426.0,0.2601849436759949,0.31473857164382935,0.2161409854888916,0.02371954545378685,0.09859758615493774,0.2949395179748535,1,Moderate
pic-208-_jpg.rf.b11d7439f1c22388eac3f6705cb9e9e4.jpg,0,191,249,47559,35774,11785.0,0.39357849955558777,0.5269428491592407,0.3020158112049103,0.053959786891937256,0.22492703795433044,0.47107845544815063,1,Moderate
pic-208-_jpg.rf.b11d7439f1c22388eac3f6705cb9e9e4.jpg,1,72,81,5832,3970,1862.0,0.6862751245498657,0.7267509698867798,0.6661105751991272,0.014220546931028366,0.06064039468765259,0.7085765600204468,0,Shallow
pic-208-_jpg.rf.b11d7439f1c22388eac3f6705cb9e9e4.jpg,2,88,123,10824,6151,4673.0,0.2678469717502594,0.31930068135261536,0.22802789509296417,0.022189093753695488,0.09127278625965118,0.30037352442741394,1,Moderate
pic-21-_jpg.rf.31dc8d894956f53d54a5cec0f94c5e79.jpg,0,108,284,30672,19712,10960.0,0.820752739906311,0.9782236218452454,0.6459401845932007,0.08768218755722046,0.3322834372520447,0.9353249669075012,0,Shallow
pic-21-_jpg.rf.31dc8d894956f53d54a5cec0f94c5e79.jpg,1,79,101,7979,3522,4457.0,0.4912911653518677,0.6328318119049072,0.4077458381652832,0.05675503984093666,0.22508597373962402,0.5798127055168152,0,Shallow
pic-21-_jpg.rf.31dc8d894956f53d54a5cec0f94c5e79.jpg,2,25,43,1075,808,267.0,0.3115312457084656,0.35546398162841797,0.28028881549835205,0.018287749961018562,0.07517516613006592,0.3372729420661926,1,Moderate
pic-21-_jpg.rf.b341c07e4c85101f52a39109ebb299b0.jpg,0,114,240,27360,18427,8933.0,0.7423741817474365,0.9246710538864136,0.5891737937927246,0.07720140367746353,0.33549726009368896,0.842844545841217,0,Shallow
pic-21-_jpg.rf.b341c07e4c85101f52a39109ebb299b0.jpg,1,75,111,8325,3647,4678.0,0.44439879059791565,0.5806529521942139,0.3635673522949219,0.05510427802801132,0.217085599899292,0.5306349992752075,0,Shallow
pic-21-_jpg.rf.b341c07e4c85101f52a39109ebb299b0.jpg,2,28,43,1204,834,370.0,0.2729892432689667,0.3128741383552551,0.24299752712249756,0.01707487739622593,0.06987661123275757,0.2967727482318878,1,Moderate
pic-21-_jpg.rf.e193c5d94e2cc8ef9b365e8d95e806b1.jpg,0,81,215,17415,13870,3545.0,0.575735330581665,0.6505222320556641,0.4873614013195038,0.04435364156961441,0.16316083073616028,0.6346754431724548,0,Shallow
pic-21-_jpg.rf.e193c5d94e2cc8ef9b365e8d95e806b1.jpg,1,86,108,9288,4101,5187.0,0.37058162689208984,0.4780254364013672,0.30795818567276,0.042847394943237305,0.17006725072860718,0.4375246465206146,1,Moderate
pic-21-_jpg.rf.e193c5d94e2cc8ef9b365e8d95e806b1.jpg,2,27,46,1242,913,329.0,0.23900046944618225,0.26994583010673523,0.21532191336154938,0.012925737537443638,0.05462391674518585,0.2575577199459076,1,Moderate
pic-210-_jpg.rf.4b2ea541aa7fb1277177d6b23ebb385d.jpg,0,22,94,2068,1709,359.0,0.3428301513195038,0.3608393371105194,0.3247346878051758,0.009440029971301556,0.03610464930534363,0.3556993901729584,1,Moderate
pic-210-_jpg.rf.4b2ea541aa7fb1277177d6b23ebb385d.jpg,1,149,243,36207,22278,13929.0,0.3138468563556671,0.427584707736969,0.1756184995174408,0.06837426126003265,0.2519662082195282,0.406329870223999,1,Moderate
pic-210-_jpg.rf.4b2ea541aa7fb1277177d6b23ebb385d.jpg,2,435,524,227940,146604,81336.0,0.6220384836196899,0.9670143723487854,0.20272177457809448,0.17529478669166565,0.7642925977706909,0.8404760360717773,2,Deep
pic-210-_jpg.rf.7d87d7b5337a40b2c80ce816e643376a.jpg,0,22,97,2134,1873,261.0,0.3269909918308258,0.3470977544784546,0.30731385946273804,0.01057469379156828,0.03978389501571655,0.3415355086326599,1,Moderate
pic-210-_jpg.rf.7d87d7b5337a40b2c80ce816e643376a.jpg,1,151,234,35334,22207,13127.0,0.2981519103050232,0.7464181184768677,0.14607587456703186,0.09066155552864075,0.6003422439098358,0.4006580710411072,0,Shallow
pic-210-_jpg.rf.7d87d7b5337a40b2c80ce816e643376a.jpg,2,447,541,241827,154908,86919.0,0.6421216726303101,0.9472113251686096,0.1918250322341919,0.187030628323555,0.7553862929344177,0.8763247728347778,2,Deep
pic-210-_jpg.rf.d00f21d9a21dd0244263a64b8bda2348.jpg,0,26,98,2548,1903,645.0,0.3287670314311981,0.34958896040916443,0.30563119053840637,0.011300004087388515,0.04395776987075806,0.34395474195480347,1,Moderate
pic-210-_jpg.rf.d00f21d9a21dd0244263a64b8bda2348.jpg,1,144,254,36576,22805,13771.0,0.28095772862434387,0.46389442682266235,0.1285560429096222,0.08038683235645294,0.33533838391304016,0.39369848370552063,1,Moderate
pic-210-_jpg.rf.d00f21d9a21dd0244263a64b8bda2348.jpg,2,453,582,263646,154923,108723.0,0.6684855818748474,0.9563565850257874,0.20543310046195984,0.18657205998897552,0.7509234845638275,0.9010792374610901,2,Deep
pic-211-_jpg.rf.4eb10110d12e7623cb7be8caf4f66c5a.jpg,0,39,72,2808,2295,513.0,0.9520226120948792,0.992218554019928,0.9146897792816162,0.01962153986096382,0.07752877473831177,0.9793843626976013,0,Shallow
pic-211-_jpg.rf.4eb10110d12e7623cb7be8caf4f66c5a.jpg,1,54,85,4590,3579,1011.0,0.7184232473373413,0.776206910610199,0.6732698082923889,0.025631919503211975,0.10293710231781006,0.7545363903045654,0,Shallow
pic-211-_jpg.rf.4eb10110d12e7623cb7be8caf4f66c5a.jpg,2,42,148,6216,5124,1092.0,0.5847451686859131,0.6231158375740051,0.5471361875534058,0.01930137164890766,0.07597965002059937,0.6115281581878662,0,Shallow
pic-211-_jpg.rf.4eb10110d12e7623cb7be8caf4f66c5a.jpg,3,27,110,2970,2089,881.0,0.5181990265846252,0.5412902235984802,0.4951893389225006,0.011135187931358814,0.046100884675979614,0.5332180857658386,1,Moderate
pic-211-_jpg.rf.4eb10110d12e7623cb7be8caf4f66c5a.jpg,4,37,128,4736,3698,1038.0,0.4566281735897064,0.49028217792510986,0.42557501792907715,0.015664799138903618,0.06470715999603271,0.4786567986011505,1,Moderate
pic-211-_jpg.rf.4eb10110d12e7623cb7be8caf4f66c5a.jpg,5,29,71,2059,1228,831.0,0.4050348997116089,0.4340447187423706,0.38049793243408203,0.013443217612802982,0.053546786308288574,0.424607515335083,1,Moderate
pic-211-_jpg.rf.4eb10110d12e7623cb7be8caf4f66c5a.jpg,6,17,49,833,717,116.0,0.31124600768089294,0.3279459476470947,0.29657772183418274,0.00831860862672329,0.03136822581291199,0.3225151002407074,1,Moderate
pic-211-_jpg.rf.4f06bc1e4c4ca8189e8136ed45695acc.jpg,0,15,74,1110,817,293.0,0.9156861901283264,0.9341210126876831,0.9007742404937744,0.007912849076092243,0.03334677219390869,0.9270505309104919,0,Shallow
pic-211-_jpg.rf.4f06bc1e4c4ca8189e8136ed45695acc.jpg,1,56,93,5208,4261,947.0,0.7298154830932617,0.7844298481941223,0.6844935417175293,0.02466496452689171,0.09993630647659302,0.7642019987106323,0,Shallow
pic-211-_jpg.rf.4f06bc1e4c4ca8189e8136ed45695acc.jpg,2,63,157,9891,6035,3856.0,0.5979219675064087,0.6363147497177124,0.5605719685554504,0.019034575670957565,0.07574278116226196,0.623865008354187,0,Shallow
pic-211-_jpg.rf.4f06bc1e4c4ca8189e8136ed45695acc.jpg,3,42,117,4914,2552,2362.0,0.530582070350647,0.5572442412376404,0.5051406621932983,0.012263121083378792,0.05210357904434204,0.5472420454025269,1,Moderate
pic-211-_jpg.rf.4f06bc1e4c4ca8189e8136ed45695acc.jpg,4,50,136,6800,4361,2439.0,0.4826342761516571,0.5142075419425964,0.45110923051834106,0.01598310098052025,0.06309831142425537,0.5045287609100342,1,Moderate
pic-211-_jpg.rf.4f06bc1e4c4ca8189e8136ed45695acc.jpg,5,27,77,2079,1481,598.0,0.4389347732067108,0.4698289632797241,0.4120329022407532,0.014360394328832626,0.05779606103897095,0.4595430791378021,1,Moderate
pic-211-_jpg.rf.4f06bc1e4c4ca8189e8136ed45695acc.jpg,6,25,54,1350,865,485.0,0.3259599506855011,0.34349924325942993,0.31007152795791626,0.008753702044487,0.03342771530151367,0.3381374180316925,1,Moderate
pic-211-_jpg.rf.9de311e1f9663a4ed2159ebc521295e7.jpg,0,45,75,3375,2209,1166.0,0.9062186479568481,0.9271743297576904,0.8820127844810486,0.011811383999884129,0.045161545276641846,0.9223159551620483,0,Shallow
pic-211-_jpg.rf.9de311e1f9663a4ed2159ebc521295e7.jpg,1,69,86,5934,3980,1954.0,0.7324216961860657,0.7787939310073853,0.6930767297744751,0.02107655443251133,0.08571720123291016,0.7615413665771484,0,Shallow
pic-211-_jpg.rf.9de311e1f9663a4ed2159ebc521295e7.jpg,2,59,153,9027,5628,3399.0,0.6232489943504333,0.6564894318580627,0.5866131782531738,0.017375918105244637,0.06987625360488892,0.6471008658409119,0,Shallow
pic-211-_jpg.rf.9de311e1f9663a4ed2159ebc521295e7.jpg,3,32,114,3648,2368,1280.0,0.5652282238006592,0.5906925201416016,0.5432186126708984,0.011907453648746014,0.047473907470703125,0.5818973779678345,0,Shallow
pic-211-_jpg.rf.9de311e1f9663a4ed2159ebc521295e7.jpg,4,47,132,6204,4080,2124.0,0.49482014775276184,0.5279114842414856,0.45987486839294434,0.016234934329986572,0.06803661584854126,0.5173449516296387,1,Moderate
pic-211-_jpg.rf.9de311e1f9663a4ed2159ebc521295e7.jpg,5,40,70,2800,1354,1446.0,0.435337632894516,0.46261781454086304,0.4116626977920532,0.012745038606226444,0.050955116748809814,0.4536333978176117,1,Moderate
pic-211-_jpg.rf.9de311e1f9663a4ed2159ebc521295e7.jpg,6,20,52,1040,778,262.0,0.3508712649345398,0.36879467964172363,0.333639532327652,0.008733444847166538,0.035155147314071655,0.36331281065940857,1,Moderate
pic-212-_jpg.rf.19e0e3168e988c6c8f8829f34c68003b.jpg,0,581,517,300377,144186,156191.0,0.5209246873855591,0.9506329894065857,0.04877670481801033,0.21610897779464722,0.9018562845885754,0.8276076316833496,2,Deep
pic-212-_jpg.rf.d80a26f98663f0c2a92282a15fbf262b.jpg,0,592,511,302512,149174,153338.0,0.5334243774414062,0.9540422558784485,0.04944252595305443,0.21729861199855804,0.9045997299253941,0.8332705497741699,2,Deep
pic-212-_jpg.rf.e36dc9e60b7e977f6e7d2d1a323b9c73.jpg,0,592,463,274096,140716,133380.0,0.5285579562187195,0.9785701632499695,0.06823176890611649,0.21402914822101593,0.910338394343853,0.8403880596160889,2,Deep
pic-214-_jpg.rf.27fc3b4425584f6404f2f0feb976f621.jpg,0,160,254,40640,25115,15525.0,0.35760852694511414,0.5298935174942017,0.22755680978298187,0.0720406025648117,0.3023367077112198,0.4692980647087097,1,Moderate
pic-214-_jpg.rf.74655743f4f3d67bb2e21be9727a7946.jpg,0,170,272,46240,29865,16375.0,0.27365174889564514,0.4608747661113739,0.14411403238773346,0.06890595704317093,0.31676073372364044,0.37265804409980774,1,Moderate
pic-214-_jpg.rf.d45b506908081039adeb183e4ca51da8.jpg,0,161,270,43470,29204,14266.0,0.2646314203739166,0.4300394058227539,0.12893183529376984,0.07385126501321793,0.30110757052898407,0.3706665635108948,1,Moderate
pic-215-_jpg.rf.40ad961da5aeef8f6c97d772ee2b618e.jpg,0,123,246,30258,22179,8079.0,0.34836888313293457,0.41854235529899597,0.2767648994922638,0.0327657125890255,0.14177745580673218,0.39374810457229614,1,Moderate
pic-215-_jpg.rf.d190a911a9e6195bd2a9e3c67869064a.jpg,0,128,246,31488,22179,9309.0,0.35061535239219666,0.4451128840446472,0.250667005777359,0.04876870661973953,0.1944458782672882,0.4166797399520874,1,Moderate
pic-215-_jpg.rf.ff49694bdd544a47be71713dc6c46593.jpg,0,110,243,26730,20759,5971.0,0.3742711544036865,0.4436649978160858,0.31027641892433167,0.030288374051451683,0.13338857889175415,0.4170575439929962,1,Moderate
pic-216-_jpg.rf.456e08f670a110afa6a40b982a029cba.jpg,0,146,455,66430,50087,16343.0,0.4725060760974884,0.6647793054580688,0.35576608777046204,0.0743962749838829,0.3090132176876068,0.5841517448425293,0,Shallow
pic-216-_jpg.rf.9b0074a18a22ac4ecb7f30b6dabe3fa5.jpg,0,161,429,69069,49264,19805.0,0.4740574359893799,0.6881056427955627,0.35311076045036316,0.08159700036048889,0.3349948823451996,0.5948070883750916,0,Shallow
pic-216-_jpg.rf.ad6fbe4b6c5100ec699f1262c74a5988.jpg,0,144,412,59328,41308,18020.0,0.4431851804256439,0.6138885021209717,0.3569943308830261,0.0576266348361969,0.25689417123794556,0.5310928821563721,0,Shallow
pic-217-_jpg.rf.6bb67326dc3fab2b66c9c65a3364504c.jpg,0,178,239,42542,24178,18364.0,0.4728419780731201,0.6230785250663757,0.4137355089187622,0.05275668576359749,0.20934301614761353,0.557519793510437,0,Shallow
pic-217-_jpg.rf.6bb67326dc3fab2b66c9c65a3364504c.jpg,1,72,133,9576,3979,5597.0,0.3021290898323059,0.46907421946525574,0.2381480485200882,0.03249271214008331,0.23092617094516754,0.343072772026062,1,Moderate
pic-217-_jpg.rf.de0280b56ab0a3f21fab3b5986a16080.jpg,0,142,234,33228,19666,13562.0,0.5528163909912109,0.691451907157898,0.4829152226448059,0.05091029033064842,0.20853668451309204,0.6339610815048218,0,Shallow
pic-217-_jpg.rf.de0280b56ab0a3f21fab3b5986a16080.jpg,1,75,115,8625,3268,5357.0,0.3829042315483093,0.43841052055358887,0.3265763819217682,0.027919219806790352,0.11183413863182068,0.41998836398124695,1,Moderate
pic-217-_jpg.rf.f71278c900f04d9ef934d1671e450fbf.jpg,0,168,251,42168,24332,17836.0,0.5252862572669983,0.6722996234893799,0.4492700695991516,0.053877416998147964,0.22302955389022827,0.6097770929336548,0,Shallow
pic-217-_jpg.rf.f71278c900f04d9ef934d1671e450fbf.jpg,1,78,132,10296,4046,6250.0,0.33888453245162964,0.4501284956932068,0.2776234447956085,0.030352387577295303,0.17250505089759827,0.3783271908760071,1,Moderate
pic-218-_jpg.rf.1becdc6413b7b22fdf55ade9f266316e.jpg,0,245,353,86485,57426,29059.0,0.7733361721038818,0.8901723623275757,0.6154239773750305,0.06273451447486877,0.27474838495254517,0.8508737683296204,0,Shallow
pic-218-_jpg.rf.1becdc6413b7b22fdf55ade9f266316e.jpg,1,79,152,12008,8193,3815.0,0.47724542021751404,0.5402976274490356,0.4106040298938751,0.03342297300696373,0.12969359755516052,0.5227476358413696,1,Moderate
pic-218-_jpg.rf.1becdc6413b7b22fdf55ade9f266316e.jpg,2,71,245,17395,10361,7034.0,0.3209356367588043,0.3754407465457916,0.25192850828170776,0.029503116384148598,0.12351223826408386,0.3590247929096222,1,Moderate
pic-218-_jpg.rf.d9c8cdd8aea8314208624edb692b09cb.jpg,0,189,328,61992,45967,16025.0,0.6525740623474121,0.7989259958267212,0.4959765672683716,0.07648064941167831,0.3029494285583496,0.7574729323387146,0,Shallow
pic-218-_jpg.rf.d9c8cdd8aea8314208624edb692b09cb.jpg,1,59,136,8024,6497,1527.0,0.3826020658016205,0.43282628059387207,0.3318268954753876,0.025349130854010582,0.1009993851184845,0.41815611720085144,1,Moderate
pic-218-_jpg.rf.d9c8cdd8aea8314208624edb692b09cb.jpg,2,50,222,11100,8264,2836.0,0.2622016370296478,0.30143365263938904,0.21739083528518677,0.02054039016366005,0.08404281735420227,0.2895814776420593,1,Moderate
pic-218-_jpg.rf.da6e0c0a3dd3854e5710bcbe50478725.jpg,0,199,331,65869,48116,17753.0,0.6551080942153931,0.8124706745147705,0.4908682107925415,0.07938975840806961,0.321602463722229,0.7635243535041809,0,Shallow
pic-218-_jpg.rf.da6e0c0a3dd3854e5710bcbe50478725.jpg,1,63,139,8757,6801,1956.0,0.37344127893447876,0.4271913766860962,0.3193531632423401,0.027266664430499077,0.1078382134437561,0.4117281138896942,1,Moderate
pic-218-_jpg.rf.da6e0c0a3dd3854e5710bcbe50478725.jpg,2,52,226,11752,8712,3040.0,0.2499830424785614,0.291969895362854,0.20344287157058716,0.02157036028802395,0.08852702379226685,0.27888697385787964,1,Moderate
pic-219-_jpg.rf.9f723a6b8ef272c7a5899faf7f892aee.jpg,0,332,322,106904,82423,24481.0,0.4682566523551941,0.7801777124404907,0.3141160011291504,0.10736916959285736,0.46606171131134033,0.6209375858306885,2,Deep
pic-219-_jpg.rf.a0b3e7cf4174b760f731630a0d8ffcda.jpg,0,333,336,111888,87061,24827.0,0.4701373279094696,0.8020281791687012,0.3019775450229645,0.12195578217506409,0.5000506341457367,0.6459931135177612,2,Deep
pic-219-_jpg.rf.aa439f808046db1dd790b1dd73aec45f.jpg,0,352,349,122848,94137,28711.0,0.4445000886917114,0.7646689414978027,0.2864852249622345,0.11580274254083633,0.47818371653556824,0.6113690137863159,2,Deep
pic-220-_jpg.rf.0ec6700cefc477019e71e49c69ad09c0.jpg,0,96,156,14976,9822,5154.0,0.6006633639335632,0.6996760368347168,0.5076243877410889,0.04614599049091339,0.19205164909362793,0.6628032326698303,0,Shallow
pic-220-_jpg.rf.0ec6700cefc477019e71e49c69ad09c0.jpg,1,31,109,3379,2685,694.0,0.4576665759086609,0.4969807267189026,0.4231446385383606,0.018317215144634247,0.07383608818054199,0.4835813641548157,1,Moderate
pic-220-_jpg.rf.0ec6700cefc477019e71e49c69ad09c0.jpg,2,32,91,2912,2363,549.0,0.34753844141960144,0.3801572024822235,0.31486576795578003,0.016890598461031914,0.06529143452644348,0.3708786964416504,1,Moderate
pic-220-_jpg.rf.0ec6700cefc477019e71e49c69ad09c0.jpg,3,29,80,2320,1762,558.0,0.366763174533844,0.39248284697532654,0.3375823199748993,0.013913244940340519,0.054900527000427246,0.38585418462753296,1,Moderate
pic-220-_jpg.rf.50845450b158301ab47748beb98fcf79.jpg,0,85,158,13430,9233,4197.0,0.5414764285087585,0.6352784633636475,0.4557427167892456,0.043771084398031235,0.17953574657440186,0.6013120412826538,0,Shallow
pic-220-_jpg.rf.50845450b158301ab47748beb98fcf79.jpg,1,35,102,3570,2493,1077.0,0.404702365398407,0.4392712116241455,0.3753972053527832,0.015647893771529198,0.0638740062713623,0.42657530307769775,1,Moderate
pic-220-_jpg.rf.50845450b158301ab47748beb98fcf79.jpg,2,33,86,2838,2260,578.0,0.3032046854496002,0.33103230595588684,0.27528834342956543,0.014675416983664036,0.05574396252632141,0.32382869720458984,1,Moderate
pic-220-_jpg.rf.50845450b158301ab47748beb98fcf79.jpg,3,27,78,2106,1685,421.0,0.33377861976623535,0.35723817348480225,0.3054429292678833,0.012879796326160431,0.051795244216918945,0.3510139584541321,1,Moderate
pic-220-_jpg.rf.577cbbb4c72285178adaa8c046e4f59d.jpg,0,97,169,16393,11094,5299.0,0.6212797164916992,0.7264407873153687,0.5229590535163879,0.04849223420023918,0.2034817337989807,0.6868538856506348,0,Shallow
pic-220-_jpg.rf.577cbbb4c72285178adaa8c046e4f59d.jpg,1,35,115,4025,3010,1015.0,0.46974343061447144,0.5103288888931274,0.4329224228858948,0.018917175009846687,0.07740646600723267,0.49633923172950745,1,Moderate
pic-220-_jpg.rf.577cbbb4c72285178adaa8c046e4f59d.jpg,2,35,97,3395,2722,673.0,0.3560981750488281,0.3899252116680145,0.32091638445854187,0.018080519512295723,0.06900882720947266,0.3808956444263458,1,Moderate
pic-220-_jpg.rf.577cbbb4c72285178adaa8c046e4f59d.jpg,3,27,85,2295,2005,290.0,0.36946964263916016,0.3956867754459381,0.3397030234336853,0.014234407804906368,0.05598375201225281,0.38883280754089355,1,Moderate
pic-221-_jpg.rf.4210790f4f714436b3d5ee9671a99005.jpg,0,372,557,207204,100006,107198.0,0.6024102568626404,0.9262661933898926,0.31826725602149963,0.14715509116649628,0.6079989373683929,0.8200734853744507,2,Deep
pic-221-_jpg.rf.4210790f4f714436b3d5ee9671a99005.jpg,1,119,137,16303,11691,4612.0,0.13226211071014404,0.20013327896595,0.05987270921468735,0.029026446864008904,0.14026056975126266,0.17561514675617218,1,Moderate
pic-221-_jpg.rf.4210790f4f714436b3d5ee9671a99005.jpg,2,55,154,8470,6005,2465.0,0.24637649953365326,0.27530500292778015,0.20564500987529755,0.014737428165972233,0.0696599930524826,0.2657845914363861,1,Moderate
pic-221-_jpg.rf.6280cd42dfe06a2d66148f5b5af6eb1b.jpg,0,353,558,196974,99558,97416.0,0.640329897403717,0.9799488186836243,0.33018749952316284,0.15894781053066254,0.6497613191604614,0.8746404647827148,2,Deep
pic-221-_jpg.rf.6280cd42dfe06a2d66148f5b5af6eb1b.jpg,1,123,139,17097,11727,5370.0,0.13300079107284546,0.3248921036720276,0.0665304958820343,0.038641557097435,0.2583616077899933,0.18660855293273926,1,Moderate
pic-221-_jpg.rf.6280cd42dfe06a2d66148f5b5af6eb1b.jpg,2,58,155,8990,6163,2827.0,0.24361708760261536,0.2793734073638916,0.19596906006336212,0.01897789165377617,0.08340434730052948,0.26913517713546753,1,Moderate
pic-221-_jpg.rf.a2e98283cbb1e83a8af07620af2cb3d6.jpg,0,422,569,240118,109250,130868.0,0.6692014336585999,0.9732462763786316,0.33690789341926575,0.1558452546596527,0.6363383829593658,0.885827898979187,2,Deep
pic-221-_jpg.rf.a2e98283cbb1e83a8af07620af2cb3d6.jpg,1,106,100,10600,8504,2096.0,0.15088659524917603,0.2119503617286682,0.10687486827373505,0.028713222593069077,0.10507549345493317,0.19275781512260437,1,Moderate
pic-221-_jpg.rf.a2e98283cbb1e83a8af07620af2cb3d6.jpg,2,58,166,9628,7008,2620.0,0.24060305953025818,0.28367993235588074,0.18821416795253754,0.021449118852615356,0.0954657644033432,0.2691827118396759,1,Moderate
pic-222-_jpg.rf.159340ca71da523b0e2a61122f85d352.jpg,0,469,590,276710,158996,117714.0,0.6078463792800903,0.9856842160224915,0.12191123515367508,0.24228990077972412,0.8637729808688164,0.9183678030967712,2,Deep
pic-222-_jpg.rf.1dbe9dca4ca6a1f1f88b41787b9a691c.jpg,0,483,562,271446,152264,119182.0,0.618719220161438,0.9840237498283386,0.13510090112686157,0.2357097715139389,0.848922848701477,0.9266822338104248,2,Deep
pic-222-_jpg.rf.a5ea9340a3f317eab9bc842a8d252835.jpg,0,463,592,274096,153943,120153.0,0.6050426363945007,0.9900017976760864,0.12667538225650787,0.2410605251789093,0.8633264154195786,0.9292425513267517,2,Deep
pic-223-_jpg.rf.04b3324ec3044431090e8b9359b88bf7.jpg,0,96,225,21600,17478,4122.0,0.5588918328285217,0.6709100008010864,0.509120762348175,0.03343823924660683,0.16178923845291138,0.606179416179657,0,Shallow
pic-223-_jpg.rf.04b3324ec3044431090e8b9359b88bf7.jpg,1,67,241,16147,10076,6071.0,0.7640538215637207,0.8329062461853027,0.7122683525085449,0.02604849636554718,0.12063789367675781,0.7982298135757446,0,Shallow
pic-223-_jpg.rf.04b3324ec3044431090e8b9359b88bf7.jpg,2,15,33,495,367,128.0,0.6333531737327576,0.6464641094207764,0.6217729449272156,0.005828439723700285,0.02469116449356079,0.641321063041687,0,Shallow
pic-223-_jpg.rf.9d3f63dd5136bc8b5e16b4fdf3e5b5e7.jpg,0,96,217,20832,16484,4348.0,0.5286359190940857,0.6516377329826355,0.4836554527282715,0.03469117730855942,0.167982280254364,0.5753053426742554,0,Shallow
pic-223-_jpg.rf.9d3f63dd5136bc8b5e16b4fdf3e5b5e7.jpg,1,60,234,14040,9502,4538.0,0.7293026447296143,0.8013389706611633,0.684520423412323,0.02616892382502556,0.11681854724884033,0.7623023390769958,0,Shallow
pic-223-_jpg.rf.9d3f63dd5136bc8b5e16b4fdf3e5b5e7.jpg,2,17,31,527,367,160.0,0.6104849576950073,0.6270857453346252,0.5989480018615723,0.006534185726195574,0.02813774347305298,0.6197272539138794,0,Shallow
pic-223-_jpg.rf.f7b0fe3cd7b84157379a0c10372ef0fc.jpg,0,98,215,21070,16117,4953.0,0.5337157249450684,0.6495782136917114,0.48303306102752686,0.03863600268959999,0.16654515266418457,0.5852326154708862,0,Shallow
pic-223-_jpg.rf.f7b0fe3cd7b84157379a0c10372ef0fc.jpg,1,59,231,13629,9185,4444.0,0.7394152879714966,0.8066355586051941,0.6960366368293762,0.023562626913189888,0.11059892177581787,0.7711927890777588,0,Shallow
pic-223-_jpg.rf.f7b0fe3cd7b84157379a0c10372ef0fc.jpg,2,16,31,496,347,149.0,0.6118127107620239,0.626926064491272,0.5994353294372559,0.006503582000732422,0.027490735054016113,0.6208416223526001,0,Shallow
pic-224-_jpg.rf.aa73fb95553763a3d73a6b849fa4aa11.jpg,0,115,146,16790,9653,7137.0,0.46393588185310364,0.5764329433441162,0.3705894947052002,0.045333635061979294,0.20584344863891602,0.5217486619949341,0,Shallow
pic-224-_jpg.rf.bc36d7a2ab5872952f3237e3cb9a0b06.jpg,0,126,156,19656,11246,8410.0,0.45952802896499634,0.5717349052429199,0.3644045889377594,0.04534588009119034,0.20733031630516052,0.5178040266036987,0,Shallow
pic-224-_jpg.rf.bd5f146daa5ac308b6b501d1c6f1d33d.jpg,0,108,146,15768,9058,6710.0,0.44367408752441406,0.5452485680580139,0.3576352000236511,0.040243420749902725,0.1876133680343628,0.49403470754623413,1,Moderate
pic-226-_jpg.rf.14efc266ef488a27f59064a50d804ca0.jpg,0,225,213,47925,36048,11877.0,0.5839532613754272,0.7715329527854919,0.41016116738319397,0.08226420730352402,0.361371785402298,0.6922692060470581,0,Shallow
pic-226-_jpg.rf.14efc266ef488a27f59064a50d804ca0.jpg,1,96,209,20064,12443,7621.0,0.15132325887680054,0.23092296719551086,0.11054743081331253,0.03204910084605217,0.12037553638219833,0.20138055086135864,1,Moderate
pic-226-_jpg.rf.14efc266ef488a27f59064a50d804ca0.jpg,2,31,85,2635,2138,497.0,0.28001418709754944,0.3094913959503174,0.2608863413333893,0.011428074911236763,0.0486050546169281,0.29706719517707825,1,Moderate
pic-226-_jpg.rf.14efc266ef488a27f59064a50d804ca0.jpg,3,23,28,644,572,72.0,0.33148667216300964,0.34944266080856323,0.312526136636734,0.009287099353969097,0.036916524171829224,0.34442320466041565,1,Moderate
pic-226-_jpg.rf.14efc266ef488a27f59064a50d804ca0.jpg,4,60,97,5820,4152,1668.0,0.45279672741889954,0.5071805715560913,0.4168214201927185,0.023422351107001305,0.0903591513633728,0.4862419366836548,1,Moderate
pic-226-_jpg.rf.14efc266ef488a27f59064a50d804ca0.jpg,5,323,208,67184,46183,21001.0,0.6445437073707581,0.9077069163322449,0.40634679794311523,0.13702571392059326,0.5013601183891296,0.8298429250717163,0,Shallow
pic-226-_jpg.rf.14efc266ef488a27f59064a50d804ca0.jpg,6,64,93,5952,4295,1657.0,0.2945866286754608,0.34353888034820557,0.25443440675735474,0.022054411470890045,0.08910447359085083,0.32502511143684387,1,Moderate
pic-226-_jpg.rf.a751fa82eb82745f4b5f94656b4d1455.jpg,0,238,222,52836,38119,14717.0,0.6529062390327454,0.8279346823692322,0.4899342656135559,0.07972540706396103,0.33800041675567627,0.7578098177909851,0,Shallow
pic-226-_jpg.rf.a751fa82eb82745f4b5f94656b4d1455.jpg,1,92,216,19872,13384,6488.0,0.18294775485992432,0.2624768614768982,0.13063108921051025,0.03474229946732521,0.13184577226638794,0.23529337346553802,1,Moderate
pic-226-_jpg.rf.a751fa82eb82745f4b5f94656b4d1455.jpg,2,36,87,3132,2313,819.0,0.3419867753982544,0.3757433295249939,0.3117389380931854,0.01411498337984085,0.06400439143180847,0.3621949255466461,1,Moderate
pic-226-_jpg.rf.a751fa82eb82745f4b5f94656b4d1455.jpg,3,25,30,750,628,122.0,0.3889647424221039,0.40890026092529297,0.3680950999259949,0.009526331909000874,0.040805160999298096,0.40233713388442993,1,Moderate
pic-226-_jpg.rf.a751fa82eb82745f4b5f94656b4d1455.jpg,4,64,99,6336,4468,1868.0,0.4887368679046631,0.5436370968818665,0.4462144672870636,0.024046633392572403,0.09742262959480286,0.5228785872459412,1,Moderate
pic-226-_jpg.rf.a751fa82eb82745f4b5f94656b4d1455.jpg,5,339,187,63393,48332,15061.0,0.6822792887687683,0.9341676831245422,0.42803528904914856,0.14365339279174805,0.5061323940753937,0.8685318827629089,0,Shallow
pic-226-_jpg.rf.a751fa82eb82745f4b5f94656b4d1455.jpg,6,66,96,6336,4661,1675.0,0.3016332685947418,0.3525976836681366,0.2570682764053345,0.02268456667661667,0.09552940726280212,0.33338189125061035,1,Moderate
pic-226-_jpg.rf.b4fc5446d26d4211eece93e58f12ae73.jpg,0,221,169,37349,30167,7182.0,0.6323996782302856,0.7689593434333801,0.4857175648212433,0.07339011132717133,0.28324177861213684,0.7303266525268555,0,Shallow
pic-226-_jpg.rf.b4fc5446d26d4211eece93e58f12ae73.jpg,1,121,210,25410,13906,11504.0,0.21695144474506378,0.2885569632053375,0.15301230549812317,0.03575918450951576,0.13554465770721436,0.2668507397174835,1,Moderate
pic-226-_jpg.rf.b4fc5446d26d4211eece93e58f12ae73.jpg,2,32,88,2816,2342,474.0,0.35294216871261597,0.3793400228023529,0.32548829913139343,0.012572087347507477,0.05385172367095947,0.37002018094062805,1,Moderate
pic-226-_jpg.rf.b4fc5446d26d4211eece93e58f12ae73.jpg,3,25,30,750,655,95.0,0.3941449224948883,0.4121818542480469,0.37442559003829956,0.009114333428442478,0.037756264209747314,0.40636229515075684,1,Moderate
pic-226-_jpg.rf.b4fc5446d26d4211eece93e58f12ae73.jpg,4,61,106,6466,4769,1697.0,0.48749467730522156,0.5368427038192749,0.4446074366569519,0.02238631248474121,0.092235267162323,0.5189127922058105,1,Moderate
pic-226-_jpg.rf.b4fc5446d26d4211eece93e58f12ae73.jpg,5,315,257,80955,50193,30762.0,0.6454914212226868,0.8557284474372864,0.4240880012512207,0.12442594021558762,0.4316404461860657,0.811076283454895,0,Shallow
pic-226-_jpg.rf.b4fc5446d26d4211eece93e58f12ae73.jpg,6,72,99,7128,4941,2187.0,0.31651854515075684,0.36390361189842224,0.26805379986763,0.02268105372786522,0.09584981203079224,0.34662091732025146,1,Moderate
pic-227-_jpg.rf.bfb22269f25cce0b5e7ff3054f61734b.jpg,0,180,163,29340,21401,7939.0,0.7066600918769836,0.87204509973526,0.5634133815765381,0.07874307036399841,0.3086317181587219,0.8182358145713806,0,Shallow
pic-227-_jpg.rf.bfb22269f25cce0b5e7ff3054f61734b.jpg,1,41,61,2501,1707,794.0,0.44530820846557617,0.4857752025127411,0.4123154580593109,0.016415957361459732,0.07345974445343018,0.4678429365158081,1,Moderate
pic-227-_jpg.rf.bfb22269f25cce0b5e7ff3054f61734b.jpg,2,27,49,1323,1032,291.0,0.3605092465877533,0.3862348198890686,0.33665430545806885,0.012214187532663345,0.049580514430999756,0.3779844045639038,1,Moderate
pic-227-_jpg.rf.bfb22269f25cce0b5e7ff3054f61734b.jpg,3,32,59,1888,1354,534.0,0.22520051896572113,0.2498641312122345,0.19845817983150482,0.012838922441005707,0.051405951380729675,0.24278897047042847,1,Moderate
pic-227-_jpg.rf.bfb22269f25cce0b5e7ff3054f61734b.jpg,4,15,48,720,493,227.0,0.14977866411209106,0.1605900675058365,0.13672737777233124,0.006156837567687035,0.02386268973350525,0.15777045488357544,1,Moderate
pic-227-_jpg.rf.d1dd38a0e09eda8c0d4239a5bdedd0d5.jpg,0,194,169,32786,22866,9920.0,0.7604001760482788,0.960716724395752,0.6126372218132019,0.08670225739479065,0.34807950258255005,0.8844517469406128,0,Shallow
pic-227-_jpg.rf.d1dd38a0e09eda8c0d4239a5bdedd0d5.jpg,1,40,61,2440,1679,761.0,0.48706600069999695,0.5291598439216614,0.45277246832847595,0.01719970442354679,0.07638737559318542,0.5100803375244141,1,Moderate
pic-227-_jpg.rf.d1dd38a0e09eda8c0d4239a5bdedd0d5.jpg,2,27,49,1323,1033,290.0,0.398508220911026,0.4245873689651489,0.3737785518169403,0.012685166671872139,0.05080881714820862,0.41671451926231384,1,Moderate
pic-227-_jpg.rf.d1dd38a0e09eda8c0d4239a5bdedd0d5.jpg,3,30,59,1770,1341,429.0,0.2564319372177124,0.28343823552131653,0.22651931643486023,0.014167573302984238,0.0569189190864563,0.2757839560508728,1,Moderate
pic-227-_jpg.rf.d1dd38a0e09eda8c0d4239a5bdedd0d5.jpg,4,13,47,611,486,125.0,0.17475885152816772,0.18585623800754547,0.16155731678009033,0.0064554763957858086,0.02429892122745514,0.1837240755558014,1,Moderate
pic-227-_jpg.rf.e6fd78cbf2dc3c11a24ccdc8ddc5ee25.jpg,0,164,168,27552,19895,7657.0,0.7533232569694519,0.903985321521759,0.620940089225769,0.0723293200135231,0.28304523229599,0.851960301399231,0,Shallow
pic-227-_jpg.rf.e6fd78cbf2dc3c11a24ccdc8ddc5ee25.jpg,1,40,61,2440,1695,745.0,0.4976254403591156,0.5412037372589111,0.4609318971633911,0.018073342740535736,0.08027184009552002,0.5225725173950195,1,Moderate
pic-227-_jpg.rf.e6fd78cbf2dc3c11a24ccdc8ddc5ee25.jpg,2,31,48,1488,1024,464.0,0.40479499101638794,0.4337053596973419,0.3780611753463745,0.01351251918822527,0.05564418435096741,0.4242410659790039,1,Moderate
pic-227-_jpg.rf.e6fd78cbf2dc3c11a24ccdc8ddc5ee25.jpg,3,35,57,1995,1347,648.0,0.255791574716568,0.2832825779914856,0.22703927755355835,0.013860147446393967,0.056243300437927246,0.2749285101890564,1,Moderate
pic-227-_jpg.rf.e6fd78cbf2dc3c11a24ccdc8ddc5ee25.jpg,4,18,48,864,488,376.0,0.17475837469100952,0.187112957239151,0.1608045995235443,0.006751112174242735,0.02630835771560669,0.18345345556735992,1,Moderate
pic-23-_jpg.rf.4152b4c3ac522f79019ca14cc242eb95.jpg,0,259,204,52836,33210,19626.0,0.5670546889305115,0.8761246204376221,0.42285478115081787,0.08111027628183365,0.4532698392868042,0.6778611540794373,0,Shallow
pic-23-_jpg.rf.4152b4c3ac522f79019ca14cc242eb95.jpg,1,413,200,82600,50172,32428.0,0.24128200113773346,0.512037456035614,0.03598782420158386,0.11040182411670685,0.47604963183403015,0.4047175645828247,0,Shallow
pic-23-_jpg.rf.dfe14e39a7d78d0edb998700007564e1.jpg,0,271,188,50948,32997,17951.0,0.7672615051269531,0.9568939208984375,0.5785433053970337,0.10361095517873764,0.3783506155014038,0.9073624610900879,0,Shallow
pic-23-_jpg.rf.dfe14e39a7d78d0edb998700007564e1.jpg,1,409,201,82209,49487,32722.0,0.3387914299964905,0.7004287242889404,0.05278119444847107,0.15245483815670013,0.6476475298404694,0.5629574656486511,0,Shallow
pic-23-_jpg.rf.e7e49a6cb4809947d14a95047f49964e.jpg,0,282,196,55272,33214,22058.0,0.7706395983695984,0.988808810710907,0.5697767734527588,0.11930206418037415,0.4190320372581482,0.9337736964225769,0,Shallow
pic-23-_jpg.rf.e7e49a6cb4809947d14a95047f49964e.jpg,1,372,181,67332,40941,26391.0,0.3246099352836609,0.6377337574958801,0.07290016114711761,0.13320252299308777,0.5648335963487625,0.5192581415176392,0,Shallow
pic-231-_jpg.rf.15d03eb1f1aea5ae78f46547ddb947b5.jpg,0,143,221,31603,24836,6767.0,0.6236547827720642,0.7461819648742676,0.5221002101898193,0.057615410536527634,0.22408175468444824,0.7051873803138733,0,Shallow
pic-231-_jpg.rf.15d03eb1f1aea5ae78f46547ddb947b5.jpg,1,82,164,13448,10076,3372.0,0.4367735981941223,0.5208677053451538,0.3846965432167053,0.03437701240181923,0.1361711621284485,0.4888005256652832,1,Moderate
pic-231-_jpg.rf.15d03eb1f1aea5ae78f46547ddb947b5.jpg,2,55,87,4785,3870,915.0,0.26389381289482117,0.31256526708602905,0.21742497384548187,0.02400798909366131,0.09514029324054718,0.2971271872520447,1,Moderate
pic-231-_jpg.rf.1ef52a6b450c206cfdcc425311a07859.jpg,0,164,228,37392,26991,10401.0,0.6549936532974243,0.7732827663421631,0.5458106994628906,0.05734822154045105,0.22747206687927246,0.7341880798339844,0,Shallow
pic-231-_jpg.rf.1ef52a6b450c206cfdcc425311a07859.jpg,1,89,170,15130,10915,4215.0,0.4596780240535736,0.5395610332489014,0.3989582359790802,0.03513272851705551,0.14060279726982117,0.5113643407821655,1,Moderate
pic-231-_jpg.rf.1ef52a6b450c206cfdcc425311a07859.jpg,2,60,85,5100,4173,927.0,0.2643357515335083,0.31484055519104004,0.21402543783187866,0.025603672489523888,0.10081511735916138,0.2992323637008667,1,Moderate
pic-231-_jpg.rf.2f5901a40332f282bcafe34b90f4f5ec.jpg,0,144,225,32400,25540,6860.0,0.624146580696106,0.7423371076583862,0.5211883187294006,0.056025270372629166,0.2211487889289856,0.7023829817771912,0,Shallow
pic-231-_jpg.rf.2f5901a40332f282bcafe34b90f4f5ec.jpg,1,84,167,14028,10318,3710.0,0.44138333201408386,0.5187809467315674,0.3883000910282135,0.03295908868312836,0.13048085570335388,0.49059897661209106,1,Moderate
pic-231-_jpg.rf.2f5901a40332f282bcafe34b90f4f5ec.jpg,2,56,89,4984,4005,979.0,0.2669486403465271,0.31288623809814453,0.22114230692386627,0.02330809086561203,0.09174393117427826,0.2991718649864197,1,Moderate
pic-232-_jpg.rf.1494a9c164c52d1cd9b45dda0e1b5bab.jpg,0,257,295,75815,51301,24514.0,0.6152127385139465,0.8879256844520569,0.34680813550949097,0.11334314197301865,0.5411175489425659,0.7684221267700195,0,Shallow
pic-232-_jpg.rf.848346f3e53f08683c1c17d6f1f7437e.jpg,0,247,280,69160,45494,23666.0,0.5336189866065979,0.8156195282936096,0.28072625398635864,0.10792175680398941,0.534893274307251,0.6826557517051697,0,Shallow
pic-232-_jpg.rf.f4098546b7c8b3af5f3463c6f63950dd.jpg,0,269,306,82314,54302,28012.0,0.6406144499778748,0.9176236987113953,0.3508346676826477,0.1185990646481514,0.5667890310287476,0.8012918829917908,0,Shallow
pic-233-_jpg.rf.59141047e39ac5b57f2f9b1f6a763936.jpg,0,261,335,87435,38962,48473.0,0.6190386414527893,0.8781741261482239,0.3953869044780731,0.11684199422597885,0.48278722167015076,0.782486081123352,0,Shallow
pic-233-_jpg.rf.64732a7585f4f1dc942fda7dce11b947.jpg,0,304,328,99712,43580,56132.0,0.3721840977668762,0.5335404276847839,0.2330009788274765,0.07296884804964066,0.30053944885730743,0.4750801622867584,0,Shallow
pic-233-_jpg.rf.8497a34a9e5ae4ee66830f050bbd69ac.jpg,0,280,313,87640,37701,49939.0,0.588524580001831,0.8309847712516785,0.3879573941230774,0.10504621267318726,0.4430273771286011,0.7379108667373657,0,Shallow
pic-234-_jpg.rf.6e6834e9f26a64c34edc2093c2133e77.jpg,0,81,154,12474,10087,2387.0,0.7225958704948425,0.7924397587776184,0.6584986448287964,0.03424480929970741,0.13394111394882202,0.7692582607269287,0,Shallow
pic-234-_jpg.rf.6e6834e9f26a64c34edc2093c2133e77.jpg,1,85,97,8245,5276,2969.0,0.7293325662612915,0.8068090081214905,0.6504201889038086,0.035386763513088226,0.15638881921768188,0.7766537666320801,0,Shallow
pic-234-_jpg.rf.bc29e6e5e745094cb40ab4d9023e2ad3.jpg,0,95,169,16055,12178,3877.0,0.7938224673271179,0.8824137449264526,0.7120482921600342,0.04277494177222252,0.17036545276641846,0.8517839312553406,0,Shallow
pic-234-_jpg.rf.bc29e6e5e745094cb40ab4d9023e2ad3.jpg,1,88,104,9152,6304,2848.0,0.7718801498413086,0.9406169056892395,0.6814250349998474,0.04131397604942322,0.2591918706893921,0.8225247263908386,0,Shallow
pic-234-_jpg.rf.c7c54a2bd8c106f1e8959e88238d0f3c.jpg,0,100,159,15900,11154,4746.0,0.7804123163223267,0.8582134246826172,0.7046307325363159,0.03920449689030647,0.15358269214630127,0.8336324691772461,0,Shallow
pic-234-_jpg.rf.c7c54a2bd8c106f1e8959e88238d0f3c.jpg,1,73,109,7957,5752,2205.0,0.7826635837554932,0.8589288592338562,0.6954567432403564,0.037382181733846664,0.16347211599349976,0.8317139148712158,0,Shallow
pic-235-_jpg.rf.149b89f603991e65409d2c817ffa8def.jpg,0,47,64,3008,2432,576.0,0.7910234928131104,0.8284143209457397,0.7521595358848572,0.019545843824744225,0.07625478506088257,0.8173922300338745,0,Shallow
pic-235-_jpg.rf.149b89f603991e65409d2c817ffa8def.jpg,1,61,108,6588,5089,1499.0,0.6375290155410767,0.6882505416870117,0.5915489196777344,0.024299871176481247,0.09670162200927734,0.6715940833091736,0,Shallow
pic-235-_jpg.rf.149b89f603991e65409d2c817ffa8def.jpg,2,50,47,2350,1934,416.0,0.8115809559822083,0.8460880517959595,0.7672443389892578,0.02110114134848118,0.07884371280670166,0.8396676182746887,0,Shallow
pic-235-_jpg.rf.149b89f603991e65409d2c817ffa8def.jpg,3,28,50,1400,1148,252.0,0.4845300316810608,0.5066172480583191,0.4624977111816406,0.01136201061308384,0.04411953687667847,0.5003743767738342,1,Moderate
pic-235-_jpg.rf.c953bfbb7502053e8a904197dc52e925.jpg,0,42,58,2436,1975,461.0,0.8227981328964233,0.8618897199630737,0.7838895320892334,0.019845250993967056,0.07800018787384033,0.8498145937919617,0,Shallow
pic-235-_jpg.rf.c953bfbb7502053e8a904197dc52e925.jpg,1,56,96,5376,4064,1312.0,0.6699825525283813,0.7199207544326782,0.6260844469070435,0.023504238575696945,0.09383630752563477,0.7029641270637512,0,Shallow
pic-235-_jpg.rf.c953bfbb7502053e8a904197dc52e925.jpg,2,59,43,2537,1954,583.0,0.8555543422698975,0.9082432985305786,0.8025560975074768,0.026374854147434235,0.1056872010231018,0.8909162878990173,0,Shallow
pic-235-_jpg.rf.c953bfbb7502053e8a904197dc52e925.jpg,3,25,45,1125,955,170.0,0.521894633769989,0.5441125631332397,0.4995307922363281,0.011536139994859695,0.04458177089691162,0.5380033850669861,1,Moderate
pic-235-_jpg.rf.caa8259752f70e86575c84bdc5a6ac3d.jpg,0,45,61,2745,2218,527.0,0.6598812937736511,0.6916564702987671,0.6294258236885071,0.015772612765431404,0.06223064661026001,0.6818899512290955,0,Shallow
pic-235-_jpg.rf.caa8259752f70e86575c84bdc5a6ac3d.jpg,1,57,103,5871,4569,1302.0,0.5327850580215454,0.5739656686782837,0.49550843238830566,0.019808661192655563,0.07845723628997803,0.5606978535652161,1,Moderate
pic-235-_jpg.rf.caa8259752f70e86575c84bdc5a6ac3d.jpg,2,62,44,2728,2146,582.0,0.6871585249900818,0.7279013395309448,0.6465247273445129,0.02075238712131977,0.08137661218643188,0.7147654294967651,0,Shallow
pic-235-_jpg.rf.caa8259752f70e86575c84bdc5a6ac3d.jpg,3,27,47,1269,1040,229.0,0.40895920991897583,0.4276655912399292,0.3903716504573822,0.009444192983210087,0.037293940782547,0.4220985770225525,1,Moderate
pic-237-_jpg.rf.b4c9d0f7d582f53d9355532af217097e.jpg,0,432,487,210384,159030,51354.0,0.5144319534301758,0.8238199353218079,0.19687998294830322,0.1519770324230194,0.6269399523735046,0.729005753993988,2,Deep
pic-237-_jpg.rf.f81c589abb7f7593acd9a66bd74c5d7f.jpg,0,440,490,215600,161929,53671.0,0.5009105801582336,0.8552573323249817,0.22034727036952972,0.15975885093212128,0.634910061955452,0.7311199307441711,2,Deep
pic-237-_jpg.rf.fa5cabd66a044525bb74f3c49acf54fe.jpg,0,383,429,164307,131340,32967.0,0.4778183400630951,0.7563154101371765,0.26986634731292725,0.12629304826259613,0.48644906282424927,0.6593234539031982,2,Deep
pic-238-_jpg.rf.28fccf586765c2246d9b66e5eb8f3584.jpg,0,141,230,32430,19517,12913.0,0.5546367168426514,0.697737455368042,0.4049084782600403,0.06891381740570068,0.2928289771080017,0.6495155096054077,0,Shallow
pic-238-_jpg.rf.28fccf586765c2246d9b66e5eb8f3584.jpg,1,57,311,17727,11893,5834.0,0.6652700901031494,0.7263155579566956,0.61419677734375,0.026302820071578026,0.11211878061294556,0.7013139724731445,0,Shallow
pic-238-_jpg.rf.28fccf586765c2246d9b66e5eb8f3584.jpg,2,146,277,40442,16783,23659.0,0.39669832587242126,0.6054022908210754,0.27063512802124023,0.09143534302711487,0.3347671627998352,0.5362371206283569,0,Shallow
pic-238-_jpg.rf.43a237ef9bd9dd28d4f798a87853f1fa.jpg,0,133,260,34580,23234,11346.0,0.5979520082473755,0.7472285032272339,0.4267849326133728,0.0774429589509964,0.3204435706138611,0.7033660411834717,0,Shallow
pic-238-_jpg.rf.43a237ef9bd9dd28d4f798a87853f1fa.jpg,1,75,338,25350,14117,11233.0,0.7125076651573181,0.7750933170318604,0.6517924070358276,0.029149804264307022,0.12330090999603271,0.7521677613258362,0,Shallow
pic-238-_jpg.rf.43a237ef9bd9dd28d4f798a87853f1fa.jpg,2,187,285,53295,20097,33198.0,0.42315828800201416,0.6438521146774292,0.2770547568798065,0.10383151471614838,0.3667973577976227,0.5827735662460327,0,Shallow
pic-238-_jpg.rf.73b9192a4cd0112e00efe9158aff9459.jpg,0,186,234,43524,23222,20302.0,0.6274203658103943,0.7904648780822754,0.4500734806060791,0.08084528893232346,0.3403913974761963,0.7362486720085144,0,Shallow
pic-238-_jpg.rf.73b9192a4cd0112e00efe9158aff9459.jpg,1,110,334,36740,14050,22690.0,0.7352536916732788,0.8079641461372375,0.6717426180839539,0.030428938567638397,0.1362215280532837,0.7774943113327026,0,Shallow
pic-238-_jpg.rf.73b9192a4cd0112e00efe9158aff9459.jpg,2,143,320,45760,20060,25700.0,0.44222694635391235,0.6827778220176697,0.2938483655452728,0.1044735312461853,0.38892945647239685,0.6012004613876343,0,Shallow
pic-239-_jpg.rf.27ea296703d09cf2fc0438826eb25216.jpg,0,84,293,24612,11455,13157.0,0.9217633008956909,0.9814035892486572,0.8803849816322327,0.02191445603966713,0.10101860761642456,0.9539110064506531,0,Shallow
pic-239-_jpg.rf.27ea296703d09cf2fc0438826eb25216.jpg,1,43,213,9159,4513,4646.0,0.6334525942802429,0.6609548330307007,0.6060274839401245,0.013264958746731281,0.05492734909057617,0.6513961553573608,0,Shallow
pic-239-_jpg.rf.27ea296703d09cf2fc0438826eb25216.jpg,2,79,397,31363,12875,18488.0,0.5542933940887451,0.6370132565498352,0.5102384090423584,0.01948430947959423,0.1267748475074768,0.5802866816520691,0,Shallow
pic-239-_jpg.rf.27ea296703d09cf2fc0438826eb25216.jpg,3,48,235,11280,5768,5512.0,0.4416576623916626,0.46984022855758667,0.4087568521499634,0.015520527958869934,0.06108337640762329,0.4623090922832489,1,Moderate
pic-239-_jpg.rf.27ea296703d09cf2fc0438826eb25216.jpg,4,70,276,19320,7973,11347.0,0.2940421998500824,0.3268222510814667,0.2609127163887024,0.01636975072324276,0.06590953469276428,0.3159022629261017,1,Moderate
pic-239-_jpg.rf.755180833958d9091b3bb6a24b34f8c9.jpg,0,99,308,30492,22361,8131.0,0.8955109119415283,0.9886071085929871,0.8122718334197998,0.05050327628850937,0.17633527517318726,0.9681622385978699,0,Shallow
pic-239-_jpg.rf.755180833958d9091b3bb6a24b34f8c9.jpg,1,28,198,5544,3908,1636.0,0.5816956758499146,0.6095861792564392,0.5531663298606873,0.01345048751682043,0.05641984939575195,0.5999253988265991,0,Shallow
pic-239-_jpg.rf.755180833958d9091b3bb6a24b34f8c9.jpg,2,42,401,16842,11225,5617.0,0.4991925060749054,0.5379155278205872,0.4641827642917633,0.017201373353600502,0.07373276352882385,0.522343635559082,1,Moderate
pic-239-_jpg.rf.755180833958d9091b3bb6a24b34f8c9.jpg,3,30,219,6570,4947,1623.0,0.40197861194610596,0.4267372488975525,0.3771289587020874,0.012979663908481598,0.04960829019546509,0.4194578528404236,1,Moderate
pic-239-_jpg.rf.755180833958d9091b3bb6a24b34f8c9.jpg,4,31,261,8091,6784,1307.0,0.2873816192150116,0.3124232590198517,0.2600269019603729,0.013744490221142769,0.05239635705947876,0.3059818148612976,1,Moderate
pic-239-_jpg.rf.8f2076aea9dd8405d1992210d01df6ef.jpg,0,86,312,26832,20617,6215.0,0.9068560004234314,0.9876171350479126,0.8352347016334534,0.0431075319647789,0.15238243341445923,0.9696947336196899,0,Shallow
pic-239-_jpg.rf.8f2076aea9dd8405d1992210d01df6ef.jpg,1,33,207,6831,4230,2601.0,0.598403811454773,0.6280682682991028,0.5677669048309326,0.014301414601504803,0.060301363468170166,0.6179396510124207,0,Shallow
pic-239-_jpg.rf.8f2076aea9dd8405d1992210d01df6ef.jpg,2,50,412,20600,12386,8214.0,0.5102099180221558,0.5521711707115173,0.47194376587867737,0.01853296160697937,0.08022740483283997,0.5353711843490601,1,Moderate
pic-239-_jpg.rf.8f2076aea9dd8405d1992210d01df6ef.jpg,3,35,229,8015,5425,2590.0,0.4090796113014221,0.4348617196083069,0.3828268051147461,0.013264757581055164,0.05203491449356079,0.4269033670425415,1,Moderate
pic-239-_jpg.rf.8f2076aea9dd8405d1992210d01df6ef.jpg,4,33,273,9009,7424,1585.0,0.28840816020965576,0.31601396203041077,0.2591407895088196,0.014573726803064346,0.056873172521591187,0.3080156743526459,1,Moderate
pic-24-_jpg.rf.5c0e8c26b2a5c454bf448e0b6f2ecd97.jpg,0,31,95,2945,2122,823.0,0.26167500019073486,0.29855307936668396,0.228746235370636,0.016499686986207962,0.06980684399604797,0.28492921590805054,1,Moderate
pic-24-_jpg.rf.5c0e8c26b2a5c454bf448e0b6f2ecd97.jpg,1,396,534,211464,146509,64955.0,0.5868173241615295,0.9244126677513123,0.19674116373062134,0.1844404935836792,0.7276715040206909,0.8349420428276062,2,Deep
pic-24-_jpg.rf.6f72a29392e37293dead7ab866cff716.jpg,0,31,104,3224,2457,767.0,0.21906091272830963,0.25187915563583374,0.1898818463087082,0.01420832984149456,0.06199730932712555,0.2388221025466919,1,Moderate
pic-24-_jpg.rf.6f72a29392e37293dead7ab866cff716.jpg,1,400,524,209600,151913,57687.0,0.49600687623023987,0.9673949480056763,0.15985949337482452,0.16267238557338715,0.8075354546308517,0.7121224999427795,2,Deep
pic-24-_jpg.rf.c4aa15eeb12eb5d97a7d89fc47d7cca6.jpg,0,36,102,3672,2385,1287.0,0.26768019795417786,0.3040914535522461,0.234097421169281,0.01707214117050171,0.06999403238296509,0.29087862372398376,1,Moderate
pic-24-_jpg.rf.c4aa15eeb12eb5d97a7d89fc47d7cca6.jpg,1,420,521,218820,145885,72935.0,0.5658506751060486,0.9282930493354797,0.19686537981033325,0.17735625803470612,0.7314276695251465,0.7953944802284241,2,Deep
pic-240-_jpg.rf.6cf12918112f73e428cb65a891665604.jpg,0,102,224,22848,14939,7909.0,0.4920329749584198,0.5884080529212952,0.4192828834056854,0.03984430059790611,0.16912516951560974,0.548123300075531,0,Shallow
pic-240-_jpg.rf.6cf12918112f73e428cb65a891665604.jpg,1,31,41,1271,833,438.0,0.28902649879455566,0.3151988089084625,0.26573795080184937,0.012203714810311794,0.04946085810661316,0.3059607446193695,1,Moderate
pic-240-_jpg.rf.8dee3d4ab5ccd2161b6e520c20a0f812.jpg,0,97,217,21049,13986,7063.0,0.49144986271858215,0.5841126441955566,0.42227572202682495,0.03829294070601463,0.1618369221687317,0.5452554225921631,0,Shallow
pic-240-_jpg.rf.8dee3d4ab5ccd2161b6e520c20a0f812.jpg,1,30,40,1200,790,410.0,0.29609572887420654,0.3219670355319977,0.2730959951877594,0.011975621804594994,0.04887104034423828,0.31264495849609375,1,Moderate
pic-240-_jpg.rf.8f0271d2f7004b60ecb8bceed3c799c6.jpg,0,117,236,27612,17609,10003.0,0.5327106714248657,0.6411155462265015,0.4459816813468933,0.04537195712327957,0.19513386487960815,0.5960702896118164,0,Shallow
pic-240-_jpg.rf.8f0271d2f7004b60ecb8bceed3c799c6.jpg,1,39,41,1599,963,636.0,0.2926537096500397,0.32303592562675476,0.26508232951164246,0.014097378589212894,0.057953596115112305,0.3118633031845093,1,Moderate
pic-241-_jpg.rf.3432cc48d4f6e7d8002d6eb4642495ce.jpg,0,390,596,232440,149829,82611.0,0.42940187454223633,0.7791862487792969,0.23186630010604858,0.11864234507083893,0.5473199486732483,0.5895050168037415,2,Deep
pic-241-_jpg.rf.8288a409c841a344ed2174080fddc6a5.jpg,0,325,598,194350,151009,43341.0,0.5236226320266724,0.7472192645072937,0.30127644538879395,0.10942326486110687,0.44594281911849976,0.675013542175293,2,Deep
pic-241-_jpg.rf.c898c9588e06414254eb3a8101ade893.jpg,0,316,581,183596,144274,39322.0,0.44749101996421814,0.7065253853797913,0.25791046023368835,0.10604315251111984,0.4486149251461029,0.5966696739196777,2,Deep
pic-242-_jpg.rf.0a72277f1c31da47eb26ecbb3b7e6296.jpg,0,144,283,40752,21752,19000.0,0.5112365484237671,0.6088424921035767,0.379408597946167,0.04884256795048714,0.22943389415740967,0.5745786428451538,0,Shallow
pic-242-_jpg.rf.42f875819ed5ac0facfa51b46a123fc2.jpg,0,131,269,35239,19902,15337.0,0.5216802954673767,0.6168845295906067,0.3978889286518097,0.04979199916124344,0.218995600938797,0.5855421423912048,0,Shallow
pic-242-_jpg.rf.61dffd0851eee83ef24f448d88ffeebe.jpg,0,132,267,35244,19359,15885.0,0.508171558380127,0.5973811745643616,0.389907568693161,0.04605253040790558,0.20747360587120056,0.5672450661659241,0,Shallow
pic-243-_jpg.rf.0df6511df9c5cff60f86c536ab1635a1.jpg,0,121,275,33275,21206,12069.0,0.8138657212257385,0.9482787251472473,0.6876799464225769,0.0598413310945034,0.2605987787246704,0.8937739729881287,0,Shallow
pic-243-_jpg.rf.0df6511df9c5cff60f86c536ab1635a1.jpg,1,157,203,31871,17308,14563.0,0.6057003736495972,0.7605893015861511,0.4343179166316986,0.08289865404367447,0.3262713849544525,0.7175869941711426,0,Shallow
pic-243-_jpg.rf.d07142e52129da403acd41a7a03fabae.jpg,0,121,279,33759,23055,10704.0,0.8430078625679016,0.9569074511528015,0.7202112078666687,0.0566711388528347,0.2366962432861328,0.916487455368042,0,Shallow
pic-243-_jpg.rf.d07142e52129da403acd41a7a03fabae.jpg,1,190,184,34960,19320,15640.0,0.6464557647705078,0.8136462569236755,0.45974496006965637,0.0907757431268692,0.35390129685401917,0.7673046588897705,0,Shallow
pic-243-_jpg.rf.d864bfac7ff1440f8c98557209aa3c0f.jpg,0,96,300,28800,19498,9302.0,0.8442134857177734,0.9330407381057739,0.7384023070335388,0.04633012413978577,0.1946384310722351,0.9019837379455566,0,Shallow
pic-243-_jpg.rf.d864bfac7ff1440f8c98557209aa3c0f.jpg,1,192,208,39936,21384,18552.0,0.6481900215148926,0.8184254169464111,0.45644626021385193,0.09171400219202042,0.3619791567325592,0.7720102071762085,0,Shallow
pic-244-_jpg.rf.1cc262720c9af6dae71db8520773160b.jpg,0,268,322,86296,55629,30667.0,0.38694387674331665,0.5316866636276245,0.24122467637062073,0.08130498230457306,0.2904619872570038,0.4964653253555298,0,Shallow
pic-244-_jpg.rf.7ebc863c89590ff2a83f607dcbc68e34.jpg,0,334,318,106212,66769,39443.0,0.5667643547058105,0.7862412929534912,0.35129499435424805,0.12025410681962967,0.43494629859924316,0.7272745370864868,0,Shallow
pic-244-_jpg.rf.9beb79771a7b6709183e6cca511ff830.jpg,0,301,345,103845,68206,35639.0,0.4213280975818634,0.5759137868881226,0.25450003147125244,0.08666953444480896,0.3214137554168701,0.5364720225334167,0,Shallow
pic-245-_jpg.rf.17df77133740bc613a4696554928cd5c.jpg,0,438,634,277692,117190,160502.0,0.5554259419441223,0.9561728239059448,0.28235289454460144,0.18428286910057068,0.6738199293613434,0.8541110754013062,2,Deep
pic-245-_jpg.rf.9e660e4d87ccc3b8a3bb1d2bf2745aa8.jpg,0,428,633,270924,107020,163904.0,0.5685551166534424,0.9792847037315369,0.28801771998405457,0.1997041255235672,0.6912669837474823,0.8914815187454224,2,Deep
pic-245-_jpg.rf.f64415f2a4f04934c63eb9e6ddc58b03.jpg,0,425,635,269875,108716,161159.0,0.5661224126815796,0.9544543027877808,0.300109326839447,0.18356408178806305,0.6543449759483337,0.8671272397041321,2,Deep
pic-246-_jpg.rf.554ed8a1140e2e47539b5825358f3491.jpg,0,47,77,3619,2718,901.0,0.7383861541748047,0.7820343375205994,0.6924965381622314,0.02263708785176277,0.08953779935836792,0.7688709497451782,0,Shallow
pic-246-_jpg.rf.554ed8a1140e2e47539b5825358f3491.jpg,1,54,77,4158,3209,949.0,0.943261981010437,0.9846827387809753,0.8972736597061157,0.021738309413194656,0.08740907907485962,0.9723103046417236,0,Shallow
pic-246-_jpg.rf.554ed8a1140e2e47539b5825358f3491.jpg,2,150,231,34650,23828,10822.0,0.6446614265441895,0.8029587268829346,0.5122857093811035,0.07097397744655609,0.29067301750183105,0.74579256772995,0,Shallow
pic-246-_jpg.rf.554ed8a1140e2e47539b5825358f3491.jpg,3,62,51,3162,2231,931.0,0.7335691452026367,0.7938706874847412,0.6682479381561279,0.03072974644601345,0.12562274932861328,0.7759808301925659,0,Shallow
pic-246-_jpg.rf.7b2fd4f45f1134c636d1a6fe51744d46.jpg,0,46,76,3496,2812,684.0,0.644348680973053,0.6844634413719177,0.5995503067970276,0.021407943218946457,0.08491313457489014,0.6729250550270081,0,Shallow
pic-246-_jpg.rf.7b2fd4f45f1134c636d1a6fe51744d46.jpg,1,56,81,4536,3632,904.0,0.837940514087677,0.874373197555542,0.7943724393844604,0.02048363909125328,0.08000075817108154,0.8651183843612671,0,Shallow
pic-246-_jpg.rf.7b2fd4f45f1134c636d1a6fe51744d46.jpg,2,156,233,36348,24676,11672.0,0.5691829323768616,0.7229840159416199,0.4397916793823242,0.0682881772518158,0.28319233655929565,0.665668785572052,0,Shallow
pic-246-_jpg.rf.7b2fd4f45f1134c636d1a6fe51744d46.jpg,3,63,49,3087,2329,758.0,0.6255543828010559,0.6810098886489868,0.5669065713882446,0.028293075039982796,0.11410331726074219,0.6650797724723816,0,Shallow
pic-246-_jpg.rf.93663c16c298ed591b91eadfc6e144ae.jpg,0,41,69,2829,2252,577.0,0.5954652428627014,0.6311190128326416,0.557848334312439,0.01860850863158703,0.07327067852020264,0.6203895807266235,0,Shallow
pic-246-_jpg.rf.93663c16c298ed591b91eadfc6e144ae.jpg,1,60,73,4380,3397,983.0,0.7851300239562988,0.8424869179725647,0.7340638637542725,0.026453709229826927,0.10842305421829224,0.8209802508354187,0,Shallow
pic-246-_jpg.rf.93663c16c298ed591b91eadfc6e144ae.jpg,2,134,211,28274,19861,8413.0,0.5217393040657043,0.6532556414604187,0.41296079754829407,0.058696772903203964,0.24029484391212463,0.6052199602127075,0,Shallow
pic-246-_jpg.rf.93663c16c298ed591b91eadfc6e144ae.jpg,3,28,59,1652,1367,285.0,0.8697762489318848,0.8924288153648376,0.8436802625656128,0.0131615549325943,0.048748552799224854,0.887569785118103,0,Shallow
pic-246-_jpg.rf.93663c16c298ed591b91eadfc6e144ae.jpg,4,58,44,2552,1886,666.0,0.5888813138008118,0.6391342282295227,0.5357206463813782,0.025178072974085808,0.10341358184814453,0.6232107877731323,0,Shallow
pic-247-_jpg.rf.0f4643d64aafaa72e5e291cb8bdfae57.jpg,0,303,552,167256,110789,56467.0,0.7079854607582092,0.9555280804634094,0.45920100808143616,0.13009783625602722,0.49632707238197327,0.8813320398330688,2,Deep
pic-247-_jpg.rf.0f4643d64aafaa72e5e291cb8bdfae57.jpg,1,37,136,5032,3750,1282.0,0.31128236651420593,0.3405853509902954,0.2802639901638031,0.014865288510918617,0.06032136082649231,0.33186712861061096,1,Moderate
pic-247-_jpg.rf.0f4643d64aafaa72e5e291cb8bdfae57.jpg,2,23,108,2484,1973,511.0,0.2676142752170563,0.2879360616207123,0.250411719083786,0.00904496107250452,0.03752434253692627,0.27997270226478577,1,Moderate
pic-247-_jpg.rf.0f4643d64aafaa72e5e291cb8bdfae57.jpg,3,30,144,4320,3687,633.0,0.23791351914405823,0.2608400285243988,0.21449556946754456,0.01151620876044035,0.04634445905685425,0.25392550230026245,1,Moderate
pic-247-_jpg.rf.0f4643d64aafaa72e5e291cb8bdfae57.jpg,4,15,113,1695,1090,605.0,0.10633494704961777,0.11797846853733063,0.09678959101438522,0.0050164274871349335,0.021188877522945404,0.11341818422079086,1,Moderate
pic-247-_jpg.rf.0f4643d64aafaa72e5e291cb8bdfae57.jpg,5,17,108,1836,1456,380.0,0.11715570092201233,0.13366861641407013,0.10341710597276688,0.007442152127623558,0.030251510441303253,0.12742480635643005,1,Moderate
pic-247-_jpg.rf.5b9be4976067ff481a06a5d7f1916133.jpg,0,310,499,154690,97682,57008.0,0.7056245803833008,0.9882518649101257,0.4469531178474426,0.13970766961574554,0.5412987470626831,0.9014033079147339,2,Deep
pic-247-_jpg.rf.5b9be4976067ff481a06a5d7f1916133.jpg,1,33,123,4059,3061,998.0,0.30343568325042725,0.33086854219436646,0.2729106843471527,0.014662993140518665,0.057957857847213745,0.32349738478660583,1,Moderate
pic-247-_jpg.rf.5b9be4976067ff481a06a5d7f1916133.jpg,2,22,97,2134,1601,533.0,0.2661266326904297,0.2855679392814636,0.2489756941795349,0.008814573287963867,0.03659224510192871,0.27838999032974243,1,Moderate
pic-247-_jpg.rf.5b9be4976067ff481a06a5d7f1916133.jpg,3,28,130,3640,3055,585.0,0.23157906532287598,0.25331857800483704,0.2075280398130417,0.011861789971590042,0.04579053819179535,0.24786242842674255,1,Moderate
pic-247-_jpg.rf.5b9be4976067ff481a06a5d7f1916133.jpg,4,12,101,1212,901,311.0,0.11018621921539307,0.12195595353841782,0.10051921010017395,0.005240032449364662,0.021436743438243866,0.11768409609794617,1,Moderate
pic-247-_jpg.rf.5b9be4976067ff481a06a5d7f1916133.jpg,5,17,97,1649,1197,452.0,0.1128203347325325,0.12730495631694794,0.09988796710968018,0.00690649077296257,0.02741698920726776,0.12233676016330719,1,Moderate
pic-247-_jpg.rf.cbf21b0811a22af9d7b2ebaffbd1d938.jpg,0,304,528,160512,102454,58058.0,0.7111608982086182,0.9675308465957642,0.4449511170387268,0.1369689702987671,0.5225797295570374,0.8986638784408569,2,Deep
pic-247-_jpg.rf.cbf21b0811a22af9d7b2ebaffbd1d938.jpg,1,48,123,5904,3296,2608.0,0.29449599981307983,0.32455286383628845,0.2622961103916168,0.015767129138112068,0.06225675344467163,0.31621676683425903,1,Moderate
pic-247-_jpg.rf.cbf21b0811a22af9d7b2ebaffbd1d938.jpg,2,31,100,3100,1707,1393.0,0.2460814118385315,0.2667278051376343,0.22887668013572693,0.009337634779512882,0.03785112500190735,0.2588483393192291,1,Moderate
pic-247-_jpg.rf.cbf21b0811a22af9d7b2ebaffbd1d938.jpg,3,42,135,5670,3283,2387.0,0.2176523655653,0.24269549548625946,0.19225315749645233,0.013037415221333504,0.05044233798980713,0.2354375571012497,1,Moderate
pic-247-_jpg.rf.cbf21b0811a22af9d7b2ebaffbd1d938.jpg,4,23,104,2392,956,1436.0,0.08274482190608978,0.09389182180166245,0.07288102805614471,0.005234936252236366,0.02101079374551773,0.09027902781963348,1,Moderate
pic-247-_jpg.rf.cbf21b0811a22af9d7b2ebaffbd1d938.jpg,5,34,98,3332,1283,2049.0,0.09242047369480133,0.10959544777870178,0.07745712250471115,0.00770537368953228,0.03213832527399063,0.1029260903596878,1,Moderate
pic-248-_jpg.rf.a3cbf0b1296da7cd3ea5d46525c3b5ad.jpg,0,317,390,123630,72354,51276.0,0.5555188059806824,0.8139392733573914,0.36365658044815063,0.10614565014839172,0.4502826929092407,0.7086176872253418,0,Shallow
pic-248-_jpg.rf.a889a66f2a2a27646c6d2102e5b2fb17.jpg,0,323,398,128554,75411,53143.0,0.586624264717102,0.8665152192115784,0.38688933849334717,0.11444245278835297,0.4796258807182312,0.7546266317367554,2,Deep
pic-248-_jpg.rf.b57094138ac0e7270328a9956b2f616e.jpg,0,293,368,107824,67575,40249.0,0.5614774227142334,0.8193365931510925,0.37065601348876953,0.10520139336585999,0.448680579662323,0.7129999399185181,0,Shallow
pic-249-_jpg.rf.2909e1821a38907edf8d4f9d87cfa7fa.jpg,0,134,147,19698,14697,5001.0,0.5354028344154358,0.6086742877960205,0.44134417176246643,0.04086622595787048,0.16733011603355408,0.5862403512001038,0,Shallow
pic-249-_jpg.rf.6184619642f841a8598f0fee9f9cb770.jpg,0,117,151,17667,13588,4079.0,0.5611436367034912,0.6019098162651062,0.4425007998943329,0.035624030977487564,0.15940901637077332,0.5970970988273621,0,Shallow
pic-249-_jpg.rf.6e835a0b390d9b7815c33f5834b17a42.jpg,0,143,159,22737,16865,5872.0,0.4355108141899109,0.4917943775653839,0.3371874690055847,0.040746089071035385,0.1546069085597992,0.48296058177948,1,Moderate
pic-25-_jpg.rf.0c7a3fd9a3840f28576edfe095f5b2c8.jpg,0,106,198,20988,13186,7802.0,0.31751424074172974,0.384400874376297,0.22959184646606445,0.035814207047224045,0.15480902791023254,0.36376461386680603,1,Moderate
pic-25-_jpg.rf.2d988998b2a995bdee0f0282803e4801.jpg,0,107,187,20009,12345,7664.0,0.30795180797576904,0.38897374272346497,0.23820072412490845,0.03489400073885918,0.15077301859855652,0.3588758111000061,1,Moderate
pic-25-_jpg.rf.deadb4c9f8357cd2f7d51f91cb1da866.jpg,0,109,205,22345,14295,8050.0,0.30290135741233826,0.3711513578891754,0.20205166935920715,0.037958670407533646,0.16909968852996826,0.3493782579898834,1,Moderate
pic-250-_jpg.rf.90193421f8c21ded95e0cbf404f513dd.jpg,0,180,410,73800,50939,22861.0,0.7171874642372131,0.8957310318946838,0.557188868522644,0.07728920876979828,0.3385421633720398,0.8199540972709656,0,Shallow
pic-250-_jpg.rf.90193421f8c21ded95e0cbf404f513dd.jpg,1,72,128,9216,6463,2753.0,0.4293261468410492,0.4929993450641632,0.36623185873031616,0.029998667538166046,0.12676748633384705,0.4694579541683197,1,Moderate
pic-250-_jpg.rf.a3ea467a7cc80896f04d44bea680785d.jpg,0,178,411,73158,50927,22231.0,0.5764204859733582,0.7124444246292114,0.44973480701446533,0.0607399046421051,0.2627096176147461,0.6563616394996643,0,Shallow
pic-250-_jpg.rf.a3ea467a7cc80896f04d44bea680785d.jpg,1,72,128,9216,6505,2711.0,0.3464023768901825,0.3966095745563507,0.2966472804546356,0.023809434846043587,0.09996229410171509,0.3779646158218384,1,Moderate
pic-250-_jpg.rf.fa08a66eed53518165efed59a5ab8eb4.jpg,0,190,429,81510,55427,26083.0,0.736981213092804,0.9217549562454224,0.572162389755249,0.07952315360307693,0.34959256649017334,0.842719316482544,0,Shallow
pic-250-_jpg.rf.fa08a66eed53518165efed59a5ab8eb4.jpg,1,75,133,9975,7040,2935.0,0.43588313460350037,0.5021556615829468,0.37148603796958923,0.031129376962780952,0.13066962361335754,0.4769577980041504,1,Moderate
pic-251-_jpg.rf.2fdb4a020ffa343ae74099d9d2876c41.jpg,0,225,152,34200,22647,11553.0,0.4140068590641022,0.5847548842430115,0.26507851481437683,0.08197595924139023,0.31967636942863464,0.533801794052124,0,Shallow
pic-251-_jpg.rf.2fdb4a020ffa343ae74099d9d2876c41.jpg,1,60,51,3060,2174,886.0,0.6868276596069336,0.7273722887039185,0.6465902328491211,0.020496077835559845,0.08078205585479736,0.7152401208877563,0,Shallow
pic-251-_jpg.rf.2fdb4a020ffa343ae74099d9d2876c41.jpg,2,94,71,6674,4093,2581.0,0.6829109191894531,0.7459031939506531,0.6109036207199097,0.03207802399992943,0.1349995732307434,0.725419282913208,0,Shallow
pic-251-_jpg.rf.2fdb4a020ffa343ae74099d9d2876c41.jpg,3,76,52,3952,2586,1366.0,0.8365721106529236,0.8828374743461609,0.7794238924980164,0.026979226619005203,0.10341358184814453,0.8704695701599121,0,Shallow
pic-251-_jpg.rf.2fdb4a020ffa343ae74099d9d2876c41.jpg,4,63,54,3402,2155,1247.0,0.4566551446914673,0.5037182569503784,0.41212549805641174,0.021501507610082626,0.09159275889396667,0.4862368702888489,1,Moderate
pic-251-_jpg.rf.38a2bdb803b4ab772ebd6e40119129f8.jpg,0,209,172,35948,22079,13869.0,0.45676541328430176,0.6365789175033569,0.31238043308258057,0.08167911320924759,0.32419848442077637,0.5755645632743835,0,Shallow
pic-251-_jpg.rf.38a2bdb803b4ab772ebd6e40119129f8.jpg,1,53,47,2491,2166,325.0,0.7526932954788208,0.794156014919281,0.711837887763977,0.02133333310484886,0.08231812715530396,0.7825725078582764,0,Shallow
pic-251-_jpg.rf.38a2bdb803b4ab772ebd6e40119129f8.jpg,2,90,66,5940,4003,1937.0,0.755607008934021,0.8224654197692871,0.6831898093223572,0.03303047642111778,0.13927561044692993,0.799734354019165,0,Shallow
pic-251-_jpg.rf.38a2bdb803b4ab772ebd6e40119129f8.jpg,3,73,51,3723,2535,1188.0,0.9149945974349976,0.9668799638748169,0.852234959602356,0.03016662783920765,0.11464500427246094,0.9525875449180603,0,Shallow
pic-251-_jpg.rf.38a2bdb803b4ab772ebd6e40119129f8.jpg,4,61,54,3294,2107,1187.0,0.5078120827674866,0.5573898553848267,0.4612220525741577,0.02236969955265522,0.09616780281066895,0.5383334159851074,1,Moderate
pic-251-_jpg.rf.9841cb1e9b954b905fb2c6573c987199.jpg,0,203,211,42833,22547,20286.0,0.3120793104171753,0.4442076086997986,0.20520661771297455,0.0608597956597805,0.23900099098682404,0.4003162980079651,1,Moderate
pic-251-_jpg.rf.9841cb1e9b954b905fb2c6573c987199.jpg,1,52,52,2704,2187,517.0,0.5344195365905762,0.5683470368385315,0.5012657642364502,0.017512444406747818,0.0670812726020813,0.5588245391845703,1,Moderate
pic-251-_jpg.rf.9841cb1e9b954b905fb2c6573c987199.jpg,2,86,67,5762,4123,1639.0,0.5468613505363464,0.5997312068939209,0.488186776638031,0.026927387341856956,0.11154443025588989,0.5827608108520508,0,Shallow
pic-251-_jpg.rf.9841cb1e9b954b905fb2c6573c987199.jpg,3,69,57,3933,2548,1385.0,0.6648867726325989,0.7030742764472961,0.6178808808326721,0.022824475541710854,0.08519339561462402,0.693972110748291,0,Shallow
pic-251-_jpg.rf.9841cb1e9b954b905fb2c6573c987199.jpg,4,57,53,3021,2157,864.0,0.3498775362968445,0.38582924008369446,0.31570571660995483,0.016227426007390022,0.07012352347373962,0.3720730245113373,1,Moderate
pic-252-_jpg.rf.1d994545861b8acd262681fa0d99058b.jpg,0,206,151,31106,21001,10105.0,0.5357646942138672,0.7274914979934692,0.3405068516731262,0.09380355477333069,0.386984646320343,0.6566257476806641,0,Shallow
pic-252-_jpg.rf.60c38b7dd52f66a6bf7fd05386915aef.jpg,0,208,160,33280,21967,11313.0,0.5592577457427979,0.7632653713226318,0.34511351585388184,0.10183626413345337,0.41815185546875,0.6906416416168213,0,Shallow
pic-252-_jpg.rf.9cb2afb0020b7d0e4220ed2f05fc3014.jpg,0,213,174,37062,22366,14696.0,0.44707369804382324,0.6216426491737366,0.2780475318431854,0.08201780170202255,0.34359511733055115,0.5539893507957458,0,Shallow
pic-253-_jpg.rf.1ddbaa9733534658408a1a14372ef0b9.jpg,0,122,139,16958,11379,5579.0,0.7650184035301208,0.8749734163284302,0.674997866153717,0.04866288974881172,0.19997555017471313,0.833402156829834,0,Shallow
pic-253-_jpg.rf.1ddbaa9733534658408a1a14372ef0b9.jpg,1,86,175,15050,9955,5095.0,0.5774125456809998,0.6529759168624878,0.5087817907333374,0.03405346721410751,0.1441941261291504,0.6239388585090637,0,Shallow
pic-253-_jpg.rf.1ddbaa9733534658408a1a14372ef0b9.jpg,2,92,80,7360,5623,1737.0,0.3864434063434601,0.4622274935245514,0.3071082830429077,0.03960185497999191,0.15511921048164368,0.43997249007225037,1,Moderate
pic-253-_jpg.rf.1ddbaa9733534658408a1a14372ef0b9.jpg,3,36,65,2340,1727,613.0,0.39630401134490967,0.4283237159252167,0.367550790309906,0.014906304888427258,0.06077292561531067,0.41649502515792847,1,Moderate
pic-253-_jpg.rf.1ddbaa9733534658408a1a14372ef0b9.jpg,4,41,108,4428,3293,1135.0,0.2614162862300873,0.2991638481616974,0.23034046590328217,0.01804882474243641,0.06882338225841522,0.28658148646354675,1,Moderate
pic-253-_jpg.rf.1ddbaa9733534658408a1a14372ef0b9.jpg,5,59,53,3127,2077,1050.0,0.33502864837646484,0.3874589800834656,0.28811201453208923,0.02377280779182911,0.09934696555137634,0.3671031892299652,1,Moderate
pic-253-_jpg.rf.2d65914b2455aaeff16e8ef4321a9ae2.jpg,0,143,145,20735,13611,7124.0,0.3306797444820404,0.37921252846717834,0.28839901089668274,0.022572962567210197,0.0908135175704956,0.36204323172569275,1,Moderate
pic-253-_jpg.rf.2d65914b2455aaeff16e8ef4321a9ae2.jpg,1,107,179,19153,11808,7345.0,0.24937058985233307,0.285525381565094,0.2157510668039322,0.016274981200695038,0.0697743147611618,0.2717522978782654,1,Moderate
pic-253-_jpg.rf.2d65914b2455aaeff16e8ef4321a9ae2.jpg,2,106,84,8904,6758,2146.0,0.15339607000350952,0.18906787037849426,0.11672844737768173,0.018162529915571213,0.07233942300081253,0.17797847092151642,1,Moderate
pic-253-_jpg.rf.2d65914b2455aaeff16e8ef4321a9ae2.jpg,3,40,68,2720,2061,659.0,0.16397234797477722,0.1789577156305313,0.1503416746854782,0.007162450347095728,0.0286160409450531,0.17392587661743164,1,Moderate
pic-253-_jpg.rf.2d65914b2455aaeff16e8ef4321a9ae2.jpg,4,54,114,6156,3906,2250.0,0.10117354243993759,0.11662384867668152,0.08817365020513535,0.0073150028474628925,0.028450198471546173,0.11132077872753143,1,Moderate
pic-253-_jpg.rf.2d65914b2455aaeff16e8ef4321a9ae2.jpg,5,60,62,3720,2468,1252.0,0.13044284284114838,0.1533452868461609,0.11023097485303879,0.010316308587789536,0.0431143119931221,0.14432303607463837,1,Moderate
pic-253-_jpg.rf.fe9146427e9147a64aa2edd89579fa80.jpg,0,120,160,19200,13133,6067.0,0.6963314414024353,0.7981367111206055,0.6073529720306396,0.04673010855913162,0.19078373908996582,0.7609718441963196,0,Shallow
pic-253-_jpg.rf.fe9146427e9147a64aa2edd89579fa80.jpg,1,88,183,16104,11200,4904.0,0.5154401659965515,0.6765174269676208,0.4430907964706421,0.03682398796081543,0.23342663049697876,0.563218355178833,0,Shallow
pic-253-_jpg.rf.fe9146427e9147a64aa2edd89579fa80.jpg,2,98,94,9212,6506,2706.0,0.3229052722454071,0.39878949522972107,0.24206890165805817,0.03952452167868614,0.1567205935716629,0.3760890066623688,1,Moderate
pic-253-_jpg.rf.fe9146427e9147a64aa2edd89579fa80.jpg,3,38,72,2736,2042,694.0,0.3326285779476166,0.36437803506851196,0.30332544445991516,0.014781790785491467,0.0610525906085968,0.3528195023536682,1,Moderate
pic-253-_jpg.rf.fe9146427e9147a64aa2edd89579fa80.jpg,4,45,118,5310,3816,1494.0,0.20185817778110504,0.2361142486333847,0.17212407290935516,0.016674552112817764,0.06399017572402954,0.22486495971679688,1,Moderate
pic-253-_jpg.rf.fe9146427e9147a64aa2edd89579fa80.jpg,5,68,51,3468,2398,1070.0,0.27461591362953186,0.3281412720680237,0.2280702143907547,0.023874681442975998,0.10007105767726898,0.30682501196861267,1,Moderate
pic-255-_jpg.rf.58d537e75af0a9fe40651c5c9e5c6f10.jpg,0,315,537,169155,83687,85468.0,0.5374342203140259,0.8025655150413513,0.15230388939380646,0.14869101345539093,0.6502616256475449,0.7263833284378052,2,Deep
pic-255-_jpg.rf.5b8acd3a5f571d5d7e245e1f950b92cc.jpg,0,273,553,150969,75928,75041.0,0.5321300625801086,0.7890030145645142,0.1504233181476593,0.14851942658424377,0.6385796964168549,0.719614565372467,0,Shallow
pic-255-_jpg.rf.93cf2350f3e2eb8b0e28c90904582e06.jpg,0,265,540,143100,73489,69611.0,0.5044505000114441,0.7460289001464844,0.15050111711025238,0.13947787880897522,0.595527783036232,0.6799182295799255,0,Shallow
pic-256-_jpg.rf.7019bcfb7ed85d62a0068bb4d90894d6.jpg,0,308,323,99484,61710,37774.0,0.46844372153282166,0.7963834404945374,0.29722416400909424,0.08478342741727829,0.4991592764854431,0.5792849063873291,0,Shallow
pic-256-_jpg.rf.7019bcfb7ed85d62a0068bb4d90894d6.jpg,1,31,50,1550,1172,378.0,0.2486036866903305,0.26719510555267334,0.23312433063983917,0.008679389022290707,0.03407077491283417,0.26099303364753723,1,Moderate
pic-256-_jpg.rf.7019bcfb7ed85d62a0068bb4d90894d6.jpg,2,85,375,31875,14580,17295.0,0.17367805540561676,0.21368496119976044,0.14049102365970612,0.013692371547222137,0.07319393754005432,0.19125887751579285,1,Moderate
pic-256-_jpg.rf.7019bcfb7ed85d62a0068bb4d90894d6.jpg,3,29,145,4205,1952,2253.0,0.09625831991434097,0.10879204422235489,0.08538380265235901,0.005448878742754459,0.02340824156999588,0.10396391898393631,1,Moderate
pic-256-_jpg.rf.aa2fce633443ee1d8c81896a8ea32dae.jpg,0,299,293,87607,55389,32218.0,0.5321887731552124,0.700560986995697,0.35145673155784607,0.09115423262119293,0.34910425543785095,0.6596773862838745,0,Shallow
pic-256-_jpg.rf.aa2fce633443ee1d8c81896a8ea32dae.jpg,1,31,50,1550,1138,412.0,0.29177340865135193,0.312131404876709,0.2753024399280548,0.009221905842423439,0.036828964948654175,0.30502280592918396,1,Moderate
pic-256-_jpg.rf.aa2fce633443ee1d8c81896a8ea32dae.jpg,2,65,383,24895,14541,10354.0,0.2036294937133789,0.24694503843784332,0.16281740367412567,0.01696147210896015,0.08412763476371765,0.2255067080259323,1,Moderate
pic-256-_jpg.rf.aa2fce633443ee1d8c81896a8ea32dae.jpg,3,21,144,3024,1951,1073.0,0.11097705364227295,0.12472345679998398,0.09812495857477188,0.006329739931970835,0.026598498225212097,0.11972276866436005,1,Moderate
pic-256-_jpg.rf.e7df3aab64f144506e0d276e972a5f73.jpg,0,302,305,92110,55948,36162.0,0.7350866198539734,0.9714058041572571,0.47335702180862427,0.1319509893655777,0.4980487823486328,0.917149543762207,0,Shallow
pic-256-_jpg.rf.e7df3aab64f144506e0d276e972a5f73.jpg,1,29,46,1334,992,342.0,0.39754965901374817,0.42421913146972656,0.37508946657180786,0.012590451166033745,0.0491296648979187,0.4156949520111084,1,Moderate
pic-256-_jpg.rf.e7df3aab64f144506e0d276e972a5f73.jpg,2,61,360,21960,12801,9159.0,0.2857193648815155,0.3381986916065216,0.24124474823474884,0.018680838868021965,0.09695394337177277,0.31103694438934326,1,Moderate
pic-256-_jpg.rf.e7df3aab64f144506e0d276e972a5f73.jpg,3,20,135,2700,1727,973.0,0.1682995855808258,0.18506547808647156,0.15306349098682404,0.007276005111634731,0.03200198709964752,0.1783449500799179,1,Moderate
pic-258-_jpg.rf.5dc1fecc0c1bd209ca05c88618583504.jpg,0,192,495,95040,77038,18002.0,0.6471567153930664,0.8409831523895264,0.45265328884124756,0.09975931793451309,0.3883298635482788,0.7837870717048645,2,Deep
pic-258-_jpg.rf.5dc1fecc0c1bd209ca05c88618583504.jpg,1,48,99,4752,4016,736.0,0.34598082304000854,0.8771871328353882,0.2897895872592926,0.0795208215713501,0.5873975455760956,0.3691384792327881,0,Shallow
pic-258-_jpg.rf.5dc1fecc0c1bd209ca05c88618583504.jpg,2,43,106,4558,3489,1069.0,0.20426718890666962,0.2488722950220108,0.1658334732055664,0.020236022770404816,0.0830388218164444,0.23285895586013794,1,Moderate
pic-258-_jpg.rf.5dc1fecc0c1bd209ca05c88618583504.jpg,3,39,183,7137,4607,2530.0,0.16716058552265167,0.20017780363559723,0.13686299324035645,0.014417706988751888,0.06331481039524078,0.18730242550373077,1,Moderate
pic-258-_jpg.rf.821cd6dd9ff8fdcc6286183f5688755a.jpg,0,224,472,105728,81810,23918.0,0.7331570386886597,0.977647602558136,0.5163149237632751,0.1172734797000885,0.46133267879486084,0.8977691531181335,2,Deep
pic-258-_jpg.rf.821cd6dd9ff8fdcc6286183f5688755a.jpg,1,46,108,4968,4064,904.0,0.3942200541496277,0.44461268186569214,0.34854575991630554,0.024583470076322556,0.0960669219493866,0.4288710355758667,1,Moderate
pic-258-_jpg.rf.821cd6dd9ff8fdcc6286183f5688755a.jpg,2,46,102,4692,3303,1389.0,0.26270511746406555,0.3108523488044739,0.2197006344795227,0.022955432534217834,0.09115171432495117,0.2952592670917511,1,Moderate
pic-258-_jpg.rf.821cd6dd9ff8fdcc6286183f5688755a.jpg,3,29,178,5162,4375,787.0,0.22118976712226868,0.25448891520500183,0.18845593929290771,0.01663707196712494,0.06603297591209412,0.2444172501564026,1,Moderate
pic-258-_jpg.rf.fcdd3609bc1d58a34086a5a3e6ce2097.jpg,0,214,492,105288,78442,26846.0,0.6825886368751526,0.8910661339759827,0.4845282733440399,0.1030891165137291,0.40653786063194275,0.8232302665710449,2,Deep
pic-258-_jpg.rf.fcdd3609bc1d58a34086a5a3e6ce2097.jpg,1,54,106,5724,4123,1601.0,0.3903951346874237,0.6573427319526672,0.3391536474227905,0.032631829380989075,0.3181890845298767,0.4218377470970154,0,Shallow
pic-258-_jpg.rf.fcdd3609bc1d58a34086a5a3e6ce2097.jpg,2,40,106,4240,3334,906.0,0.2297588437795639,0.2761589586734772,0.18830333650112152,0.021726731210947037,0.08785562217235565,0.2600358724594116,1,Moderate
pic-258-_jpg.rf.fcdd3609bc1d58a34086a5a3e6ce2097.jpg,3,67,176,11792,4358,7434.0,0.21136562526226044,0.26767438650131226,0.164801687002182,0.020197829231619835,0.10287269949913025,0.23729735612869263,1,Moderate
pic-259-_jpg.rf.47ec4246b71311c95725c8e5c02049a3.jpg,0,220,249,54780,42080,12700.0,0.3817233443260193,0.5437033176422119,0.26566681265830994,0.07196968793869019,0.278036504983902,0.48482266068458557,0,Shallow
pic-259-_jpg.rf.47ec4246b71311c95725c8e5c02049a3.jpg,1,317,204,64668,28561,36107.0,0.7514077425003052,0.9544841051101685,0.45806416869163513,0.12102831155061722,0.4964199364185333,0.9080673456192017,0,Shallow
pic-259-_jpg.rf.4a53c38246579af08ffa2398e0d809aa.jpg,0,247,268,66196,50816,15380.0,0.372550904750824,0.5907390117645264,0.2366815060377121,0.08935952186584473,0.35405750572681427,0.49995341897010803,0,Shallow
pic-259-_jpg.rf.4a53c38246579af08ffa2398e0d809aa.jpg,1,196,165,32340,12124,20216.0,0.8194061517715454,0.9650766253471375,0.6218371987342834,0.07998306304216385,0.343239426612854,0.9201244711875916,0,Shallow
pic-259-_jpg.rf.d407eb770f6e539c7d1021089da068bc.jpg,0,227,257,58339,44853,13486.0,0.39385899901390076,0.5927736163139343,0.2636801600456238,0.08495845645666122,0.32909345626831055,0.514436662197113,0,Shallow
pic-259-_jpg.rf.d407eb770f6e539c7d1021089da068bc.jpg,1,306,210,64260,26693,37567.0,0.8074235320091248,0.9794333577156067,0.5412114858627319,0.10674218088388443,0.43822187185287476,0.9469000697135925,0,Shallow
pic-26-_jpg.rf.50fba6db0c31398bb0ad36b22f1cf88f.jpg,0,242,522,126324,95875,30449.0,0.17940250039100647,0.5388484597206116,0.0,0.13204683363437653,0.5388484597206116,0.3741067349910736,2,Deep
pic-26-_jpg.rf.9be8ea96b8bb643747babec0e006e3a8.jpg,0,240,483,115920,83955,31965.0,0.35606899857521057,0.5809253454208374,0.2292875498533249,0.08398689329624176,0.3516377955675125,0.4784170389175415,2,Deep
pic-26-_jpg.rf.cd93dd54b669257758fd0cdafe4f0032.jpg,0,224,476,106624,79965,26659.0,0.40644338726997375,0.5740362405776978,0.2795993685722351,0.0715680867433548,0.29443687200546265,0.5114164352416992,0,Shallow
pic-260-_jpg.rf.3af45c18af9183dbab32f9e489034912.jpg,0,224,251,56224,35063,21161.0,0.6721334457397461,0.9001854062080383,0.5209227204322815,0.08732891827821732,0.37926268577575684,0.7989256381988525,0,Shallow
pic-260-_jpg.rf.3af45c18af9183dbab32f9e489034912.jpg,1,94,183,17202,8714,8488.0,0.28965431451797485,0.37632787227630615,0.21530897915363312,0.043085698038339615,0.16101889312267303,0.35363104939460754,1,Moderate
pic-260-_jpg.rf.76bee172574bbacef55e6935f031bf20.jpg,0,240,280,67200,43843,23357.0,0.7078404426574707,0.938962996006012,0.5425652861595154,0.09367036074399948,0.3963977098464966,0.8447056412696838,0,Shallow
pic-260-_jpg.rf.76bee172574bbacef55e6935f031bf20.jpg,1,91,215,19565,10792,8773.0,0.29023459553718567,0.38425061106681824,0.21163757145404816,0.04584658518433571,0.17261303961277008,0.3582255244255066,1,Moderate
pic-260-_jpg.rf.b88fd61a801b35b27593f7fcbfed4f1b.jpg,0,237,255,60435,36994,23441.0,0.684319794178009,0.9279757738113403,0.5185531377792358,0.09532243758440018,0.4094226360321045,0.8251416087150574,0,Shallow
pic-260-_jpg.rf.b88fd61a801b35b27593f7fcbfed4f1b.jpg,1,110,181,19910,9221,10689.0,0.27690279483795166,0.36798596382141113,0.19904468953609467,0.044960733503103256,0.16894127428531647,0.3430335819721222,1,Moderate
pic-261-_jpg.rf.2b6a7b01bb03728cc1c166db16e462e5.jpg,0,281,628,176468,143339,33129.0,0.49078091979026794,0.842621386051178,0.3427770733833313,0.08478713035583496,0.4998443126678467,0.5975284576416016,2,Deep
pic-261-_jpg.rf.998892ecacb90555cc17a10e7717e639.jpg,0,325,601,195325,136077,59248.0,0.632310688495636,0.86525958776474,0.4280254542827606,0.1013106182217598,0.43723413348197937,0.7748017311096191,2,Deep
pic-261-_jpg.rf.a966d2dffd8b171b302656a73d5b9d35.jpg,0,248,606,150288,119183,31105.0,0.42806291580200195,0.7805009484291077,0.2978271543979645,0.08021800965070724,0.4826737940311432,0.5300223231315613,2,Deep
pic-264-_jpg.rf.1d9a2cc87b0162c31ffde047cca87a81.jpg,0,304,344,104576,77504,27072.0,0.3743203580379486,0.6076029539108276,0.1614035665988922,0.11461711674928665,0.4461993873119354,0.5340050458908081,0,Shallow
pic-264-_jpg.rf.6219b6cecf8a84cc4bd3139144ade94f.jpg,0,255,321,81855,64769,17086.0,0.39646241068840027,0.5953132510185242,0.20620860159397125,0.10085180401802063,0.3891046494245529,0.5354766845703125,0,Shallow
pic-264-_jpg.rf.b1224cd0b28b41a38580f8f73315e5be.jpg,0,298,332,98936,72189,26747.0,0.3822545111179352,0.6106618642807007,0.16567860543727875,0.11441342532634735,0.44498325884342194,0.5392457842826843,0,Shallow
pic-265-_jpg.rf.4c610d0dfdc177368e2334a82ff5513a.jpg,0,158,153,24174,17713,6461.0,0.7769076228141785,0.9133322238922119,0.6487298607826233,0.06426765024662018,0.2646023631095886,0.864607036113739,0,Shallow
pic-265-_jpg.rf.4c610d0dfdc177368e2334a82ff5513a.jpg,1,70,84,5880,4611,1269.0,0.5368213653564453,0.5957229733467102,0.47684720158576965,0.030323471873998642,0.11887577176094055,0.5778898596763611,0,Shallow
pic-265-_jpg.rf.4c610d0dfdc177368e2334a82ff5513a.jpg,2,37,59,2183,1546,637.0,0.4587585926055908,0.4934961199760437,0.4309149980545044,0.015869855880737305,0.0625811219215393,0.48121652007102966,1,Moderate
pic-265-_jpg.rf.4c610d0dfdc177368e2334a82ff5513a.jpg,3,47,82,3854,2544,1310.0,0.5116839408874512,0.5527198314666748,0.4747623801231384,0.019833657890558243,0.07795745134353638,0.5394120216369629,1,Moderate
pic-265-_jpg.rf.4c610d0dfdc177368e2334a82ff5513a.jpg,4,31,80,2480,2008,472.0,0.3761211037635803,0.403799831867218,0.3478800654411316,0.01376747153699398,0.055919766426086426,0.3944980204105377,1,Moderate
pic-265-_jpg.rf.4c610d0dfdc177368e2334a82ff5513a.jpg,5,27,70,1890,1432,458.0,0.26462259888648987,0.28972604870796204,0.24114996194839478,0.012189404107630253,0.04857608675956726,0.28111210465431213,1,Moderate
pic-265-_jpg.rf.4c610d0dfdc177368e2334a82ff5513a.jpg,6,25,57,1425,1067,358.0,0.28423598408699036,0.3060181140899658,0.2629922330379486,0.011413438245654106,0.04302588105201721,0.2999074161052704,1,Moderate
pic-265-_jpg.rf.4c610d0dfdc177368e2334a82ff5513a.jpg,7,22,84,1848,1543,305.0,0.2086850106716156,0.2300397902727127,0.1893986165523529,0.010432141833007336,0.0406411737203598,0.22324740886688232,1,Moderate
pic-265-_jpg.rf.4c610d0dfdc177368e2334a82ff5513a.jpg,8,38,76,2888,1416,1472.0,0.2573142945766449,0.2902913987636566,0.2265177220106125,0.016966307535767555,0.06377367675304413,0.2810016870498657,1,Moderate
pic-265-_jpg.rf.4c610d0dfdc177368e2334a82ff5513a.jpg,9,18,60,1080,772,308.0,0.17856059968471527,0.19669178128242493,0.16349512338638306,0.008249971084296703,0.03319665789604187,0.19000893831253052,1,Moderate
pic-265-_jpg.rf.55be0618279efba17a40682b25ec9fab.jpg,0,154,159,24486,18981,5505.0,0.7729893326759338,0.8882637023925781,0.6561124920845032,0.05541636422276497,0.23215121030807495,0.8474669456481934,0,Shallow
pic-265-_jpg.rf.55be0618279efba17a40682b25ec9fab.jpg,1,77,84,6468,5241,1227.0,0.546306848526001,0.6072297692298889,0.48715072870254517,0.03034547157585621,0.12007904052734375,0.5880143046379089,0,Shallow
pic-265-_jpg.rf.55be0618279efba17a40682b25ec9fab.jpg,2,50,59,2950,1793,1157.0,0.4787634313106537,0.5156995058059692,0.4495205283164978,0.01637781783938408,0.06617897748947144,0.5017421841621399,1,Moderate
pic-265-_jpg.rf.55be0618279efba17a40682b25ec9fab.jpg,3,65,82,5330,2903,2427.0,0.5423126816749573,0.5860563516616821,0.5047526955604553,0.020303020253777504,0.0813036561012268,0.5705193877220154,0,Shallow
pic-265-_jpg.rf.55be0618279efba17a40682b25ec9fab.jpg,4,38,86,3268,2291,977.0,0.39058738946914673,0.41748690605163574,0.36354851722717285,0.013307629153132439,0.05393838882446289,0.40847358107566833,1,Moderate
pic-265-_jpg.rf.55be0618279efba17a40682b25ec9fab.jpg,5,36,73,2628,1615,1013.0,0.28166964650154114,0.3067833483219147,0.25840863585472107,0.01189559604972601,0.048374712467193604,0.2978791296482086,1,Moderate
pic-265-_jpg.rf.55be0618279efba17a40682b25ec9fab.jpg,6,38,57,2166,1227,939.0,0.3060259521007538,0.32904016971588135,0.2840479016304016,0.01175275631248951,0.044992268085479736,0.32224908471107483,1,Moderate
pic-265-_jpg.rf.55be0618279efba17a40682b25ec9fab.jpg,7,34,89,3026,1748,1278.0,0.22900712490081787,0.25023597478866577,0.20910802483558655,0.010225343517959118,0.041127949953079224,0.24304157495498657,1,Moderate
pic-265-_jpg.rf.55be0618279efba17a40682b25ec9fab.jpg,8,55,73,4015,1621,2394.0,0.27990347146987915,0.31472811102867126,0.2473769187927246,0.017615294083952904,0.06735119223594666,0.3045039772987366,1,Moderate
pic-265-_jpg.rf.55be0618279efba17a40682b25ec9fab.jpg,9,19,64,1216,871,345.0,0.19763237237930298,0.2157449573278427,0.1827978640794754,0.007987131364643574,0.03294709324836731,0.20896026492118835,1,Moderate
pic-265-_jpg.rf.98e8661b5363f6c6bcf399738c291cf2.jpg,0,164,159,26076,19256,6820.0,0.7026963829994202,0.8374307155609131,0.5899250507354736,0.054748013615608215,0.24750566482543945,0.7758810520172119,0,Shallow
pic-265-_jpg.rf.98e8661b5363f6c6bcf399738c291cf2.jpg,1,74,85,6290,4989,1301.0,0.49213850498199463,0.54450923204422,0.4384884238243103,0.026848046109080315,0.10602080821990967,0.5285108685493469,1,Moderate
pic-265-_jpg.rf.98e8661b5363f6c6bcf399738c291cf2.jpg,2,43,61,2623,1696,927.0,0.4247010052204132,0.4561808109283447,0.39931225776672363,0.0141742629930377,0.056868553161621094,0.4447067975997925,1,Moderate
pic-265-_jpg.rf.98e8661b5363f6c6bcf399738c291cf2.jpg,3,56,84,4704,2817,1887.0,0.47730502486228943,0.5158641934394836,0.44271427392959595,0.018473107367753983,0.0731499195098877,0.5031630992889404,1,Moderate
pic-265-_jpg.rf.98e8661b5363f6c6bcf399738c291cf2.jpg,4,32,84,2688,2162,526.0,0.34947669506073,0.37403604388237,0.3238600194454193,0.012273785658180714,0.050176024436950684,0.36586499214172363,1,Moderate
pic-265-_jpg.rf.98e8661b5363f6c6bcf399738c291cf2.jpg,5,31,72,2232,1541,691.0,0.25062447786331177,0.2725023925304413,0.22923359274864197,0.010673833079636097,0.043268799781799316,0.26507237553596497,1,Moderate
pic-265-_jpg.rf.98e8661b5363f6c6bcf399738c291cf2.jpg,6,31,58,1798,1189,609.0,0.26967301964759827,0.2896590232849121,0.24908334016799927,0.010721133090555668,0.04057568311691284,0.28427448868751526,1,Moderate
pic-265-_jpg.rf.98e8661b5363f6c6bcf399738c291cf2.jpg,7,26,88,2288,1663,625.0,0.2012910097837448,0.21965841948986053,0.18454045057296753,0.008885880932211876,0.035117968916893005,0.21348774433135986,1,Moderate
pic-265-_jpg.rf.98e8661b5363f6c6bcf399738c291cf2.jpg,8,45,77,3465,1553,1912.0,0.2461795061826706,0.2756262719631195,0.21817651391029358,0.01530585065484047,0.05744975805282593,0.26751869916915894,1,Moderate
pic-265-_jpg.rf.98e8661b5363f6c6bcf399738c291cf2.jpg,9,18,63,1134,824,310.0,0.17493310570716858,0.19086307287216187,0.16152788698673248,0.007182823959738016,0.029335185885429382,0.18505369126796722,1,Moderate
pic-266-_jpg.rf.43407daa6e772a254285f6bf1098a9b2.jpg,0,291,326,94866,74113,20753.0,0.5905500054359436,0.8123964071273804,0.3820883631706238,0.10545046627521515,0.4303080439567566,0.7405534982681274,0,Shallow
pic-266-_jpg.rf.43407daa6e772a254285f6bf1098a9b2.jpg,1,99,84,8316,6970,1346.0,0.9157727360725403,0.9769461750984192,0.8444079756736755,0.03258170932531357,0.13253819942474365,0.958470344543457,0,Shallow
pic-266-_jpg.rf.43407daa6e772a254285f6bf1098a9b2.jpg,2,39,75,2925,2054,871.0,0.36222365498542786,0.39744243025779724,0.3198716342449188,0.01725401170551777,0.07757079601287842,0.38447755575180054,1,Moderate
pic-266-_jpg.rf.5924896fbc8c112511de0c67db59435b.jpg,0,274,293,80282,64838,15444.0,0.5508882403373718,0.7835578322410583,0.3602162003517151,0.10670521855354309,0.42334163188934326,0.7078058123588562,0,Shallow
pic-266-_jpg.rf.5924896fbc8c112511de0c67db59435b.jpg,1,49,88,4312,3469,843.0,0.8868223428726196,0.9270099401473999,0.8453211188316345,0.019361836835741997,0.08168882131576538,0.9113496541976929,0,Shallow
pic-266-_jpg.rf.5924896fbc8c112511de0c67db59435b.jpg,2,54,65,3510,1956,1554.0,0.37214305996894836,0.4104481339454651,0.3286418914794922,0.017931729555130005,0.0818062424659729,0.3954477906227112,1,Moderate
pic-266-_jpg.rf.97039c9e51a9baa0832be4ebd044110d.jpg,0,257,311,79927,63554,16373.0,0.5645694136619568,0.7815806269645691,0.3626861274242401,0.10321883112192154,0.418894499540329,0.7096307873725891,0,Shallow
pic-266-_jpg.rf.97039c9e51a9baa0832be4ebd044110d.jpg,1,86,78,6708,5661,1047.0,0.8832230567932129,0.9523695111274719,0.8086034655570984,0.036321792751550674,0.14376604557037354,0.9322400093078613,0,Shallow
pic-266-_jpg.rf.97039c9e51a9baa0832be4ebd044110d.jpg,2,40,66,2640,1650,990.0,0.3464871942996979,0.37856894731521606,0.3081429898738861,0.01619710400700569,0.07042595744132996,0.36776354908943176,1,Moderate
pic-267-_jpg.rf.4e80309c7e97b759c02f198b4f8258e0.jpg,0,218,170,37060,23383,13677.0,0.8387398719787598,0.9947097897529602,0.6692606210708618,0.08107990771532059,0.3254491686820984,0.9470866918563843,0,Shallow
pic-267-_jpg.rf.4e80309c7e97b759c02f198b4f8258e0.jpg,1,150,217,32550,18333,14217.0,0.5930885076522827,0.7349340915679932,0.4911131262779236,0.06168279051780701,0.24382096529006958,0.6864617466926575,0,Shallow
pic-267-_jpg.rf.4e80309c7e97b759c02f198b4f8258e0.jpg,2,89,177,15753,10139,5614.0,0.3757599890232086,0.43580514192581177,0.2941204905509949,0.034137602895498276,0.1416846513748169,0.4186921715736389,1,Moderate
pic-267-_jpg.rf.4e80309c7e97b759c02f198b4f8258e0.jpg,3,135,239,32265,24360,7905.0,0.38335999846458435,0.5056326389312744,0.26254257559776306,0.0560428686439991,0.24309006333351135,0.45825016498565674,1,Moderate
pic-267-_jpg.rf.4e80309c7e97b759c02f198b4f8258e0.jpg,4,35,91,3185,2618,567.0,0.2309127300977707,0.2598728537559509,0.20158836245536804,0.01524618174880743,0.058284491300582886,0.25209611654281616,1,Moderate
pic-267-_jpg.rf.9bb1142dec3532e4e8b716d3a438ac05.jpg,0,192,155,29760,18912,10848.0,0.5733025074005127,0.6738772392272949,0.4619317948818207,0.052189625799655914,0.21194544434547424,0.6426483988761902,0,Shallow
pic-267-_jpg.rf.9bb1142dec3532e4e8b716d3a438ac05.jpg,1,130,196,25480,14814,10666.0,0.4305582642555237,0.5184339284896851,0.36644691228866577,0.03813139721751213,0.1519870162010193,0.4880571961402893,1,Moderate
pic-267-_jpg.rf.9bb1142dec3532e4e8b716d3a438ac05.jpg,2,64,43,2752,1887,865.0,0.41722622513771057,0.45340824127197266,0.38224655389785767,0.01707295887172222,0.07116168737411499,0.4396968483924866,1,Moderate
pic-267-_jpg.rf.9bb1142dec3532e4e8b716d3a438ac05.jpg,3,78,160,12480,8214,4266.0,0.296933650970459,0.3351258635520935,0.24513189494609833,0.021729623898863792,0.08999396860599518,0.3237510025501251,1,Moderate
pic-267-_jpg.rf.9bb1142dec3532e4e8b716d3a438ac05.jpg,4,132,214,28248,19732,8516.0,0.284598171710968,0.35382556915283203,0.2155236005783081,0.033194493502378464,0.13830196857452393,0.32843488454818726,1,Moderate
pic-267-_jpg.rf.9bb1142dec3532e4e8b716d3a438ac05.jpg,5,34,82,2788,2184,604.0,0.20868873596191406,0.22747014462947845,0.19028471410274506,0.009613600559532642,0.0371854305267334,0.222146674990654,1,Moderate
pic-267-_jpg.rf.a52b175e07343220015b707b9886e0e1.jpg,0,178,175,31150,21028,10122.0,0.8705326318740845,0.99935382604599,0.7135091423988342,0.07373851537704468,0.28584468364715576,0.9671847224235535,0,Shallow
pic-267-_jpg.rf.a52b175e07343220015b707b9886e0e1.jpg,1,150,212,31800,17416,14384.0,0.5957838892936707,0.7361535429954529,0.49560490250587463,0.06151547655463219,0.24054864048957825,0.6887310743331909,0,Shallow
pic-267-_jpg.rf.a52b175e07343220015b707b9886e0e1.jpg,2,59,33,1947,1415,532.0,0.534025251865387,0.5786005258560181,0.48667800426483154,0.02543955296278,0.09192252159118652,0.5690580606460571,1,Moderate
pic-267-_jpg.rf.a52b175e07343220015b707b9886e0e1.jpg,3,81,178,14418,9621,4797.0,0.387329638004303,0.44758957624435425,0.31188154220581055,0.03179091215133667,0.1357080340385437,0.42948248982429504,1,Moderate
pic-267-_jpg.rf.a52b175e07343220015b707b9886e0e1.jpg,4,157,188,29516,19152,10364.0,0.4307019114494324,0.5803831815719604,0.3039606213569641,0.060471028089523315,0.27642256021499634,0.5118762254714966,0,Shallow
pic-267-_jpg.rf.a52b175e07343220015b707b9886e0e1.jpg,5,46,85,3910,2492,1418.0,0.2367040365934372,0.27038997411727905,0.2027622014284134,0.016775138676166534,0.06762777268886566,0.2598704397678375,1,Moderate
pic-268-_jpg.rf.323d61640ba6fcc13042b787260e36bb.jpg,0,311,640,199040,189730,9310.0,0.5796075463294983,1.0,0.19822007417678833,0.23631320893764496,0.8017799258232117,0.9160178899765015,2,Deep
pic-268-_jpg.rf.87ee237323b54bf65900f2fe8742e27b.jpg,0,305,635,193675,177839,15836.0,0.6192776560783386,0.9954091906547546,0.2632186710834503,0.2053554207086563,0.7321905195713043,0.9115623235702515,2,Deep
pic-268-_jpg.rf.c49fc76803dd19f43665c0ced1377750.jpg,0,317,629,199393,180922,18471.0,0.6145909428596497,1.0,0.23463980853557587,0.2154868245124817,0.7653601914644241,0.9180021286010742,2,Deep
pic-272-_jpg.rf.002253fdb0ed4584e018df6ffa261117.jpg,0,74,102,7548,4329,3219.0,0.5806918144226074,0.6626983880996704,0.5199545621871948,0.02996346727013588,0.14274382591247559,0.6209747791290283,0,Shallow
pic-272-_jpg.rf.002253fdb0ed4584e018df6ffa261117.jpg,1,44,52,2288,1866,422.0,0.5098768472671509,0.5540821552276611,0.4694384038448334,0.021785126999020576,0.08464375138282776,0.5400915145874023,1,Moderate
pic-272-_jpg.rf.002253fdb0ed4584e018df6ffa261117.jpg,2,69,107,7383,2966,4417.0,0.5027411580085754,0.5630982518196106,0.41767385601997375,0.033511172980070114,0.14542439579963684,0.5449091196060181,1,Moderate
pic-272-_jpg.rf.002253fdb0ed4584e018df6ffa261117.jpg,3,50,107,5350,4167,1183.0,0.6485322117805481,0.698959469795227,0.604918897151947,0.024294130504131317,0.09404057264328003,0.6829754114151001,0,Shallow
pic-272-_jpg.rf.0a7c7409d5dc54a17f739f3fcc1dfbfb.jpg,0,68,94,6392,3766,2626.0,0.5500500798225403,0.6253482699394226,0.4910215139389038,0.02862890437245369,0.1343267560005188,0.5885422229766846,0,Shallow
pic-272-_jpg.rf.0a7c7409d5dc54a17f739f3fcc1dfbfb.jpg,1,42,48,2016,1657,359.0,0.4815542697906494,0.5234791040420532,0.44200271368026733,0.020879775285720825,0.08147639036178589,0.510442852973938,1,Moderate
pic-272-_jpg.rf.0a7c7409d5dc54a17f739f3fcc1dfbfb.jpg,2,63,99,6237,2581,3656.0,0.47448980808258057,0.5313478112220764,0.3942425847053528,0.03204019367694855,0.13710522651672363,0.5146737694740295,1,Moderate
pic-272-_jpg.rf.0a7c7409d5dc54a17f739f3fcc1dfbfb.jpg,3,46,99,4554,3638,916.0,0.6152853965759277,0.6645873785018921,0.5723593831062317,0.023641392588615417,0.0922279953956604,0.6486887335777283,0,Shallow
pic-272-_jpg.rf.9c136160d287bbdaaaa5e6027f75ba97.jpg,0,68,94,6392,3687,2705.0,0.5238862633705139,0.5989459753036499,0.4716557264328003,0.02715405635535717,0.1272902488708496,0.5597772598266602,0,Shallow
pic-272-_jpg.rf.9c136160d287bbdaaaa5e6027f75ba97.jpg,1,42,47,1974,1610,364.0,0.46767979860305786,0.5062759518623352,0.42952796816825867,0.019366417080163956,0.07674798369407654,0.4945543706417084,1,Moderate
pic-272-_jpg.rf.9c136160d287bbdaaaa5e6027f75ba97.jpg,2,72,90,6480,2525,3955.0,0.46697038412094116,0.5201776623725891,0.39071905612945557,0.030404550954699516,0.12945860624313354,0.5057713389396667,1,Moderate
pic-272-_jpg.rf.9c136160d287bbdaaaa5e6027f75ba97.jpg,3,49,98,4802,3555,1247.0,0.6013532876968384,0.6501174569129944,0.5595734715461731,0.022866496816277504,0.09054398536682129,0.6335317492485046,0,Shallow
pic-274-_jpg.rf.46a9e2047dced3e94c4fa2aab121859b.jpg,0,105,113,11865,9214,2651.0,0.7931318879127502,0.8829121589660645,0.7037399411201477,0.04461294412612915,0.17917221784591675,0.855331540107727,0,Shallow
pic-274-_jpg.rf.46a9e2047dced3e94c4fa2aab121859b.jpg,1,61,105,6405,4953,1452.0,0.44705110788345337,0.4965686500072479,0.3915903568267822,0.026261189952492714,0.1049782931804657,0.4824030101299286,1,Moderate
pic-274-_jpg.rf.46a9e2047dced3e94c4fa2aab121859b.jpg,2,50,49,2450,1586,864.0,0.6935985684394836,0.7319876551628113,0.6509401202201843,0.019786572083830833,0.08104753494262695,0.7208028435707092,0,Shallow
pic-274-_jpg.rf.46a9e2047dced3e94c4fa2aab121859b.jpg,3,27,55,1485,1169,316.0,0.3509478271007538,0.3760768175125122,0.3287106156349182,0.012013937346637249,0.047366201877593994,0.36773958802223206,1,Moderate
pic-274-_jpg.rf.46a9e2047dced3e94c4fa2aab121859b.jpg,4,31,82,2542,2079,463.0,0.34303247928619385,0.37274447083473206,0.3138596713542938,0.014531104825437069,0.05888479948043823,0.3634614050388336,1,Moderate
pic-274-_jpg.rf.46a9e2047dced3e94c4fa2aab121859b.jpg,5,30,83,2490,1713,777.0,0.2958604693412781,0.3224794268608093,0.2708163857460022,0.012414432130753994,0.05166304111480713,0.3133627474308014,1,Moderate
pic-274-_jpg.rf.46a9e2047dced3e94c4fa2aab121859b.jpg,6,19,60,1140,924,216.0,0.26291191577911377,0.28140944242477417,0.2446485161781311,0.009043478406965733,0.036760926246643066,0.2750388979911804,1,Moderate
pic-274-_jpg.rf.46a9e2047dced3e94c4fa2aab121859b.jpg,7,18,45,810,656,154.0,0.22606803476810455,0.2422664910554886,0.20946204662322998,0.008180866949260235,0.032804444432258606,0.23737676441669464,1,Moderate
pic-274-_jpg.rf.46a9e2047dced3e94c4fa2aab121859b.jpg,8,18,35,630,507,123.0,0.25397613644599915,0.2697469890117645,0.23750099539756775,0.00805811956524849,0.03224599361419678,0.2647167444229126,1,Moderate
pic-274-_jpg.rf.46a9e2047dced3e94c4fa2aab121859b.jpg,9,20,43,860,694,166.0,0.30069488286972046,0.3170091211795807,0.2818021774291992,0.009245115332305431,0.03520694375038147,0.31334447860717773,1,Moderate
pic-274-_jpg.rf.46a9e2047dced3e94c4fa2aab121859b.jpg,10,21,38,798,568,230.0,0.26347866654396057,0.28198057413101196,0.2453993856906891,0.00909145176410675,0.036581188440322876,0.2759943902492523,1,Moderate
pic-274-_jpg.rf.5205af7f7d0021ecd8ac84b895d7be99.jpg,0,115,125,14375,11129,3246.0,0.7805092930793762,0.8767243027687073,0.6862448453903198,0.04739535227417946,0.19047945737838745,0.8465960025787354,0,Shallow
pic-274-_jpg.rf.5205af7f7d0021ecd8ac84b895d7be99.jpg,1,66,115,7590,5871,1719.0,0.4287594258785248,0.4783441126346588,0.3738290071487427,0.026263592764735222,0.10451510548591614,0.4642159044742584,1,Moderate
pic-274-_jpg.rf.5205af7f7d0021ecd8ac84b895d7be99.jpg,2,56,52,2912,1919,993.0,0.6745465993881226,0.7157980799674988,0.6295792460441589,0.02110588364303112,0.08621883392333984,0.7035166621208191,0,Shallow
pic-274-_jpg.rf.5205af7f7d0021ecd8ac84b895d7be99.jpg,3,31,61,1891,1410,481.0,0.3350185453891754,0.3609207272529602,0.3109695613384247,0.01226402074098587,0.04995116591453552,0.3519153594970703,1,Moderate
pic-274-_jpg.rf.5205af7f7d0021ecd8ac84b895d7be99.jpg,4,35,90,3150,2519,631.0,0.3256293833255768,0.354904443025589,0.29725322127342224,0.014152244664728642,0.05765122175216675,0.34563660621643066,1,Moderate
pic-274-_jpg.rf.5205af7f7d0021ecd8ac84b895d7be99.jpg,5,34,91,3094,2075,1019.0,0.2807557284832001,0.3078075051307678,0.25488197803497314,0.012604204006493092,0.05292552709579468,0.29854777455329895,1,Moderate
pic-274-_jpg.rf.5205af7f7d0021ecd8ac84b895d7be99.jpg,6,20,65,1300,1089,211.0,0.24550054967403412,0.26361364126205444,0.22708770632743835,0.00892113707959652,0.03652593493461609,0.25748470425605774,1,Moderate
pic-274-_jpg.rf.5205af7f7d0021ecd8ac84b895d7be99.jpg,7,21,50,1050,812,238.0,0.20964692533016205,0.22606022655963898,0.1918533742427826,0.008481701835989952,0.034206852316856384,0.22125135362148285,1,Moderate
pic-274-_jpg.rf.5205af7f7d0021ecd8ac84b895d7be99.jpg,8,19,39,741,593,148.0,0.23771727085113525,0.25307387113571167,0.22030088305473328,0.008054384961724281,0.032772988080978394,0.24833008646965027,1,Moderate
pic-274-_jpg.rf.5205af7f7d0021ecd8ac84b895d7be99.jpg,9,23,48,1104,860,244.0,0.28411927819252014,0.30148130655288696,0.2636764943599701,0.009669935330748558,0.03780481219291687,0.29738977551460266,1,Moderate
pic-274-_jpg.rf.5205af7f7d0021ecd8ac84b895d7be99.jpg,10,23,41,943,662,281.0,0.24482521414756775,0.2632753252983093,0.2277519404888153,0.00871539581567049,0.03552338480949402,0.25697752833366394,1,Moderate
pic-274-_jpg.rf.ce4479c25a7c7d6c8b8d001c488a4f6d.jpg,0,121,123,14883,11378,3505.0,0.8290768265724182,0.9218742847442627,0.7351402640342712,0.04643116518855095,0.18673402070999146,0.893012285232544,0,Shallow
pic-274-_jpg.rf.ce4479c25a7c7d6c8b8d001c488a4f6d.jpg,1,76,110,8360,6101,2259.0,0.4618202745914459,0.5156165957450867,0.39972826838493347,0.029072953388094902,0.1158883273601532,0.5008052587509155,1,Moderate
pic-274-_jpg.rf.ce4479c25a7c7d6c8b8d001c488a4f6d.jpg,2,48,59,2832,1952,880.0,0.7025195360183716,0.8289194107055664,0.6516103744506836,0.03002619743347168,0.1773090362548828,0.7327322959899902,0,Shallow
pic-274-_jpg.rf.ce4479c25a7c7d6c8b8d001c488a4f6d.jpg,3,31,59,1829,1464,365.0,0.35174688696861267,0.378225177526474,0.32723268866539,0.012790211476385593,0.050992488861083984,0.3695851266384125,1,Moderate
pic-274-_jpg.rf.ce4479c25a7c7d6c8b8d001c488a4f6d.jpg,4,47,87,4089,2556,1533.0,0.35481759905815125,0.3896142542362213,0.32221105694770813,0.015612457878887653,0.06740319728851318,0.37659865617752075,1,Moderate
pic-274-_jpg.rf.ce4479c25a7c7d6c8b8d001c488a4f6d.jpg,5,36,93,3348,2118,1230.0,0.3011125922203064,0.3279883563518524,0.27425602078437805,0.01326333824545145,0.053732335567474365,0.31987765431404114,1,Moderate
pic-274-_jpg.rf.ce4479c25a7c7d6c8b8d001c488a4f6d.jpg,6,32,64,2048,1101,947.0,0.27173900604248047,0.2925529479980469,0.25308549404144287,0.009563186205923557,0.039467453956604004,0.2845189869403839,1,Moderate
pic-274-_jpg.rf.ce4479c25a7c7d6c8b8d001c488a4f6d.jpg,7,24,49,1176,816,360.0,0.22911454737186432,0.2474653422832489,0.2102171927690506,0.00896232295781374,0.0372481495141983,0.2412058413028717,1,Moderate
pic-274-_jpg.rf.ce4479c25a7c7d6c8b8d001c488a4f6d.jpg,8,22,36,792,598,194.0,0.2518746256828308,0.26771730184555054,0.23393236100673676,0.008325131610035896,0.03378494083881378,0.26292291283607483,1,Moderate
pic-274-_jpg.rf.ce4479c25a7c7d6c8b8d001c488a4f6d.jpg,9,27,47,1269,858,411.0,0.2985783517360687,0.31680360436439514,0.27805033326148987,0.00981769897043705,0.03875327110290527,0.31204068660736084,1,Moderate
pic-274-_jpg.rf.ce4479c25a7c7d6c8b8d001c488a4f6d.jpg,10,19,42,798,678,120.0,0.25691914558410645,0.27587080001831055,0.23992279171943665,0.00891560222953558,0.0359480082988739,0.2695467472076416,1,Moderate
pic-275-_jpg.rf.98225472f61e9de4245a1da0fc036230.jpg,0,433,370,160210,103247,56963.0,0.4865957200527191,0.8097426891326904,0.23129893839359283,0.14025545120239258,0.5784437507390976,0.6839112043380737,2,Deep
pic-275-_jpg.rf.cd2ef0884568491ec2ce61a16f085324.jpg,0,457,388,177316,115269,62047.0,0.4305635690689087,0.8127133846282959,0.15378300845623016,0.1559068262577057,0.6589303761720657,0.6497339010238647,2,Deep
pic-275-_jpg.rf.d21f3ba7cea2b4ce92516d08a7ea0c6d.jpg,0,488,379,184952,124807,60145.0,0.44388559460639954,0.8232184648513794,0.12740616500377655,0.17275215685367584,0.6958122998476028,0.6880372762680054,2,Deep
pic-276-_jpg.rf.792c2b69462ae79fca0cca74330fe0e7.jpg,0,89,578,51442,29118,22324.0,0.8864002823829651,0.9710509777069092,0.7756618857383728,0.04278191551566124,0.19538909196853638,0.9442266225814819,0,Shallow
pic-276-_jpg.rf.792c2b69462ae79fca0cca74330fe0e7.jpg,1,48,493,23664,12096,11568.0,0.5020384788513184,0.5372443199157715,0.45150521397590637,0.017582030966877937,0.08573910593986511,0.5252130627632141,1,Moderate
pic-276-_jpg.rf.792c2b69462ae79fca0cca74330fe0e7.jpg,2,37,286,10582,5615,4967.0,0.3700616955757141,0.395557165145874,0.3387669622898102,0.014911170117557049,0.05679020285606384,0.38921305537223816,1,Moderate
pic-276-_jpg.rf.85ffbef727ecf81dbdc795cf0071fde4.jpg,0,198,476,94248,23943,70305.0,0.8644382357597351,0.9563187956809998,0.7492063641548157,0.04416363686323166,0.20711243152618408,0.9241850972175598,0,Shallow
pic-276-_jpg.rf.85ffbef727ecf81dbdc795cf0071fde4.jpg,1,142,476,67592,10852,56740.0,0.4871274530887604,0.5284834504127502,0.4333723783493042,0.019898997619748116,0.09511107206344604,0.5143879055976868,1,Moderate
pic-276-_jpg.rf.85ffbef727ecf81dbdc795cf0071fde4.jpg,2,88,253,22264,4973,17291.0,0.3513096272945404,0.3778854012489319,0.3199925720691681,0.01520778238773346,0.057892829179763794,0.371110200881958,1,Moderate
pic-276-_jpg.rf.8d4273fdb3b241213a5685129666cde6.jpg,0,101,541,54641,24060,30581.0,0.8485872149467468,0.9475414752960205,0.747157633304596,0.04397571459412575,0.20038384199142456,0.9089300036430359,0,Shallow
pic-276-_jpg.rf.8d4273fdb3b241213a5685129666cde6.jpg,1,43,477,20511,10028,10483.0,0.49921831488609314,0.5354629755020142,0.4484007656574249,0.018763961270451546,0.08706220984458923,0.5244253277778625,1,Moderate
pic-276-_jpg.rf.8d4273fdb3b241213a5685129666cde6.jpg,2,30,256,7680,4669,3011.0,0.37491676211357117,0.4030452370643616,0.3444990813732147,0.015477888286113739,0.05854615569114685,0.39492514729499817,1,Moderate
pic-277-_jpg.rf.d1a4a881471530c27e8e6acefaae408d.jpg,0,156,210,32760,20195,12565.0,0.691672146320343,0.8677922487258911,0.5477471351623535,0.07056865096092224,0.3200451135635376,0.7909701466560364,0,Shallow
pic-277-_jpg.rf.e2e29a600dcb8450df911104cf88b38d.jpg,0,138,190,26220,16415,9805.0,0.7616845369338989,0.9524121880531311,0.611451268196106,0.07495289295911789,0.34096091985702515,0.8687622547149658,0,Shallow
pic-277-_jpg.rf.ec1e5c4b6a23a9196e33d1937e2fddcf.jpg,0,124,205,25420,17583,7837.0,0.7819044589996338,0.9188307523727417,0.6394451856613159,0.0670580118894577,0.2793855667114258,0.874036967754364,0,Shallow
pic-278-_jpg.rf.102a71b41c699ef91c98ee9acb233241.jpg,0,108,107,11556,8598,2958.0,0.8174306154251099,0.8940935730934143,0.7366357445716858,0.03907109051942825,0.15745782852172852,0.8716589212417603,0,Shallow
pic-278-_jpg.rf.102a71b41c699ef91c98ee9acb233241.jpg,1,72,86,6192,4313,1879.0,0.6516209244728088,0.7120011448860168,0.5963292121887207,0.028773939236998558,0.11567193269729614,0.6924453973770142,0,Shallow
pic-278-_jpg.rf.102a71b41c699ef91c98ee9acb233241.jpg,2,44,123,5412,3928,1484.0,0.4429934620857239,0.47630780935287476,0.4096698760986328,0.017343956977128983,0.06663793325424194,0.46664541959762573,1,Moderate
pic-278-_jpg.rf.102a71b41c699ef91c98ee9acb233241.jpg,3,39,76,2964,2027,937.0,0.4177219569683075,0.4482932984828949,0.38725966215133667,0.01448691077530384,0.06103363633155823,0.43707969784736633,1,Moderate
pic-278-_jpg.rf.102a71b41c699ef91c98ee9acb233241.jpg,4,43,53,2279,1820,459.0,0.48613429069519043,0.5208865404129028,0.4523904621601105,0.017371807247400284,0.06849607825279236,0.5105324387550354,1,Moderate
pic-278-_jpg.rf.102a71b41c699ef91c98ee9acb233241.jpg,5,20,57,1140,843,297.0,0.3321683704853058,0.3480896055698395,0.31728479266166687,0.007821304723620415,0.030804812908172607,0.34310615062713623,1,Moderate
pic-278-_jpg.rf.102a71b41c699ef91c98ee9acb233241.jpg,6,20,36,720,548,172.0,0.32174691557884216,0.3358857333660126,0.30653539299964905,0.007691483478993177,0.029350340366363525,0.33199432492256165,1,Moderate
pic-278-_jpg.rf.102a71b41c699ef91c98ee9acb233241.jpg,7,26,81,2106,1511,595.0,0.23749946057796478,0.26404762268066406,0.21067653596401215,0.013248703442513943,0.053371086716651917,0.2556086480617523,1,Moderate
pic-278-_jpg.rf.102a71b41c699ef91c98ee9acb233241.jpg,8,18,54,972,606,366.0,0.24283267557621002,0.2537471055984497,0.23118023574352264,0.005826666951179504,0.022566869854927063,0.2507132291793823,1,Moderate
pic-278-_jpg.rf.102a71b41c699ef91c98ee9acb233241.jpg,9,37,139,5143,2139,3004.0,0.1270209103822708,0.1496972292661667,0.11081945151090622,0.008779281750321388,0.03887777775526047,0.1398480087518692,1,Moderate
pic-278-_jpg.rf.102a71b41c699ef91c98ee9acb233241.jpg,10,19,43,817,444,373.0,0.1837662011384964,0.19575555622577667,0.17058555781841278,0.005828503984957933,0.02516999840736389,0.19149337708950043,1,Moderate
pic-278-_jpg.rf.161161ebb6d47b347f2c6012b1c88898.jpg,0,105,110,11550,8668,2882.0,0.8536446690559387,0.9282159805297852,0.7730411887168884,0.038673583418130875,0.15517479181289673,0.907329797744751,0,Shallow
pic-278-_jpg.rf.161161ebb6d47b347f2c6012b1c88898.jpg,1,79,76,6004,4315,1689.0,0.7169850468635559,0.7781416773796082,0.6581642627716064,0.030369194224476814,0.11997741460800171,0.7590445876121521,0,Shallow
pic-278-_jpg.rf.161161ebb6d47b347f2c6012b1c88898.jpg,2,64,114,7296,3969,3327.0,0.5055884122848511,0.5468740463256836,0.46820560097694397,0.01952899619936943,0.07866844534873962,0.5324825644493103,1,Moderate
pic-278-_jpg.rf.161161ebb6d47b347f2c6012b1c88898.jpg,3,45,69,3105,2019,1086.0,0.43975117802619934,0.469837486743927,0.4077030122280121,0.015782149508595467,0.06213447451591492,0.4611497223377228,1,Moderate
pic-278-_jpg.rf.161161ebb6d47b347f2c6012b1c88898.jpg,4,47,53,2491,1836,655.0,0.4901004731655121,0.5267171859741211,0.4543849229812622,0.018011154606938362,0.07233226299285889,0.5156432390213013,1,Moderate
pic-278-_jpg.rf.161161ebb6d47b347f2c6012b1c88898.jpg,5,27,53,1431,878,553.0,0.3881528079509735,0.40766867995262146,0.36905142664909363,0.00933422427624464,0.03861725330352783,0.40076377987861633,1,Moderate
pic-278-_jpg.rf.161161ebb6d47b347f2c6012b1c88898.jpg,6,23,33,759,558,201.0,0.3337472975254059,0.34869641065597534,0.3186292052268982,0.008103298023343086,0.03006720542907715,0.34487903118133545,1,Moderate
pic-278-_jpg.rf.161161ebb6d47b347f2c6012b1c88898.jpg,7,53,66,3498,1477,2021.0,0.27004119753837585,0.3040349781513214,0.23830920457839966,0.015816571190953255,0.06572577357292175,0.29127225279808044,1,Moderate
pic-278-_jpg.rf.161161ebb6d47b347f2c6012b1c88898.jpg,8,21,55,1155,627,528.0,0.24864476919174194,0.2602289319038391,0.23715616762638092,0.005876533687114716,0.02307276427745819,0.2566753029823303,1,Moderate
pic-278-_jpg.rf.161161ebb6d47b347f2c6012b1c88898.jpg,9,49,135,6615,2174,4441.0,0.12833844125270844,0.14718812704086304,0.11348526924848557,0.007825706154108047,0.03370285779237747,0.13960443437099457,1,Moderate
pic-278-_jpg.rf.161161ebb6d47b347f2c6012b1c88898.jpg,10,15,44,660,449,211.0,0.1775391697883606,0.189266636967659,0.16620638966560364,0.005443303845822811,0.02306024730205536,0.1850244104862213,1,Moderate
pic-278-_jpg.rf.81490c823fe0f5ba5fc351b36c4fab79.jpg,0,103,105,10815,8405,2410.0,0.8635512590408325,0.9393413066864014,0.7820142507553101,0.03935322165489197,0.1573270559310913,0.9183833003044128,0,Shallow
pic-278-_jpg.rf.81490c823fe0f5ba5fc351b36c4fab79.jpg,1,72,82,5904,4224,1680.0,0.7238796353340149,0.7807895541191101,0.6703105568885803,0.027885932475328445,0.11047899723052979,0.7629364132881165,0,Shallow
pic-278-_jpg.rf.81490c823fe0f5ba5fc351b36c4fab79.jpg,2,44,119,5236,3857,1379.0,0.5235704779624939,0.559905469417572,0.4895434081554413,0.017992179840803146,0.07036206126213074,0.5479016304016113,1,Moderate
pic-278-_jpg.rf.81490c823fe0f5ba5fc351b36c4fab79.jpg,3,39,72,2808,1965,843.0,0.46894586086273193,0.49866726994514465,0.4387950003147125,0.015243877656757832,0.05987226963043213,0.4899543225765228,1,Moderate
pic-278-_jpg.rf.81490c823fe0f5ba5fc351b36c4fab79.jpg,4,45,52,2340,1781,559.0,0.517892599105835,0.5536566376686096,0.48305562138557434,0.017244603484869003,0.07060101628303528,0.5418248772621155,1,Moderate
pic-278-_jpg.rf.81490c823fe0f5ba5fc351b36c4fab79.jpg,5,20,55,1100,825,275.0,0.41338497400283813,0.42928236722946167,0.397087961435318,0.008053799159824848,0.03219440579414368,0.4240114092826843,1,Moderate
pic-278-_jpg.rf.81490c823fe0f5ba5fc351b36c4fab79.jpg,6,18,33,594,551,43.0,0.36656466126441956,0.3805937170982361,0.3522319197654724,0.00795851368457079,0.028361797332763672,0.3773016929626465,1,Moderate
pic-278-_jpg.rf.81490c823fe0f5ba5fc351b36c4fab79.jpg,7,39,74,2886,1460,1426.0,0.3077750504016876,0.3380848169326782,0.27881771326065063,0.014417528174817562,0.05926710367202759,0.3270500600337982,1,Moderate
pic-278-_jpg.rf.81490c823fe0f5ba5fc351b36c4fab79.jpg,8,13,56,728,620,108.0,0.2868887186050415,0.29728034138679504,0.27678388357162476,0.0056265052407979965,0.020496457815170288,0.2941995859146118,1,Moderate
pic-278-_jpg.rf.81490c823fe0f5ba5fc351b36c4fab79.jpg,9,24,137,3288,2118,1170.0,0.16802465915679932,0.1867465078830719,0.15226276218891144,0.008203716017305851,0.03448374569416046,0.179684579372406,1,Moderate
pic-278-_jpg.rf.81490c823fe0f5ba5fc351b36c4fab79.jpg,10,13,44,572,426,146.0,0.21318024396896362,0.22385674715042114,0.20372912287712097,0.004980941768735647,0.02012762427330017,0.22044087946414948,1,Moderate
pic-279-_jpg.rf.387d558e33ac4c0afd2b684708d66271.jpg,0,106,289,30634,21959,8675.0,0.6694663166999817,0.8214197158813477,0.5334911346435547,0.06926671415567398,0.28792858123779297,0.7659753561019897,0,Shallow
pic-279-_jpg.rf.aeb00c47b3179ead074b8f7b52971655.jpg,0,123,308,37884,24624,13260.0,0.8287364840507507,0.967221736907959,0.6776248216629028,0.07325857132673264,0.28959691524505615,0.928780734539032,0,Shallow
pic-279-_jpg.rf.eb289e54650f25791d195ce8f1936cf8.jpg,0,115,308,35420,24876,10544.0,0.7421375513076782,0.9036945104598999,0.6095115542411804,0.07250987738370895,0.2941829562187195,0.8455977439880371,0,Shallow
pic-280-_jpg.rf.1cfd00374439fd72effee65dee2cfbf3.jpg,0,103,209,21527,13171,8356.0,0.6674721240997314,0.746770977973938,0.5885695219039917,0.0397433377802372,0.1582014560699463,0.7226620316505432,0,Shallow
pic-280-_jpg.rf.44efc10266e3c4cb78efde437755b21f.jpg,0,84,211,17724,11930,5794.0,0.5975930690765381,0.6679446697235107,0.5252339243888855,0.03312741592526436,0.14271074533462524,0.6438472867012024,0,Shallow
pic-280-_jpg.rf.a7c2022cd08be88cf40fb7473457b1bd.jpg,0,85,198,16830,11153,5677.0,0.6195820569992065,0.6855012774467468,0.5573359131813049,0.032382335513830185,0.1281653642654419,0.6653357744216919,0,Shallow
pic-281-_jpg.rf.20f2248677b69cd0b78705416c578c8f.jpg,0,83,170,14110,8873,5237.0,0.7730278372764587,0.8515585660934448,0.6847079992294312,0.040518488734960556,0.16685056686401367,0.8277941346168518,0,Shallow
pic-281-_jpg.rf.20f2248677b69cd0b78705416c578c8f.jpg,1,64,59,3776,2722,1054.0,0.9058324098587036,0.9508471488952637,0.8647602200508118,0.02302359603345394,0.0860869288444519,0.9372372031211853,0,Shallow
pic-281-_jpg.rf.20f2248677b69cd0b78705416c578c8f.jpg,2,31,67,2077,1166,911.0,0.6752455830574036,0.6936185956001282,0.6568860411643982,0.009374037384986877,0.03673255443572998,0.6880344152450562,0,Shallow
pic-281-_jpg.rf.20f2248677b69cd0b78705416c578c8f.jpg,3,26,49,1274,814,460.0,0.36482834815979004,0.3821573257446289,0.3491590619087219,0.008591665886342525,0.03299826383590698,0.3765650689601898,1,Moderate
pic-281-_jpg.rf.20f2248677b69cd0b78705416c578c8f.jpg,4,17,39,663,447,216.0,0.3214186131954193,0.33311083912849426,0.3101027309894562,0.006025376729667187,0.023008108139038086,0.32952043414115906,1,Moderate
pic-281-_jpg.rf.364ad6841f1f703e567868636d3c5d9d.jpg,0,76,159,12084,7942,4142.0,0.6984633207321167,0.7696625590324402,0.6176213026046753,0.03681344538927078,0.1520412564277649,0.7481305003166199,0,Shallow
pic-281-_jpg.rf.364ad6841f1f703e567868636d3c5d9d.jpg,1,66,55,3630,2670,960.0,0.8264244198799133,0.87907475233078,0.7827569246292114,0.025534894317388535,0.0963178277015686,0.8618254065513611,0,Shallow
pic-281-_jpg.rf.364ad6841f1f703e567868636d3c5d9d.jpg,2,31,63,1953,990,963.0,0.6085624694824219,0.624973714351654,0.5921476483345032,0.008303169161081314,0.03282606601715088,0.6199188828468323,0,Shallow
pic-281-_jpg.rf.364ad6841f1f703e567868636d3c5d9d.jpg,3,26,46,1196,728,468.0,0.32204076647758484,0.3377770483493805,0.3071187734603882,0.007824650034308434,0.03065827488899231,0.33282336592674255,1,Moderate
pic-281-_jpg.rf.364ad6841f1f703e567868636d3c5d9d.jpg,4,18,35,630,401,229.0,0.2819555103778839,0.2938297688961029,0.27051523327827454,0.005919458344578743,0.02331453561782837,0.290006548166275,1,Moderate
pic-281-_jpg.rf.91f845ebe6009e9c3be546fa34f1fb62.jpg,0,89,152,13528,7446,6082.0,0.7609813809394836,0.8406336903572083,0.6749144196510315,0.03976994752883911,0.16571927070617676,0.8150144815444946,0,Shallow
pic-281-_jpg.rf.91f845ebe6009e9c3be546fa34f1fb62.jpg,1,70,61,4270,3036,1234.0,0.917682945728302,0.982897162437439,0.8550966382026672,0.03687022998929024,0.12780052423477173,0.9687519073486328,0,Shallow
pic-281-_jpg.rf.91f845ebe6009e9c3be546fa34f1fb62.jpg,2,19,66,1254,972,282.0,0.6663453578948975,0.6835051774978638,0.6492142081260681,0.009013719856739044,0.034290969371795654,0.6785839796066284,0,Shallow
pic-281-_jpg.rf.91f845ebe6009e9c3be546fa34f1fb62.jpg,3,17,47,799,685,114.0,0.3613925874233246,0.377763956785202,0.34608834981918335,0.008517077192664146,0.03167560696601868,0.3728196620941162,1,Moderate
pic-281-_jpg.rf.91f845ebe6009e9c3be546fa34f1fb62.jpg,4,12,37,444,387,57.0,0.31645241379737854,0.32761144638061523,0.3045506775379181,0.006396702025085688,0.023060768842697144,0.3250686526298523,1,Moderate
pic-282-_jpg.rf.0dbe6d0d6778748a85926379c5f2e9e2.jpg,0,88,369,32472,25328,7144.0,0.7198816537857056,0.8551333546638489,0.5793840289115906,0.06711513549089432,0.2757493257522583,0.8118401765823364,0,Shallow
pic-282-_jpg.rf.842cdce727f91b17dbe3c3da0eb40f53.jpg,0,101,325,32825,20604,12221.0,0.6231120228767395,0.7377839684486389,0.512021541595459,0.056485846638679504,0.22576242685317993,0.7016764879226685,0,Shallow
pic-282-_jpg.rf.f00b26bc9e0e6d37dfc28fb9dcca8d31.jpg,0,151,324,48924,22453,26471.0,0.6817495226860046,0.8065794110298157,0.5568065643310547,0.060290027409791946,0.249772846698761,0.7636258006095886,0,Shallow
pic-283-_jpg.rf.40eb24734e3476c926a4c70fd547500c.jpg,0,486,400,194400,131822,62578.0,0.2870449423789978,0.7447896599769592,0.0835055410861969,0.14327436685562134,0.6612841188907623,0.5157241225242615,2,Deep
pic-283-_jpg.rf.c2b4badba5de7ededb5266fa40bff815.jpg,0,495,419,207405,145236,62169.0,0.3146384358406067,0.7923363447189331,0.08571221679449081,0.15556173026561737,0.7066241279244423,0.566528856754303,2,Deep
pic-283-_jpg.rf.e5da98374205a9ad95cb1355a5d30d9a.jpg,0,493,414,204102,142051,62051.0,0.3920917510986328,0.8145415782928467,0.18445967137813568,0.13581015169620514,0.630081906914711,0.6067067384719849,2,Deep
pic-284-_jpg.rf.123096f07316bdbbb775d4e0edbfcb5e.jpg,0,524,531,278244,217344,60900.0,0.34754517674446106,0.847231388092041,0.0,0.16825751960277557,0.847231388092041,0.5614784359931946,2,Deep
pic-284-_jpg.rf.56d84fad76218d5963847d758616e653.jpg,0,523,512,267776,207645,60131.0,0.32403260469436646,0.821752667427063,0.0,0.16077062487602234,0.821752667427063,0.5320855379104614,2,Deep
pic-284-_jpg.rf.684fdc990a5a35d7a5d296857475e65d.jpg,0,506,497,251482,196470,55012.0,0.2938293218612671,0.7783295512199402,0.020833296701312065,0.1432284712791443,0.7574962545186281,0.47494739294052124,2,Deep
pic-285-_jpg.rf.2bdafbee1a88e6d2a7fdf3367073e72e.jpg,0,204,577,117708,85434,32274.0,0.728073000907898,0.9432950019836426,0.5291651487350464,0.10678301751613617,0.4141298532485962,0.8807507157325745,2,Deep
pic-285-_jpg.rf.2bdafbee1a88e6d2a7fdf3367073e72e.jpg,1,65,187,12155,8760,3395.0,0.34814345836639404,0.42639225721359253,0.288398414850235,0.033009085804224014,0.13799384236335754,0.3961973488330841,1,Moderate
pic-285-_jpg.rf.c3f2aadaa48b640a80c3ab44e41ffb04.jpg,0,183,601,109983,82587,27396.0,0.7671331167221069,0.9770499467849731,0.5664628744125366,0.10457555949687958,0.4105870723724365,0.9125097990036011,2,Deep
pic-285-_jpg.rf.c3f2aadaa48b640a80c3ab44e41ffb04.jpg,1,67,193,12931,9409,3522.0,0.36976221203804016,0.45719408988952637,0.3033519387245178,0.035243745893239975,0.15384215116500854,0.42123475670814514,1,Moderate
pic-285-_jpg.rf.e85f33f618c8853f1b77a75be13c5a95.jpg,0,190,567,107730,75859,31871.0,0.7001601457595825,0.9206814765930176,0.5087974071502686,0.10445385426282883,0.411884069442749,0.8479191660881042,2,Deep
pic-285-_jpg.rf.e85f33f618c8853f1b77a75be13c5a95.jpg,1,62,174,10788,7643,3145.0,0.33152860403060913,0.4088563919067383,0.2723725140094757,0.03149372339248657,0.13648387789726257,0.37802961468696594,1,Moderate
pic-286-_jpg.rf.51113a90d61bab00d4fe0edcd5e45d9b.jpg,0,158,288,45504,32949,12555.0,0.5431639552116394,0.7086085677146912,0.4287433326244354,0.06487226486206055,0.27986523509025574,0.6325023770332336,0,Shallow
pic-286-_jpg.rf.e2281030be53c236e0e2f7731df0f5b3.jpg,0,183,310,56730,40345,16385.0,0.6126861572265625,0.7679160833358765,0.4663345515727997,0.07427924871444702,0.3015815317630768,0.7145428657531738,0,Shallow
pic-286-_jpg.rf.e5f176bec46993c0c6cda6588e9d5ecf.jpg,0,207,289,59823,39264,20559.0,0.6466330289840698,0.7997528314590454,0.4820405840873718,0.07763928174972534,0.3177122473716736,0.7495860457420349,0,Shallow
pic-287-_jpg.rf.87156b9d129afc59b232dcc6247af143.jpg,0,332,543,180276,79344,100932.0,0.5357020497322083,0.8115438222885132,0.3198513984680176,0.11449781060218811,0.4916924238204956,0.6958693265914917,2,Deep
pic-287-_jpg.rf.87156b9d129afc59b232dcc6247af143.jpg,1,85,180,15300,12065,3235.0,0.2188025861978531,0.6951140761375427,0.14444898068904877,0.04509163647890091,0.550665095448494,0.26864975690841675,0,Shallow
pic-287-_jpg.rf.87156b9d129afc59b232dcc6247af143.jpg,2,24,43,1032,763,269.0,0.11341551691293716,0.13221104443073273,0.09351147711277008,0.00983367394655943,0.038699567317962646,0.12683112919330597,1,Moderate
pic-287-_jpg.rf.9ebbae06b203eacb7891199e3ae03e78.jpg,0,204,593,120972,75198,45774.0,0.5451499819755554,0.7963833212852478,0.3473723232746124,0.105559341609478,0.4490109980106354,0.6918453574180603,0,Shallow
pic-287-_jpg.rf.9ebbae06b203eacb7891199e3ae03e78.jpg,1,90,188,16920,11798,5122.0,0.24123495817184448,0.434845894575119,0.16508877277374268,0.04044307768344879,0.26975712180137634,0.29343181848526,1,Moderate
pic-287-_jpg.rf.9ebbae06b203eacb7891199e3ae03e78.jpg,2,21,43,903,705,198.0,0.1359836906194687,0.1536695659160614,0.11469116806983948,0.010081622749567032,0.038978397846221924,0.14952793717384338,1,Moderate
pic-287-_jpg.rf.e2570badb95698d083c54eec726d833c.jpg,0,254,532,135128,66650,68478.0,0.48247119784355164,0.7248177528381348,0.30122289061546326,0.09785211086273193,0.4235948622226715,0.6137596964836121,0,Shallow
pic-287-_jpg.rf.e2570badb95698d083c54eec726d833c.jpg,1,75,176,13200,10494,2706.0,0.20933794975280762,0.2939782738685608,0.14814850687980652,0.03223530948162079,0.14582976698875427,0.25231069326400757,1,Moderate
pic-287-_jpg.rf.e2570badb95698d083c54eec726d833c.jpg,2,19,40,760,615,145.0,0.12294931709766388,0.13588015735149384,0.10572695732116699,0.007485868409276009,0.030153200030326843,0.13240113854408264,1,Moderate
pic-289-_jpg.rf.3b5e34d314c7ded93c3733fce130b12a.jpg,0,313,489,153057,115666,37391.0,0.7713610529899597,0.996588945388794,0.5266377925872803,0.11442510783672333,0.46995115280151367,0.9236262440681458,2,Deep
pic-289-_jpg.rf.3b5e34d314c7ded93c3733fce130b12a.jpg,1,201,200,40200,31635,8565.0,0.2538001835346222,0.43890026211738586,0.10619910806417465,0.08519979566335678,0.3327011540532112,0.3747711479663849,1,Moderate
pic-289-_jpg.rf.3b5e34d314c7ded93c3733fce130b12a.jpg,2,103,104,10712,7835,2877.0,0.12605226039886475,0.22166316211223602,0.048442840576171875,0.046504344791173935,0.17322032153606415,0.19288423657417297,1,Moderate
pic-289-_jpg.rf.948fb2d38ed70096fb1c644ab1e89973.jpg,0,309,439,135651,107463,28188.0,0.7216809988021851,0.9457929134368896,0.5151656866073608,0.0996633768081665,0.4306272268295288,0.8575247526168823,2,Deep
pic-289-_jpg.rf.948fb2d38ed70096fb1c644ab1e89973.jpg,1,186,183,34038,26852,7186.0,0.3108171224594116,0.4453045427799225,0.19154280424118042,0.0649794191122055,0.25376173853874207,0.40209758281707764,1,Moderate
pic-289-_jpg.rf.948fb2d38ed70096fb1c644ab1e89973.jpg,2,106,89,9434,6876,2558.0,0.24249714612960815,0.3147208094596863,0.1735808253288269,0.036193929612636566,0.14113998413085938,0.29314082860946655,1,Moderate
pic-289-_jpg.rf.b0bf8384c5c25bbefa58c5f1e0893b5d.jpg,0,299,478,142922,113065,29857.0,0.770878255367279,0.9904675483703613,0.543881356716156,0.10531775653362274,0.4465861916542053,0.909292459487915,2,Deep
pic-289-_jpg.rf.b0bf8384c5c25bbefa58c5f1e0893b5d.jpg,1,200,198,39600,31291,8309.0,0.2943665087223053,0.46041637659072876,0.15891417860984802,0.07695244252681732,0.30150219798088074,0.4046812057495117,1,Moderate
pic-289-_jpg.rf.b0bf8384c5c25bbefa58c5f1e0893b5d.jpg,2,114,76,8664,6745,1919.0,0.2238675057888031,0.31422773003578186,0.14739157259464264,0.044499728828668594,0.16683615744113922,0.28722500801086426,1,Moderate
pic-29-_jpg.rf.5220d64d0af700ca8a131e4a7015591a.jpg,0,93,228,21204,12050,9154.0,0.8284655213356018,0.9317945241928101,0.7446923851966858,0.04261942207813263,0.18710213899612427,0.8888542652130127,0,Shallow
pic-29-_jpg.rf.5220d64d0af700ca8a131e4a7015591a.jpg,1,39,124,4836,3723,1113.0,0.4865221381187439,0.525147557258606,0.4465276300907135,0.020077992230653763,0.07861992716789246,0.5138195157051086,1,Moderate
pic-29-_jpg.rf.5220d64d0af700ca8a131e4a7015591a.jpg,2,29,105,3045,2455,590.0,0.41536757349967957,0.44192346930503845,0.38668757677078247,0.013943918980658054,0.05523589253425598,0.4343258738517761,1,Moderate
pic-29-_jpg.rf.5220d64d0af700ca8a131e4a7015591a.jpg,3,19,128,2432,1659,773.0,0.2795531451702118,0.30226850509643555,0.260332316160202,0.009532630443572998,0.04193618893623352,0.29333144426345825,1,Moderate
pic-29-_jpg.rf.56803c885d93883808e18e5177fb7bfc.jpg,0,60,217,13020,8985,4035.0,0.916171133518219,0.9743112921714783,0.8464634418487549,0.030814489349722862,0.1278478503227234,0.9559746980667114,0,Shallow
pic-29-_jpg.rf.56803c885d93883808e18e5177fb7bfc.jpg,1,47,138,6486,4615,1871.0,0.5417162775993347,0.5885875821113586,0.49380871653556824,0.024342037737369537,0.0947788655757904,0.5745338201522827,0,Shallow
pic-29-_jpg.rf.56803c885d93883808e18e5177fb7bfc.jpg,2,37,118,4366,3072,1294.0,0.45438411831855774,0.48801809549331665,0.41699185967445374,0.0177918691188097,0.07102623581886292,0.4784565269947052,1,Moderate
pic-29-_jpg.rf.56803c885d93883808e18e5177fb7bfc.jpg,3,21,143,3003,2100,903.0,0.2956348955631256,0.3217410147190094,0.2733168303966522,0.011060227639973164,0.04842418432235718,0.3114675283432007,1,Moderate
pic-29-_jpg.rf.75b74368c26af7be08174514a5e86a35.jpg,0,110,242,26620,14132,12488.0,0.7095744609832764,0.7872613072395325,0.6340388059616089,0.035876963287591934,0.15322250127792358,0.7585558295249939,0,Shallow
pic-29-_jpg.rf.75b74368c26af7be08174514a5e86a35.jpg,1,49,134,6566,4471,2095.0,0.4110103249549866,0.4443596303462982,0.37488189339637756,0.017828257754445076,0.06947773694992065,0.4349493682384491,1,Moderate
pic-29-_jpg.rf.75b74368c26af7be08174514a5e86a35.jpg,2,38,116,4408,2980,1428.0,0.3475600779056549,0.3729831874370575,0.31933021545410156,0.013435935601592064,0.05365297198295593,0.36565935611724854,1,Moderate
pic-29-_jpg.rf.75b74368c26af7be08174514a5e86a35.jpg,3,23,140,3220,2032,1188.0,0.22796282172203064,0.24655388295650482,0.2121465504169464,0.007882464677095413,0.03440733253955841,0.23914450407028198,1,Moderate
pic-293-_jpg.rf.152a3d1b716ce34ef95d003bf13d19e3.jpg,0,440,634,278960,236357,42603.0,0.3018510937690735,0.6103317141532898,0.15563412010669708,0.12083619087934494,0.4546975940465927,0.5068206191062927,2,Deep
pic-293-_jpg.rf.521af54aebbf6c4a9777b1a21b2aa1a6.jpg,0,419,637,266903,236025,30878.0,0.28826892375946045,0.6952016353607178,0.12778660655021667,0.12675464153289795,0.5674150288105011,0.49938324093818665,2,Deep
pic-293-_jpg.rf.a9b5278454dd0e6b846f8f5b345c8c0a.jpg,0,386,630,243180,215978,27202.0,0.34923118352890015,0.6190128326416016,0.22578737139701843,0.10775847733020782,0.39322546124458313,0.5308180451393127,2,Deep
pic-294-_jpg.rf.03cbcc554416b49037040fba4614781a.jpg,0,103,233,23999,17869,6130.0,0.7127265334129333,0.82163006067276,0.6196910738945007,0.04728100821375847,0.20193898677825928,0.7832245230674744,0,Shallow
pic-294-_jpg.rf.1de461b1d76feb49d4f027f59f73b1ff.jpg,0,99,214,21186,14852,6334.0,0.6752300262451172,0.7817617058753967,0.5838921666145325,0.04686164855957031,0.19786953926086426,0.7449067234992981,0,Shallow
pic-294-_jpg.rf.a69a7de19ef308ef7ee254d1016bbc97.jpg,0,114,231,26334,18132,8202.0,0.6907464265823364,0.7934284806251526,0.60536789894104,0.0443674698472023,0.18806058168411255,0.7559387683868408,0,Shallow
pic-295-_jpg.rf.a8c2971b57a19e0180c662e4263aa9b5.jpg,0,320,234,74880,49362,25518.0,0.6548960208892822,0.9112719893455505,0.4203939139842987,0.12601296603679657,0.49087807536125183,0.8308306336402893,0,Shallow
pic-295-_jpg.rf.a8c2971b57a19e0180c662e4263aa9b5.jpg,1,44,70,3080,2472,608.0,0.19969375431537628,0.24138271808624268,0.16763582825660706,0.018366225063800812,0.07374688982963562,0.22674298286437988,1,Moderate
pic-295-_jpg.rf.d32464e992476781dea9e98988a24869.jpg,0,327,235,76845,51373,25472.0,0.6558012366294861,0.9435207843780518,0.415545791387558,0.1330183893442154,0.5279749929904938,0.8424869775772095,0,Shallow
pic-295-_jpg.rf.d32464e992476781dea9e98988a24869.jpg,1,46,72,3312,2593,719.0,0.19639945030212402,0.2368476390838623,0.1646822839975357,0.018032941967248917,0.0721653550863266,0.22195753455162048,1,Moderate
pic-295-_jpg.rf.f66059d5449c804a491dfe941e69a338.jpg,0,328,218,71504,52487,19017.0,0.42173510789871216,0.6021950840950012,0.2549569308757782,0.09140905737876892,0.347238153219223,0.5481452941894531,0,Shallow
pic-295-_jpg.rf.f66059d5449c804a491dfe941e69a338.jpg,1,50,71,3550,2645,905.0,0.11005501449108124,0.1340727061033249,0.09209778904914856,0.009797678329050541,0.04197491705417633,0.12457135319709778,1,Moderate
pic-296-_jpg.rf.4842e778156eb9f2ba5cf237fe3e4a62.jpg,0,92,115,10580,8589,1991.0,0.3821119964122772,0.45303109288215637,0.3178703486919403,0.03453672677278519,0.13516074419021606,0.43060821294784546,1,Moderate
pic-296-_jpg.rf.4842e778156eb9f2ba5cf237fe3e4a62.jpg,1,76,74,5624,4470,1154.0,0.15263399481773376,0.2098596692085266,0.09027910977602005,0.031344618648290634,0.11958055943250656,0.1946011632680893,1,Moderate
pic-296-_jpg.rf.71c7e5d6a9c5da8e4043d68da5539b8e.jpg,0,98,123,12054,9686,2368.0,0.35656431317329407,0.43198835849761963,0.2862582802772522,0.03725295886397362,0.14573007822036743,0.40884673595428467,1,Moderate
pic-296-_jpg.rf.71c7e5d6a9c5da8e4043d68da5539b8e.jpg,1,83,76,6308,4985,1323.0,0.10907688736915588,0.16779682040214539,0.045403264462947845,0.03233419358730316,0.12239355593919754,0.15197569131851196,1,Moderate
pic-296-_jpg.rf.8761505829f0631199e1d3daa72bea42.jpg,0,92,120,11040,8982,2058.0,0.3912472128868103,0.46701738238334656,0.3196367919445038,0.03760229051113129,0.14738059043884277,0.44356682896614075,1,Moderate
pic-296-_jpg.rf.8761505829f0631199e1d3daa72bea42.jpg,1,87,72,6264,4657,1607.0,0.14640267193317413,0.20567618310451508,0.08141603320837021,0.03224802389740944,0.12426014989614487,0.18913519382476807,1,Moderate
pic-297-_jpg.rf.1d4e40786715d3c83bace206f962c042.jpg,0,273,476,129948,92036,37912.0,0.7441210150718689,0.9677584767341614,0.4916056990623474,0.12067777663469315,0.47615277767181396,0.9070436358451843,2,Deep
pic-297-_jpg.rf.72ed26dca533a7e479c08103a5569c8f.jpg,0,236,456,107616,80879,26737.0,0.630232036113739,0.8188404440879822,0.42279836535453796,0.0992082878947258,0.3960420787334442,0.7644283175468445,2,Deep
pic-297-_jpg.rf.84f5afae7a869cf8e987823d48ac52ea.jpg,0,243,452,109836,90854,18982.0,0.7375510334968567,0.9345318675041199,0.4974517226219177,0.10801102966070175,0.43708014488220215,0.8824419379234314,2,Deep
pic-298-_jpg.rf.58b2ce2cbcbc68eb15a507b2cf8643e2.jpg,0,163,119,19397,11947,7450.0,0.5882815718650818,0.7097759246826172,0.4333346486091614,0.06804689019918442,0.2764412760734558,0.6724514365196228,0,Shallow
pic-298-_jpg.rf.58b2ce2cbcbc68eb15a507b2cf8643e2.jpg,1,26,40,1040,753,287.0,0.2897197902202606,0.30936238169670105,0.26841622591018677,0.01033723633736372,0.04094615578651428,0.3037247061729431,1,Moderate
pic-298-_jpg.rf.cd5aa1c41d3e62814135dde19300f171.jpg,0,164,115,18860,11666,7194.0,0.5801371335983276,0.695259153842926,0.4381689131259918,0.06272534281015396,0.2570902407169342,0.6580906510353088,0,Shallow
pic-298-_jpg.rf.cd5aa1c41d3e62814135dde19300f171.jpg,1,23,39,897,735,162.0,0.30079084634780884,0.31849756836891174,0.280215322971344,0.009550855495035648,0.03828224539756775,0.3136201500892639,1,Moderate
pic-298-_jpg.rf.eb89bc0d42a73c41261305e01a9138f8.jpg,0,163,117,19071,11668,7403.0,0.5750799179077148,0.6979357004165649,0.42583659291267395,0.06653174012899399,0.272099107503891,0.6578714847564697,0,Shallow
pic-298-_jpg.rf.eb89bc0d42a73c41261305e01a9138f8.jpg,1,24,39,936,749,187.0,0.2868959307670593,0.30497732758522034,0.2666325271129608,0.009889710694551468,0.03834480047225952,0.3003897964954376,1,Moderate
pic-299-_jpg.rf.b9479d0a39352215db193b6877e389ff.jpg,0,350,409,143150,91357,51793.0,0.5740447044372559,0.860511064529419,0.33337509632110596,0.1312478482723236,0.527135968208313,0.7640427350997925,2,Deep
pic-299-_jpg.rf.d1996e7e3608d23e5111b7e3f95a5353.jpg,0,397,474,188178,112043,76135.0,0.5461225509643555,0.8996050357818604,0.31983569264411926,0.1415707767009735,0.5797693431377411,0.7550988793373108,2,Deep
pic-299-_jpg.rf.ffefe6a973c89146c61be0770eed07c3.jpg,0,353,417,147201,91384,55817.0,0.5500355958938599,0.8361884951591492,0.32446718215942383,0.12524406611919403,0.5117213129997253,0.7341066598892212,2,Deep
pic-3-_jpg.rf.17e79b0608bc082d9380d713fb69f5ef.jpg,0,48,132,6336,4984,1352.0,0.9270722270011902,0.9694787859916687,0.8810744881629944,0.022841554135084152,0.08840429782867432,0.9578380584716797,0,Shallow
pic-3-_jpg.rf.17e79b0608bc082d9380d713fb69f5ef.jpg,1,107,181,19367,12646,6721.0,0.7899062633514404,0.8881199955940247,0.6988499164581299,0.04475972801446915,0.18927007913589478,0.8507654666900635,0,Shallow
pic-3-_jpg.rf.17e79b0608bc082d9380d713fb69f5ef.jpg,2,63,176,11088,7579,3509.0,0.6149789690971375,0.6674665808677673,0.5738136768341064,0.023186422884464264,0.09365290403366089,0.6472023129463196,0,Shallow
pic-3-_jpg.rf.17e79b0608bc082d9380d713fb69f5ef.jpg,3,33,70,2310,1468,842.0,0.5416759252548218,0.5666258335113525,0.5165454745292664,0.011547298170626163,0.05008035898208618,0.5563187599182129,1,Moderate
pic-3-_jpg.rf.17e79b0608bc082d9380d713fb69f5ef.jpg,4,37,49,1813,1345,468.0,0.4985232651233673,0.5309313535690308,0.4746120870113373,0.012747864238917828,0.05631926655769348,0.5157628059387207,1,Moderate
pic-3-_jpg.rf.17e79b0608bc082d9380d713fb69f5ef.jpg,5,214,194,41516,24212,17304.0,0.5188143253326416,0.6865556240081787,0.35139110684394836,0.08421038091182709,0.33516451716423035,0.6300730109214783,0,Shallow
pic-3-_jpg.rf.1f39da1d67e7044320a0a602d9819741.jpg,0,42,128,5376,3873,1503.0,0.8938570618629456,0.938815712928772,0.8464145064353943,0.02325587347149849,0.09240120649337769,0.9270650148391724,0,Shallow
pic-3-_jpg.rf.1f39da1d67e7044320a0a602d9819741.jpg,1,120,166,19920,12595,7325.0,0.7779509425163269,0.8674390316009521,0.6793365478515625,0.043027691543102264,0.18810248374938965,0.8352415561676025,0,Shallow
pic-3-_jpg.rf.1f39da1d67e7044320a0a602d9819741.jpg,2,75,156,11700,7538,4162.0,0.6277070045471191,0.6773756146430969,0.5784220099449158,0.023928804323077202,0.09895360469818115,0.6607869863510132,0,Shallow
pic-3-_jpg.rf.1f39da1d67e7044320a0a602d9819741.jpg,3,33,59,1947,1323,624.0,0.5624117255210876,0.5917342305183411,0.5348465442657471,0.0121966153383255,0.056887686252593994,0.5781897306442261,0,Shallow
pic-3-_jpg.rf.1f39da1d67e7044320a0a602d9819741.jpg,4,32,50,1600,1305,295.0,0.5154687166213989,0.5514651536941528,0.4879608750343323,0.014569690451025963,0.06350427865982056,0.5354764461517334,1,Moderate
pic-3-_jpg.rf.1f39da1d67e7044320a0a602d9819741.jpg,5,225,212,47700,24195,23505.0,0.4683470129966736,0.6399672031402588,0.2924964129924774,0.08120172470808029,0.34747079014778137,0.5745916962623596,0,Shallow
pic-3-_jpg.rf.9fea650aedf412fa2559d06c40de20b9.jpg,0,97,207,20079,13932,6147.0,0.9138405323028564,0.9934885501861572,0.8073614835739136,0.044561564922332764,0.18612706661224365,0.9730402827262878,0,Shallow
pic-3-_jpg.rf.9fea650aedf412fa2559d06c40de20b9.jpg,1,67,192,12864,9218,3646.0,0.7297742962837219,0.782752513885498,0.6763656735420227,0.02582629770040512,0.10638684034347534,0.7650870084762573,0,Shallow
pic-3-_jpg.rf.9fea650aedf412fa2559d06c40de20b9.jpg,2,37,65,2405,1434,971.0,0.6501643657684326,0.7022326588630676,0.6177006959915161,0.015254978090524673,0.08453196287155151,0.66914963722229,0,Shallow
pic-3-_jpg.rf.9fea650aedf412fa2559d06c40de20b9.jpg,3,38,41,1558,1152,406.0,0.5894324779510498,0.6705418825149536,0.559084951877594,0.017590327188372612,0.11145693063735962,0.6116273403167725,0,Shallow
pic-3-_jpg.rf.9fea650aedf412fa2559d06c40de20b9.jpg,4,225,150,33750,16216,17534.0,0.5561819672584534,0.7425892949104309,0.35609790682792664,0.0953354462981224,0.3864913880825043,0.6752168536186218,0,Shallow
pic-30-_jpg.rf.370eca9f98e828703d153a162dba5233.jpg,0,19,28,532,401,131.0,0.4073616564273834,0.42716512084007263,0.39345481991767883,0.008326455019414425,0.0337103009223938,0.41876766085624695,1,Moderate
pic-30-_jpg.rf.370eca9f98e828703d153a162dba5233.jpg,1,25,40,1000,826,174.0,0.3572908043861389,0.3800504803657532,0.3341229557991028,0.011898547410964966,0.04592752456665039,0.37379300594329834,1,Moderate
pic-30-_jpg.rf.370eca9f98e828703d153a162dba5233.jpg,2,18,37,666,548,118.0,0.24189800024032593,0.2587731182575226,0.22614984214305878,0.008401882834732533,0.032623276114463806,0.25320231914520264,1,Moderate
pic-30-_jpg.rf.50f47f18cb6f3fb3650fe72d391d9187.jpg,0,20,29,580,444,136.0,0.428066223859787,0.44935697317123413,0.4119150936603546,0.009169956669211388,0.03744187951087952,0.4409467875957489,1,Moderate
pic-30-_jpg.rf.50f47f18cb6f3fb3650fe72d391d9187.jpg,1,30,43,1290,947,343.0,0.37183907628059387,0.39753493666648865,0.34578388929367065,0.012954524718225002,0.05175104737281799,0.3895028829574585,1,Moderate
pic-30-_jpg.rf.50f47f18cb6f3fb3650fe72d391d9187.jpg,2,18,38,684,630,54.0,0.24702449142932892,0.26387664675712585,0.22957542538642883,0.008839599788188934,0.03430122137069702,0.2587435841560364,1,Moderate
pic-30-_jpg.rf.881c629f5ecaecfe726c74a522b8decb.jpg,0,20,29,580,433,147.0,0.2684515416622162,0.28140556812286377,0.2583377957344055,0.005568311084061861,0.023067772388458252,0.2761630415916443,1,Moderate
pic-30-_jpg.rf.881c629f5ecaecfe726c74a522b8decb.jpg,1,27,42,1134,843,291.0,0.2352459579706192,0.24985960125923157,0.22054331004619598,0.007475090678781271,0.029316291213035583,0.24556660652160645,1,Moderate
pic-30-_jpg.rf.881c629f5ecaecfe726c74a522b8decb.jpg,2,17,36,612,552,60.0,0.16108040511608124,0.17120817303657532,0.1509745866060257,0.005179619416594505,0.02023358643054962,0.1680714637041092,1,Moderate
pic-300-_jpg.rf.3600a16f8f27cc0334db7f049f787eb1.jpg,0,104,260,27040,15710,11330.0,0.385423481464386,0.4729761481285095,0.32279980182647705,0.037809815257787704,0.15017634630203247,0.4401364326477051,1,Moderate
pic-300-_jpg.rf.4ef818f9e780452ddfb899a2a2b6b03a.jpg,0,90,281,25290,17400,7890.0,0.36287620663642883,0.47522175312042236,0.306448370218277,0.037135105580091476,0.16877338290214539,0.41232994198799133,1,Moderate
pic-300-_jpg.rf.84ff02582ef46f86d24bc848af4be07b.jpg,0,94,270,25380,16447,8933.0,0.4031673073768616,0.5123369097709656,0.34260421991348267,0.0385516881942749,0.1697326898574829,0.4547320008277893,1,Moderate
pic-301-_jpg.rf.2b21a6093d6fa16efa900074dc3542cd.jpg,0,387,421,162927,115206,47721.0,0.1500541865825653,0.2449689358472824,0.04745173454284668,0.046134334057569504,0.19751720130443573,0.2131955772638321,2,Deep
pic-301-_jpg.rf.821c1245c0e331fa2bf691e53b6d5d99.jpg,0,346,381,131826,93385,38441.0,0.18363267183303833,0.27445188164711,0.07674209028482437,0.04320662096142769,0.19770979136228561,0.2412712126970291,1,Moderate
pic-301-_jpg.rf.b5aea8cb48e0a04950551fd41e277ea6.jpg,0,374,422,157828,112245,45583.0,0.18448594212532043,0.3009292185306549,0.06443846225738525,0.052946433424949646,0.23649075627326965,0.2575775980949402,2,Deep
pic-302-_jpg.rf.37977cf11bbe714965571c19d72ffee0.jpg,0,128,155,19840,15885,3955.0,0.5657179355621338,0.6634036898612976,0.4530014991760254,0.05252769589424133,0.21040219068527222,0.6353775858879089,0,Shallow
pic-302-_jpg.rf.b78c512c8993fd44bdb300776d9dc3f4.jpg,0,126,159,20034,15992,4042.0,0.5552794933319092,0.6533926725387573,0.4416881203651428,0.052814897149801254,0.2117045521736145,0.6251994371414185,0,Shallow
pic-302-_jpg.rf.d633fdb04731410dc8d1d1da15a1363a.jpg,0,127,147,18669,14751,3918.0,0.5520538687705994,0.6138221025466919,0.40182802081108093,0.051895931363105774,0.21199408173561096,0.6032816171646118,0,Shallow
pic-31-_jpg.rf.0940348a848c8c97f3fff9383cb3cdc8.jpg,0,249,223,55527,44698,10829.0,0.7752664685249329,0.9951069355010986,0.5801766514778137,0.10754862427711487,0.4149302840232849,0.9293485879898071,0,Shallow
pic-31-_jpg.rf.0940348a848c8c97f3fff9383cb3cdc8.jpg,1,213,206,43878,33976,9902.0,0.7389229536056519,0.9076972007751465,0.5716623663902283,0.07983674854040146,0.3360348343849182,0.8475055694580078,0,Shallow
pic-31-_jpg.rf.0940348a848c8c97f3fff9383cb3cdc8.jpg,2,122,109,13298,9049,4249.0,0.5626359581947327,0.6586891412734985,0.4714341163635254,0.04329155758023262,0.18725502490997314,0.6220573782920837,0,Shallow
pic-31-_jpg.rf.0940348a848c8c97f3fff9383cb3cdc8.jpg,3,76,139,10564,6512,4052.0,0.2476203590631485,0.31335413455963135,0.20153917372226715,0.025963451713323593,0.1118149608373642,0.2835943102836609,1,Moderate
pic-31-_jpg.rf.0940348a848c8c97f3fff9383cb3cdc8.jpg,4,33,42,1386,1161,225.0,0.4361436665058136,0.46339285373687744,0.40702757239341736,0.014257244765758514,0.05636528134346008,0.4555917978286743,1,Moderate
pic-31-_jpg.rf.0940348a848c8c97f3fff9383cb3cdc8.jpg,5,40,40,1600,1210,390.0,0.440980464220047,0.47606033086776733,0.4107235074043274,0.01561751775443554,0.06533682346343994,0.4623534381389618,1,Moderate
pic-31-_jpg.rf.0940348a848c8c97f3fff9383cb3cdc8.jpg,6,160,75,12000,7634,4366.0,0.43128788471221924,0.5689045786857605,0.31898748874664307,0.05422929301857948,0.24991708993911743,0.5081232786178589,1,Moderate
pic-31-_jpg.rf.0940348a848c8c97f3fff9383cb3cdc8.jpg,7,68,87,5916,4151,1765.0,0.38012656569480896,0.4345780611038208,0.3280315399169922,0.026610981673002243,0.10654652118682861,0.4170442223548889,1,Moderate
pic-31-_jpg.rf.0940348a848c8c97f3fff9383cb3cdc8.jpg,8,41,38,1558,1191,367.0,0.3254641592502594,0.35603734850883484,0.29197418689727783,0.016295533627271652,0.064063161611557,0.3477628529071808,1,Moderate
pic-31-_jpg.rf.0940348a848c8c97f3fff9383cb3cdc8.jpg,9,72,84,6048,3093,2955.0,0.20037464797496796,0.2703072130680084,0.14584118127822876,0.032559074461460114,0.12446603178977966,0.24855788052082062,1,Moderate
pic-31-_jpg.rf.0940348a848c8c97f3fff9383cb3cdc8.jpg,10,41,75,3075,2285,790.0,0.15663444995880127,0.19243274629116058,0.12232404202222824,0.016808757558465004,0.07010870426893234,0.1792096495628357,1,Moderate
pic-31-_jpg.rf.0940348a848c8c97f3fff9383cb3cdc8.jpg,11,29,42,1218,1021,197.0,0.3374655842781067,0.3607008755207062,0.31481653451919556,0.012494519352912903,0.04588434100151062,0.3548409342765808,1,Moderate
pic-31-_jpg.rf.0940348a848c8c97f3fff9383cb3cdc8.jpg,12,35,45,1575,1172,403.0,0.3755000829696655,0.4016113579273224,0.34815075993537903,0.013474706560373306,0.05346059799194336,0.39398831129074097,1,Moderate
pic-31-_jpg.rf.0940348a848c8c97f3fff9383cb3cdc8.jpg,13,33,45,1485,1210,275.0,0.3351012170314789,0.3595872223377228,0.31076890230178833,0.012748577632009983,0.04881832003593445,0.3528269827365875,1,Moderate
pic-31-_jpg.rf.0940348a848c8c97f3fff9383cb3cdc8.jpg,14,34,36,1224,951,273.0,0.3385698199272156,0.367954820394516,0.3113348186016083,0.013734611682593822,0.056620001792907715,0.3573608696460724,1,Moderate
pic-31-_jpg.rf.1174887817ec51f80c793c0f75927824.jpg,0,234,189,44226,38044,6182.0,0.8175866007804871,0.980161190032959,0.6368096470832825,0.09725790470838547,0.3433515429496765,0.9537477493286133,0,Shallow
pic-31-_jpg.rf.1174887817ec51f80c793c0f75927824.jpg,1,215,221,47515,38845,8670.0,0.8030334115028381,0.9611191153526306,0.6128590106964111,0.08728837221860886,0.3482601046562195,0.9204649925231934,0,Shallow
pic-31-_jpg.rf.1174887817ec51f80c793c0f75927824.jpg,2,133,112,14896,10333,4563.0,0.5931714177131653,0.7039536833763123,0.4902266263961792,0.04966672882437706,0.21372705698013306,0.6612751483917236,0,Shallow
pic-31-_jpg.rf.1174887817ec51f80c793c0f75927824.jpg,3,88,150,13200,7560,5640.0,0.26844146847724915,0.3371517062187195,0.2168821394443512,0.02715155854821205,0.12026956677436829,0.30590638518333435,1,Moderate
pic-31-_jpg.rf.1174887817ec51f80c793c0f75927824.jpg,4,34,46,1564,1343,221.0,0.4636811316013336,0.49424803256988525,0.43104586005210876,0.015672940760850906,0.06320217251777649,0.4851534366607666,1,Moderate
pic-31-_jpg.rf.1174887817ec51f80c793c0f75927824.jpg,5,44,44,1936,1447,489.0,0.4726805090904236,0.5110503435134888,0.4380475580692291,0.01727866940200329,0.07300278544425964,0.4963826537132263,1,Moderate
pic-31-_jpg.rf.1174887817ec51f80c793c0f75927824.jpg,6,107,40,4280,2928,1352.0,0.4723404049873352,0.588094174861908,0.40139034390449524,0.04030333086848259,0.18670383095741272,0.5293257832527161,0,Shallow
pic-31-_jpg.rf.1174887817ec51f80c793c0f75927824.jpg,7,74,94,6956,4858,2098.0,0.4165372848510742,0.4767121970653534,0.35936328768730164,0.029246948659420013,0.11734890937805176,0.4571644961833954,1,Moderate
pic-31-_jpg.rf.1174887817ec51f80c793c0f75927824.jpg,8,46,40,1840,1379,461.0,0.3365623950958252,0.3707752823829651,0.301257461309433,0.017795277759432793,0.0695178210735321,0.3610151410102844,1,Moderate
pic-31-_jpg.rf.1174887817ec51f80c793c0f75927824.jpg,9,77,90,6930,3638,3292.0,0.23256854712963104,0.37350383400917053,0.16898618638515472,0.038934022188186646,0.2045176476240158,0.2900152802467346,1,Moderate
pic-31-_jpg.rf.1174887817ec51f80c793c0f75927824.jpg,10,45,81,3645,2667,978.0,0.16529686748981476,0.20454353094100952,0.1281176507472992,0.018197406083345413,0.07642588019371033,0.18979193270206451,1,Moderate
pic-31-_jpg.rf.1174887817ec51f80c793c0f75927824.jpg,11,35,45,1575,1221,354.0,0.3562856912612915,0.38181063532829285,0.3307115435600281,0.013635024428367615,0.05109909176826477,0.37524715065956116,1,Moderate
pic-31-_jpg.rf.1174887817ec51f80c793c0f75927824.jpg,12,39,48,1872,1359,513.0,0.38200390338897705,0.41065514087677,0.35126152634620667,0.014995825476944447,0.059393614530563354,0.4025645852088928,1,Moderate
pic-31-_jpg.rf.1174887817ec51f80c793c0f75927824.jpg,13,37,40,1480,1217,263.0,0.3335201144218445,0.3607971668243408,0.3054458498954773,0.014696864411234856,0.055351316928863525,0.3538314700126648,1,Moderate
pic-31-_jpg.rf.1174887817ec51f80c793c0f75927824.jpg,14,36,39,1404,1110,294.0,0.3461938798427582,0.37917646765708923,0.31487083435058594,0.015634821727871895,0.0643056333065033,0.3675292432308197,1,Moderate
pic-31-_jpg.rf.f773855cfccc522535461bb0d18add8a.jpg,0,251,192,48192,39981,8211.0,0.7996841669082642,0.9853325486183167,0.6203802227973938,0.09970651566982269,0.36495232582092285,0.9433790445327759,0,Shallow
pic-31-_jpg.rf.f773855cfccc522535461bb0d18add8a.jpg,1,228,225,51300,41829,9471.0,0.7854204177856445,0.9593493342399597,0.5963907837867737,0.08820656687021255,0.36295855045318604,0.9049660563468933,0,Shallow
pic-31-_jpg.rf.f773855cfccc522535461bb0d18add8a.jpg,2,137,91,12467,8680,3787.0,0.5776488184928894,0.6931107640266418,0.47531047463417053,0.05075793340802193,0.2178002893924713,0.6479529142379761,0,Shallow
pic-31-_jpg.rf.f773855cfccc522535461bb0d18add8a.jpg,3,93,152,14136,8029,6107.0,0.2461601346731186,0.3154313266277313,0.19618645310401917,0.027664121240377426,0.11924487352371216,0.2847194969654083,1,Moderate
pic-31-_jpg.rf.f773855cfccc522535461bb0d18add8a.jpg,4,35,47,1645,1412,233.0,0.44565680623054504,0.47685936093330383,0.413137286901474,0.015913382172584534,0.06372207403182983,0.46760624647140503,1,Moderate
pic-31-_jpg.rf.f773855cfccc522535461bb0d18add8a.jpg,5,46,45,2070,1518,552.0,0.455273300409317,0.49492499232292175,0.4201473295688629,0.01753718964755535,0.07477766275405884,0.4792746603488922,1,Moderate
pic-31-_jpg.rf.f773855cfccc522535461bb0d18add8a.jpg,6,120,50,6000,3869,2131.0,0.44858136773109436,0.55006343126297,0.3732191026210785,0.040433723479509354,0.17684432864189148,0.5055812001228333,1,Moderate
pic-31-_jpg.rf.f773855cfccc522535461bb0d18add8a.jpg,7,76,100,7600,5174,2426.0,0.3978603184223175,0.45862671732902527,0.33949920535087585,0.029924293980002403,0.11912751197814941,0.4394211173057556,1,Moderate
pic-31-_jpg.rf.f773855cfccc522535461bb0d18add8a.jpg,8,48,40,1920,1460,460.0,0.3164612352848053,0.3509562611579895,0.27991852164268494,0.018137505277991295,0.07103773951530457,0.34126973152160645,1,Moderate
pic-31-_jpg.rf.f773855cfccc522535461bb0d18add8a.jpg,9,78,98,7644,3832,3812.0,0.2082519829273224,0.29241466522216797,0.14518806338310242,0.03851022943854332,0.14722660183906555,0.26595014333724976,1,Moderate
pic-31-_jpg.rf.f773855cfccc522535461bb0d18add8a.jpg,10,46,84,3864,2845,1019.0,0.14362524449825287,0.18361856043338776,0.1062149852514267,0.018442699685692787,0.07740357518196106,0.16869106888771057,1,Moderate
pic-31-_jpg.rf.f773855cfccc522535461bb0d18add8a.jpg,11,36,45,1620,1286,334.0,0.3368203639984131,0.36196592450141907,0.3118783235549927,0.01342448778450489,0.05008760094642639,0.35542795062065125,1,Moderate
pic-31-_jpg.rf.f773855cfccc522535461bb0d18add8a.jpg,12,41,48,1968,1456,512.0,0.36662930250167847,0.39682456851005554,0.334846556186676,0.015570573508739471,0.06197801232337952,0.3879327178001404,1,Moderate
pic-31-_jpg.rf.f773855cfccc522535461bb0d18add8a.jpg,13,34,15,510,433,77.0,0.3328292965888977,0.4185989499092102,0.2949259281158447,0.026562782004475594,0.12367302179336548,0.3763352632522583,1,Moderate
pic-31-_jpg.rf.f773855cfccc522535461bb0d18add8a.jpg,14,37,40,1480,1198,282.0,0.32618290185928345,0.3591683804988861,0.2952442765235901,0.015519349835813046,0.06392410397529602,0.34735897183418274,1,Moderate
pic-318-_jpg.rf.2940a75b7dd32070029f18fa382ebdc5.jpg,0,7,20,140,84,56.0,0.3191019296646118,0.32146742939949036,0.3159516751766205,0.0013311138609424233,0.005515754222869873,0.3209332823753357,1,Moderate
pic-318-_jpg.rf.d35f113f002fcda07300a87c4953d158.jpg,0,8,23,184,110,74.0,0.2723068296909332,0.2779437005519867,0.26366084814071655,0.0034210903104394674,0.014282852411270142,0.27632662653923035,1,Moderate
pic-318-_jpg.rf.fb982b0515cfdf43b2ced2b2b087b90d.jpg,0,7,21,147,88,59.0,0.2729429006576538,0.2755761444568634,0.2686161994934082,0.0017489261226728559,0.0069599449634552,0.2750653028488159,1,Moderate
pic-32-_jpg.rf.17b7362dd7e828ab11f01d0a23db3a50.jpg,0,314,243,76302,46094,30208.0,0.7599974274635315,0.9780282378196716,0.501180112361908,0.11972478777170181,0.47684812545776367,0.926903247833252,0,Shallow
pic-32-_jpg.rf.17b7362dd7e828ab11f01d0a23db3a50.jpg,1,302,217,65534,44267,21267.0,0.44443026185035706,0.6532720923423767,0.19456280767917633,0.11078863590955734,0.4587092846632004,0.5904718637466431,0,Shallow
pic-32-_jpg.rf.17b7362dd7e828ab11f01d0a23db3a50.jpg,2,53,40,2120,1592,528.0,0.4470709264278412,0.4897734820842743,0.4058557152748108,0.0212253425270319,0.0839177668094635,0.4766208529472351,1,Moderate
pic-32-_jpg.rf.17b7362dd7e828ab11f01d0a23db3a50.jpg,3,50,45,2250,1689,561.0,0.28520265221595764,0.3233219087123871,0.24502207338809967,0.01947803422808647,0.07829983532428741,0.31099933385849,1,Moderate
pic-32-_jpg.rf.4aea4d06478697bd7b70b72cd80d1546.jpg,0,314,188,59032,42456,16576.0,0.707269012928009,0.8758312463760376,0.49977609515190125,0.09452994912862778,0.37605515122413635,0.8349412679672241,0,Shallow
pic-32-_jpg.rf.4aea4d06478697bd7b70b72cd80d1546.jpg,1,285,239,68115,42438,25677.0,0.45473700761795044,0.6454343795776367,0.2124764323234558,0.1055295467376709,0.4329579472541809,0.5923479199409485,0,Shallow
pic-32-_jpg.rf.4aea4d06478697bd7b70b72cd80d1546.jpg,2,55,37,2035,1515,520.0,0.42141422629356384,0.4579578638076782,0.3820747435092926,0.019186662510037422,0.07588312029838562,0.447588175535202,1,Moderate
pic-32-_jpg.rf.4aea4d06478697bd7b70b72cd80d1546.jpg,3,54,43,2322,1613,709.0,0.27285119891166687,0.30720168352127075,0.234709233045578,0.01856863684952259,0.07249245047569275,0.29794687032699585,1,Moderate
pic-32-_jpg.rf.e9cd27fe43663beff58ee6e1f8f7f3d2.jpg,0,312,231,72072,44152,27920.0,0.7608194351196289,0.9757546186447144,0.5186094641685486,0.11243236064910889,0.45714515447616577,0.917672872543335,0,Shallow
pic-32-_jpg.rf.e9cd27fe43663beff58ee6e1f8f7f3d2.jpg,1,290,212,61480,40918,20562.0,0.4552890658378601,0.6473405361175537,0.21961303055286407,0.10310280323028564,0.42772750556468964,0.5913221836090088,0,Shallow
pic-32-_jpg.rf.e9cd27fe43663beff58ee6e1f8f7f3d2.jpg,2,50,37,1850,1435,415.0,0.46471497416496277,0.5050873160362244,0.4255222678184509,0.020442264154553413,0.07956504821777344,0.4928930699825287,1,Moderate
pic-32-_jpg.rf.e9cd27fe43663beff58ee6e1f8f7f3d2.jpg,3,48,43,2064,1550,514.0,0.3065822720527649,0.3440016508102417,0.26765650510787964,0.019041882827878,0.07634514570236206,0.33207982778549194,1,Moderate
pic-34-_jpg.rf.3cc5232b879d313c05dc30ad7b066f99.jpg,0,36,64,2304,1594,710.0,0.21624775230884552,0.24994853138923645,0.19233086705207825,0.014081048779189587,0.0576176643371582,0.23677030205726624,1,Moderate
pic-34-_jpg.rf.3cc5232b879d313c05dc30ad7b066f99.jpg,1,32,67,2144,1579,565.0,0.3798524737358093,0.40299275517463684,0.35453322529792786,0.012588953599333763,0.048459529876708984,0.39708593487739563,1,Moderate
pic-34-_jpg.rf.3cc5232b879d313c05dc30ad7b066f99.jpg,2,28,43,1204,928,276.0,0.4078311324119568,0.43182793259620667,0.3831407129764557,0.01268922071903944,0.04868721961975098,0.4249674677848816,1,Moderate
pic-34-_jpg.rf.3cc5232b879d313c05dc30ad7b066f99.jpg,3,97,124,12028,7964,4064.0,0.2724789083003998,0.37955671548843384,0.19565458595752716,0.040688276290893555,0.18390212953090668,0.3308069705963135,1,Moderate
pic-34-_jpg.rf.40b75b0e55a33c21bc33826831384287.jpg,0,34,69,2346,1751,595.0,0.20088618993759155,0.24316827952861786,0.1686127632856369,0.018837252631783485,0.07455551624298096,0.22824609279632568,1,Moderate
pic-34-_jpg.rf.40b75b0e55a33c21bc33826831384287.jpg,1,31,71,2201,1741,460.0,0.4032958149909973,0.4332243502140045,0.3678146302700043,0.016812508925795555,0.06540971994400024,0.4258067011833191,1,Moderate
pic-34-_jpg.rf.40b75b0e55a33c21bc33826831384287.jpg,2,30,44,1320,1020,300.0,0.4362446665763855,0.46481359004974365,0.40228450298309326,0.0162843968719244,0.06252908706665039,0.45808863639831543,1,Moderate
pic-34-_jpg.rf.40b75b0e55a33c21bc33826831384287.jpg,3,89,110,9790,7037,2753.0,0.2522422671318054,0.46629050374031067,0.15685291588306427,0.05918389931321144,0.3094375878572464,0.3290605843067169,1,Moderate
pic-34-_jpg.rf.add0f9e0bd6d5cd8a32bde8eac8b1c9f.jpg,0,30,64,1920,1451,469.0,0.23749978840351105,0.2680497467517853,0.21457144618034363,0.013531469739973545,0.05347830057144165,0.2570207417011261,1,Moderate
pic-34-_jpg.rf.add0f9e0bd6d5cd8a32bde8eac8b1c9f.jpg,1,28,65,1820,1423,397.0,0.3796834945678711,0.401189923286438,0.35264256596565247,0.01246341597288847,0.04854735732078552,0.39597058296203613,1,Moderate
pic-34-_jpg.rf.add0f9e0bd6d5cd8a32bde8eac8b1c9f.jpg,2,29,39,1131,873,258.0,0.39983367919921875,0.4227398931980133,0.3725995123386383,0.012929976917803288,0.050140380859375,0.4169408082962036,1,Moderate
pic-34-_jpg.rf.add0f9e0bd6d5cd8a32bde8eac8b1c9f.jpg,3,82,145,11890,8735,3155.0,0.257548987865448,0.3411230742931366,0.19306091964244843,0.0364382378757,0.14806215465068817,0.3093092739582062,1,Moderate
pic-35-_jpg.rf.3a6cb54980b1b14196158b140c277034.jpg,0,303,300,90900,64411,26489.0,0.6582289338111877,0.8696356415748596,0.4275723397731781,0.10384302586317062,0.4420633018016815,0.7971823215484619,0,Shallow
pic-35-_jpg.rf.d7c110298e8deb6c82e6a13278880bc1.jpg,0,306,303,92718,66161,26557.0,0.6885471343994141,0.9067094922065735,0.44666457176208496,0.10677093267440796,0.4600449204444885,0.8321962952613831,0,Shallow
pic-35-_jpg.rf.e87935b40ac72eeef1e183a1b784e3e9.jpg,0,321,353,113313,79622,33691.0,0.6723707318305969,0.8910795450210571,0.39511001110076904,0.11468306928873062,0.4959695339202881,0.8224545121192932,2,Deep
pic-37-_jpg.rf.141623e970a3b93aa37e180a3efb32b8.jpg,0,120,181,21720,15207,6513.0,0.7273010611534119,0.8261914253234863,0.6422299742698669,0.044054869562387466,0.18396145105361938,0.7874578237533569,0,Shallow
pic-37-_jpg.rf.141623e970a3b93aa37e180a3efb32b8.jpg,1,88,191,16808,11478,5330.0,0.3627542555332184,0.44289347529411316,0.2965840995311737,0.03679662197828293,0.14630937576293945,0.41562747955322266,1,Moderate
pic-37-_jpg.rf.dbb4e5f29da50d7f69800bd02df7cd28.jpg,0,127,190,24130,16774,7356.0,0.7604241967201233,0.8663920760154724,0.6714314818382263,0.04609241336584091,0.1949605941772461,0.8236705660820007,0,Shallow
pic-37-_jpg.rf.dbb4e5f29da50d7f69800bd02df7cd28.jpg,1,98,198,19404,12652,6752.0,0.37162742018699646,0.45781853795051575,0.301270991563797,0.03944198787212372,0.15654754638671875,0.42905303835868835,1,Moderate
pic-37-_jpg.rf.fef279db67c02cffe5e03d2f062e76c7.jpg,0,128,190,24320,16957,7363.0,0.7555997371673584,0.8594127893447876,0.6681305766105652,0.04485613852739334,0.1912822127342224,0.8165916800498962,0,Shallow
pic-37-_jpg.rf.fef279db67c02cffe5e03d2f062e76c7.jpg,1,89,204,18156,12772,5384.0,0.36725589632987976,0.4543095827102661,0.29854124784469604,0.03856595605611801,0.15576833486557007,0.4241129755973816,1,Moderate
pic-38-_jpg.rf.da02919be110cad52f54add553bf8ff6.jpg,0,385,424,163240,81534,81706.0,0.44424909353256226,0.7813073396682739,0.164783775806427,0.1367303878068924,0.6165235638618469,0.6346492767333984,2,Deep
pic-38-_jpg.rf.da02919be110cad52f54add553bf8ff6.jpg,1,69,64,4416,2978,1438.0,0.1826448142528534,0.23943160474300385,0.1521330624818802,0.022625703364610672,0.08729854226112366,0.21809321641921997,1,Moderate
pic-38-_jpg.rf.dba8be87e1cad6fbbc6f68728f95a85d.jpg,0,343,439,150577,79884,70693.0,0.41924217343330383,0.6359204053878784,0.22354504466056824,0.09341169893741608,0.4123753607273102,0.5465561151504517,0,Shallow
pic-38-_jpg.rf.dba8be87e1cad6fbbc6f68728f95a85d.jpg,1,62,68,4216,2957,1259.0,0.20178376138210297,0.245559424161911,0.16630494594573975,0.02024027705192566,0.07925447821617126,0.2311292588710785,1,Moderate
pic-38-_jpg.rf.f986b908d11e3ccfab5acb989bc9aa7b.jpg,0,403,474,191022,98473,92549.0,0.5006465315818787,0.8189792633056641,0.2074887603521347,0.1351848542690277,0.6114905029535294,0.6844635009765625,2,Deep
pic-38-_jpg.rf.f986b908d11e3ccfab5acb989bc9aa7b.jpg,1,72,72,5184,3580,1604.0,0.21109539270401,0.2735600471496582,0.16611601412296295,0.028116580098867416,0.10744403302669525,0.25280261039733887,1,Moderate
pic-39-_jpg.rf.916c6c1f6b88b55f48b08e48481fe26f.jpg,0,323,493,159239,135496,23743.0,0.6566213369369507,0.978736937046051,0.2396763116121292,0.18343444168567657,0.7390606254339218,0.896026611328125,2,Deep
pic-39-_jpg.rf.99d4097fac96d5f035d066f05bd3dcac.jpg,0,331,525,173775,143104,30671.0,0.651448667049408,0.9964485168457031,0.24079398810863495,0.18557722866535187,0.7556545287370682,0.8966380953788757,2,Deep
pic-39-_jpg.rf.c50896cfc9b1facb5cd4234bb9be07b6.jpg,0,330,515,169950,141011,28939.0,0.6590141654014587,0.9840940833091736,0.25102317333221436,0.1822083592414856,0.7330709099769592,0.8979355692863464,2,Deep
pic-4-_jpg.rf.4db592c400a3bacb104e601c50c1fcd0.jpg,0,408,410,167280,133316,33964.0,0.7017511129379272,0.9971505999565125,0.35570722818374634,0.16394591331481934,0.6414433717727661,0.8938910961151123,2,Deep
pic-4-_jpg.rf.4db592c400a3bacb104e601c50c1fcd0.jpg,1,65,102,6630,4579,2051.0,0.41939470171928406,0.46010372042655945,0.3766203820705414,0.020439352840185165,0.08348333835601807,0.446999192237854,1,Moderate
pic-4-_jpg.rf.4db592c400a3bacb104e601c50c1fcd0.jpg,2,67,99,6633,4717,1916.0,0.2947574853897095,0.3425758183002472,0.24942775070667267,0.023506222292780876,0.09314806759357452,0.32782456278800964,1,Moderate
pic-4-_jpg.rf.4db592c400a3bacb104e601c50c1fcd0.jpg,3,63,90,5670,3977,1693.0,0.1285856068134308,0.17434900999069214,0.0888984277844429,0.02094230242073536,0.08545058220624924,0.15774588286876678,1,Moderate
pic-4-_jpg.rf.4db592c400a3bacb104e601c50c1fcd0.jpg,4,29,49,1421,1034,387.0,0.20518440008163452,0.22475452721118927,0.18626780807971954,0.009740183129906654,0.03848671913146973,0.218388170003891,1,Moderate
pic-4-_jpg.rf.4db592c400a3bacb104e601c50c1fcd0.jpg,5,59,131,7729,6208,1521.0,0.2344018667936325,0.903175950050354,0.18416644632816315,0.06174153462052345,0.7190095037221909,0.26015505194664,0,Shallow
pic-4-_jpg.rf.4db592c400a3bacb104e601c50c1fcd0.jpg,6,42,118,4956,3081,1875.0,0.03386598825454712,0.07435113936662674,0.007146643940359354,0.017626283690333366,0.06720449542626739,0.06115831062197685,1,Moderate
pic-4-_jpg.rf.4db592c400a3bacb104e601c50c1fcd0.jpg,7,38,74,2812,1871,941.0,0.17400938272476196,0.19879454374313354,0.1522374451160431,0.011887452565133572,0.046557098627090454,0.1909145712852478,1,Moderate
pic-4-_jpg.rf.d3357165b543f6d3e0f729dfa3373855.jpg,0,369,411,151659,118544,33115.0,0.7239561080932617,0.9454032182693481,0.40077632665634155,0.14242300391197205,0.5446268916130066,0.8884148597717285,2,Deep
pic-4-_jpg.rf.d3357165b543f6d3e0f729dfa3373855.jpg,1,58,94,5452,3808,1644.0,0.47063368558883667,0.5086663961410522,0.4314762055873871,0.019155064597725868,0.07719019055366516,0.4967011511325836,1,Moderate
pic-4-_jpg.rf.d3357165b543f6d3e0f729dfa3373855.jpg,2,60,91,5460,3895,1565.0,0.3557674288749695,0.39851775765419006,0.31417226791381836,0.021279677748680115,0.0843454897403717,0.38546285033226013,1,Moderate
pic-4-_jpg.rf.d3357165b543f6d3e0f729dfa3373855.jpg,3,55,82,4510,3280,1230.0,0.1978781670331955,0.24268409609794617,0.1611567884683609,0.020223118364810944,0.08152730762958527,0.2263115793466568,1,Moderate
pic-4-_jpg.rf.d3357165b543f6d3e0f729dfa3373855.jpg,4,26,44,1144,845,299.0,0.2769874036312103,0.29531800746917725,0.25903359055519104,0.009090862236917019,0.036284416913986206,0.28936097025871277,1,Moderate
pic-4-_jpg.rf.d3357165b543f6d3e0f729dfa3373855.jpg,5,54,119,6426,5136,1290.0,0.2874784767627716,0.8533955812454224,0.2396242767572403,0.05529506877064705,0.6137713044881821,0.3102265000343323,0,Shallow
pic-4-_jpg.rf.d3357165b543f6d3e0f729dfa3373855.jpg,6,57,110,6270,3686,2584.0,0.1003473773598671,0.14637064933776855,0.060715947300195694,0.020497893914580345,0.08565470203757286,0.1310388743877411,1,Moderate
pic-4-_jpg.rf.d3357165b543f6d3e0f729dfa3373855.jpg,7,33,68,2244,1540,704.0,0.2503701448440552,0.2745060324668884,0.2294899970293045,0.011545924469828606,0.04501603543758392,0.26668909192085266,1,Moderate
pic-4-_jpg.rf.f52085b2d1744eeb56ed5a4b8ba0fb0f.jpg,0,351,438,153738,115288,38450.0,0.7387461066246033,0.9991053342819214,0.4123575687408447,0.15105712413787842,0.5867477655410767,0.9156529307365417,2,Deep
pic-4-_jpg.rf.f52085b2d1744eeb56ed5a4b8ba0fb0f.jpg,1,50,98,4900,3930,970.0,0.4652249813079834,0.5030438303947449,0.425603449344635,0.020044924691319466,0.07744038105010986,0.49254268407821655,1,Moderate
pic-4-_jpg.rf.f52085b2d1744eeb56ed5a4b8ba0fb0f.jpg,2,57,95,5415,4003,1412.0,0.34835538268089294,0.3944816291332245,0.3071785569190979,0.02176501601934433,0.08730307221412659,0.3792896568775177,1,Moderate
pic-4-_jpg.rf.f52085b2d1744eeb56ed5a4b8ba0fb0f.jpg,3,53,85,4505,3396,1109.0,0.18893130123615265,0.23555178940296173,0.15021146833896637,0.020662007853388786,0.08534032106399536,0.21784445643424988,1,Moderate
pic-4-_jpg.rf.f52085b2d1744eeb56ed5a4b8ba0fb0f.jpg,4,24,45,1080,878,202.0,0.26507219672203064,0.28315863013267517,0.24656914174556732,0.009509959258139133,0.03658948838710785,0.27798083424568176,1,Moderate
pic-4-_jpg.rf.f52085b2d1744eeb56ed5a4b8ba0fb0f.jpg,5,59,118,6962,5223,1739.0,0.2853783369064331,0.9164629578590393,0.23736433684825897,0.044532034546136856,0.6790986210107803,0.31575849652290344,0,Shallow
pic-4-_jpg.rf.f52085b2d1744eeb56ed5a4b8ba0fb0f.jpg,6,65,110,7150,3803,3347.0,0.09041056036949158,0.13688114285469055,0.047684285789728165,0.021322021260857582,0.08919685706496239,0.122433602809906,1,Moderate
pic-4-_jpg.rf.f52085b2d1744eeb56ed5a4b8ba0fb0f.jpg,7,30,71,2130,1625,505.0,0.23278355598449707,0.256755530834198,0.2119239866733551,0.011446557939052582,0.044831544160842896,0.24899952113628387,1,Moderate
pic-40-_jpg.rf.0b69a3e42d0f31491655adaa801c3160.jpg,0,361,351,126711,79422,47289.0,0.3556292951107025,0.6727878451347351,0.16063332557678223,0.12362543493509293,0.5121545195579529,0.531639575958252,0,Shallow
pic-40-_jpg.rf.0b69a3e42d0f31491655adaa801c3160.jpg,1,70,123,8610,6345,2265.0,0.43558013439178467,0.4814113676548004,0.4075438976287842,0.01850677654147148,0.07386747002601624,0.46298715472221375,1,Moderate
pic-40-_jpg.rf.7047af1ffe9d3d01ef41591660a7bd37.jpg,0,380,393,149340,92658,56682.0,0.31592077016830444,0.716050922870636,0.08358576148748398,0.14376167953014374,0.632465161383152,0.5147437453269958,2,Deep
pic-40-_jpg.rf.7047af1ffe9d3d01ef41591660a7bd37.jpg,1,77,132,10164,7407,2757.0,0.455041766166687,0.49534550309181213,0.4207514226436615,0.01877630315721035,0.07459408044815063,0.4820235073566437,1,Moderate
pic-40-_jpg.rf.c8d57f2324c265fbe81623987f86e3d8.jpg,0,386,335,129310,86311,42999.0,0.35527628660202026,0.7378244400024414,0.118226557970047,0.14896683394908905,0.6195978820323944,0.563252866268158,2,Deep
pic-40-_jpg.rf.c8d57f2324c265fbe81623987f86e3d8.jpg,1,75,128,9600,6900,2700.0,0.5303741097450256,0.5767255425453186,0.49025341868400574,0.022092998027801514,0.08647212386131287,0.5630220770835876,0,Shallow
pic-41-_jpg.rf.4d2787d8d27bef19c2759899a13581ad.jpg,0,260,383,99580,56035,43545.0,0.4385276138782501,0.650257408618927,0.29181769490242004,0.09071927517652512,0.35843971371650696,0.5644451379776001,0,Shallow
pic-41-_jpg.rf.4d2787d8d27bef19c2759899a13581ad.jpg,1,73,144,10512,8043,2469.0,0.16630612313747406,0.23720231652259827,0.1254100501537323,0.02483099140226841,0.11179226636886597,0.20243096351623535,1,Moderate
pic-41-_jpg.rf.5e808c2edeb8c3db416e41b5cf956575.jpg,0,239,399,95361,55760,39601.0,0.49413278698921204,0.7007002830505371,0.34811484813690186,0.08299985527992249,0.35258543491363525,0.6085852980613708,0,Shallow
pic-41-_jpg.rf.5e808c2edeb8c3db416e41b5cf956575.jpg,1,68,145,9860,7945,1915.0,0.24584785103797913,0.32073619961738586,0.19908565282821655,0.026143426075577736,0.12165054678916931,0.28397974371910095,1,Moderate
pic-41-_jpg.rf.74ff92157ffacab71cc6f120cb5663a6.jpg,0,206,379,78074,48281,29793.0,0.4596150815486908,0.6516785025596619,0.35091647505760193,0.06752479821443558,0.30076202750205994,0.550830066204071,0,Shallow
pic-41-_jpg.rf.74ff92157ffacab71cc6f120cb5663a6.jpg,1,61,135,8235,6853,1382.0,0.2570509910583496,0.3148655295372009,0.22159823775291443,0.019418787211179733,0.0932672917842865,0.28316327929496765,1,Moderate
pic-43-_jpg.rf.1e8c9b6d903b795ead837d1334fbe4ff.jpg,0,318,588,186984,146474,40510.0,0.7181040048599243,0.9942721128463745,0.39639559388160706,0.15510103106498718,0.5978765189647675,0.925260603427887,2,Deep
pic-43-_jpg.rf.dbbb1c368f5ada95ebf45d45838b1bd7.jpg,0,293,629,184297,141904,42393.0,0.666731595993042,0.9747874140739441,0.35561683773994446,0.1501763015985489,0.6191705763339996,0.8651645183563232,2,Deep
pic-43-_jpg.rf.dfa9d788bc69cea17fc9c3308d1668a7.jpg,0,275,590,162250,120187,42063.0,0.7334480881690979,0.9815787672996521,0.4539283514022827,0.12974996864795685,0.5276504158973694,0.9086575508117676,2,Deep
pic-44-_jpg.rf.7bb3eef4deaf2aa9c2fb506c168e3f77.jpg,0,250,200,50000,32148,17852.0,0.40157341957092285,0.6290271878242493,0.29367005825042725,0.07286012172698975,0.335357129573822,0.5097901821136475,0,Shallow
pic-44-_jpg.rf.7bb3eef4deaf2aa9c2fb506c168e3f77.jpg,1,164,189,30996,20388,10608.0,0.20731493830680847,0.33697986602783203,0.06368666887283325,0.060991741716861725,0.2732931971549988,0.28645026683807373,1,Moderate
pic-44-_jpg.rf.a71dc55407736290b223f5ac71e8f714.jpg,0,219,202,44238,28569,15669.0,0.4095644950866699,0.5839753150939941,0.32514044642448425,0.059974510222673416,0.2588348686695099,0.4971815347671509,0,Shallow
pic-44-_jpg.rf.a71dc55407736290b223f5ac71e8f714.jpg,1,168,164,27552,18173,9379.0,0.20792508125305176,0.3150186240673065,0.08474113792181015,0.056818827986717224,0.23027748614549637,0.28330734372138977,1,Moderate
pic-44-_jpg.rf.c7dd071d0249ce1a01f71938c20eec2e.jpg,0,219,216,47304,30227,17077.0,0.4314262270927429,0.6438729763031006,0.3452189564704895,0.06571877002716064,0.2986540198326111,0.5245453715324402,0,Shallow
pic-44-_jpg.rf.c7dd071d0249ce1a01f71938c20eec2e.jpg,1,166,160,26560,18595,7965.0,0.2801266014575958,0.38590207695961,0.18223616480827332,0.04767119884490967,0.20366591215133667,0.34450066089630127,1,Moderate
pic-46-_jpg.rf.b885bd57535b8adc199e02edae6a24e9.jpg,0,201,216,43416,28052,15364.0,0.46952855587005615,0.6301954984664917,0.3356696665287018,0.06462716311216354,0.2945258319377899,0.5558717846870422,0,Shallow
pic-46-_jpg.rf.c5a8cb20f04ee8a90e2295b8e74a9dd1.jpg,0,192,206,39552,25473,14079.0,0.4675457775592804,0.629875123500824,0.3405317962169647,0.06295544654130936,0.28934332728385925,0.554505467414856,0,Shallow
pic-46-_jpg.rf.ce935f81e259f69e3b8930f080141ac5.jpg,0,186,203,37758,24314,13444.0,0.4355638325214386,0.5900430083274841,0.3222445845603943,0.05950486287474632,0.26779842376708984,0.5163600444793701,0,Shallow
pic-47-_jpg.rf.07110750200ea396e69160ea5e20ce7c.jpg,0,247,293,72371,51316,21055.0,0.5942729711532593,0.8139432668685913,0.4247281551361084,0.09351345151662827,0.3892151117324829,0.7253679037094116,0,Shallow
pic-47-_jpg.rf.07110750200ea396e69160ea5e20ce7c.jpg,1,24,64,1536,1212,324.0,0.12179366499185562,0.14248329401016235,0.09858612716197968,0.011387242935597897,0.04389716684818268,0.13674665987491608,1,Moderate
pic-47-_jpg.rf.b5c407806790722e3104e1521d054f67.jpg,0,253,303,76659,54019,22640.0,0.6092739105224609,0.8350850343704224,0.4147140681743622,0.1015477329492569,0.4203709661960602,0.752681314945221,0,Shallow
pic-47-_jpg.rf.b5c407806790722e3104e1521d054f67.jpg,1,25,67,1675,1284,391.0,0.10188671201467514,0.12491360306739807,0.0768619179725647,0.012188286520540714,0.048051685094833374,0.11822251975536346,1,Moderate
pic-47-_jpg.rf.e7a3996bac750b9ba88cc570c1aad418.jpg,0,276,317,87492,63363,24129.0,0.6079802513122559,0.8373827934265137,0.4104706048965454,0.10084991157054901,0.42691218852996826,0.7471462488174438,0,Shallow
pic-47-_jpg.rf.e7a3996bac750b9ba88cc570c1aad418.jpg,1,27,71,1917,1512,405.0,0.09857042133808136,0.11955276131629944,0.07596025615930557,0.010901657864451408,0.043592505156993866,0.11356387287378311,1,Moderate
pic-48-_jpg.rf.5f35e42f4f2abf32c388f70cd219d8cb.jpg,0,96,236,22656,13986,8670.0,0.5303533673286438,0.6312927007675171,0.454210102558136,0.04041425883769989,0.1770825982093811,0.5855280160903931,0,Shallow
pic-48-_jpg.rf.5f35e42f4f2abf32c388f70cd219d8cb.jpg,1,19,43,817,690,127.0,0.3212921619415283,0.3389723598957062,0.30516350269317627,0.008556085638701916,0.03380885720252991,0.33297300338745117,1,Moderate
pic-48-_jpg.rf.5f35e42f4f2abf32c388f70cd219d8cb.jpg,2,12,30,360,310,50.0,0.24205105006694794,0.2522425949573517,0.2304454743862152,0.005634146276861429,0.021797120571136475,0.2500220537185669,1,Moderate
pic-48-_jpg.rf.68853a3577e0a03df1d073ae0713d353.jpg,0,103,259,26677,16819,9858.0,0.5618411898612976,0.6734967827796936,0.4809836149215698,0.04378776252269745,0.19251316785812378,0.6226112842559814,0,Shallow
pic-48-_jpg.rf.68853a3577e0a03df1d073ae0713d353.jpg,1,21,48,1008,824,184.0,0.3349093198776245,0.3535125255584717,0.31739452481269836,0.00891770701855421,0.036118000745773315,0.34684163331985474,1,Moderate
pic-48-_jpg.rf.68853a3577e0a03df1d073ae0713d353.jpg,2,13,33,429,371,58.0,0.25002139806747437,0.2610214352607727,0.237436905503273,0.005982259754091501,0.023584529757499695,0.2579115331172943,1,Moderate
pic-48-_jpg.rf.88ad29d468c207f23e22f16b5129a5fe.jpg,0,145,247,35815,17227,18588.0,0.5710804462432861,0.6841299533843994,0.48162949085235596,0.04716057330369949,0.20250046253204346,0.6359003782272339,0,Shallow
pic-48-_jpg.rf.88ad29d468c207f23e22f16b5129a5fe.jpg,1,27,49,1323,853,470.0,0.3269317150115967,0.3470394015312195,0.30727705359458923,0.00939506571739912,0.03976234793663025,0.339821994304657,1,Moderate
pic-48-_jpg.rf.88ad29d468c207f23e22f16b5129a5fe.jpg,2,19,33,627,391,236.0,0.24022243916988373,0.25218719244003296,0.226525217294693,0.0064259665086865425,0.025661975145339966,0.24894094467163086,1,Moderate
pic-49-_jpg.rf.7566ef76e82dccc357ff1691393cdff8.jpg,0,390,446,173940,107202,66738.0,0.698997437953949,0.9713538885116577,0.3081882894039154,0.19181837141513824,0.6631655991077423,0.9267810583114624,2,Deep
pic-49-_jpg.rf.7566ef76e82dccc357ff1691393cdff8.jpg,1,50,54,2700,2105,595.0,0.45283958315849304,0.49907469749450684,0.4137411117553711,0.0219254270195961,0.08533358573913574,0.4839208722114563,1,Moderate
pic-49-_jpg.rf.a2d3901d28aa5d5a7040913eaffb5011.jpg,0,388,461,178868,108921,69947.0,0.7036430239677429,0.9929620027542114,0.2925596833229065,0.20389099419116974,0.7004023194313049,0.9438804388046265,2,Deep
pic-49-_jpg.rf.a2d3901d28aa5d5a7040913eaffb5011.jpg,1,50,37,1850,1394,456.0,0.4802871346473694,0.714097797870636,0.4146484434604645,0.07289794087409973,0.2994493544101715,0.5977320075035095,0,Shallow
pic-49-_jpg.rf.ea29a2566cbd0e48094adae5b4cf7087.jpg,0,404,424,171296,108655,62641.0,0.7196701169013977,0.9938344955444336,0.308503121137619,0.19419680535793304,0.6853313744068146,0.9380497932434082,2,Deep
pic-49-_jpg.rf.ea29a2566cbd0e48094adae5b4cf7087.jpg,1,54,48,2592,2046,546.0,0.4890250563621521,0.5413524508476257,0.44104522466659546,0.025793535634875298,0.10030722618103027,0.5246133208274841,1,Moderate
pic-5-_jpg.rf.5fbe76ea8a76e35b41970ccb6f5e4730.jpg,0,116,319,37004,23719,13285.0,0.6771661043167114,0.7453534603118896,0.5990669131278992,0.03815372660756111,0.14628654718399048,0.7286338210105896,0,Shallow
pic-5-_jpg.rf.5fbe76ea8a76e35b41970ccb6f5e4730.jpg,1,42,162,6804,2918,3886.0,0.43182000517845154,0.47031840682029724,0.40910860896110535,0.01435987837612629,0.061209797859191895,0.4545914828777313,1,Moderate
pic-5-_jpg.rf.5fbe76ea8a76e35b41970ccb6f5e4730.jpg,2,48,118,5664,2370,3294.0,0.47815293073654175,0.5020175576210022,0.4548884928226471,0.010698323138058186,0.0471290647983551,0.49225473403930664,1,Moderate
pic-5-_jpg.rf.5fbe76ea8a76e35b41970ccb6f5e4730.jpg,3,66,177,11682,5552,6130.0,0.2985866367816925,0.32951709628105164,0.2689357101917267,0.0134838642552495,0.06058138608932495,0.3174952566623688,1,Moderate
pic-5-_jpg.rf.5fbe76ea8a76e35b41970ccb6f5e4730.jpg,4,29,66,1914,1099,815.0,0.20123405754566193,0.22141242027282715,0.1858956217765808,0.008163967169821262,0.03551679849624634,0.21278789639472961,1,Moderate
pic-5-_jpg.rf.ead443dd9f37ce2e29069e9049d804e7.jpg,0,91,306,27846,21447,6399.0,0.6774508357048035,0.7517188191413879,0.6059143543243408,0.033333636820316315,0.14580446481704712,0.7222874164581299,0,Shallow
pic-5-_jpg.rf.ead443dd9f37ce2e29069e9049d804e7.jpg,1,22,157,3454,2719,735.0,0.3965986669063568,0.4146852493286133,0.3799045979976654,0.007876795716583729,0.034780651330947876,0.4069922864437103,1,Moderate
pic-5-_jpg.rf.ead443dd9f37ce2e29069e9049d804e7.jpg,2,32,117,3744,2164,1580.0,0.46573540568351746,0.48957550525665283,0.43983638286590576,0.011219389736652374,0.04973912239074707,0.4800835847854614,1,Moderate
pic-5-_jpg.rf.ead443dd9f37ce2e29069e9049d804e7.jpg,3,47,175,8225,5079,3146.0,0.26098325848579407,0.29209181666374207,0.23145240545272827,0.013772550970315933,0.060639411211013794,0.2802949845790863,1,Moderate
pic-5-_jpg.rf.ead443dd9f37ce2e29069e9049d804e7.jpg,4,24,64,1536,984,552.0,0.16432255506515503,0.18205669522285461,0.15187975764274597,0.006986711174249649,0.030176937580108643,0.17412209510803223,1,Moderate
pic-5-_jpg.rf.f3d79095cd22dd76dc99c447f82e50d0.jpg,0,99,334,33066,25670,7396.0,0.7366712689399719,0.8229178190231323,0.646103024482727,0.03944806754589081,0.17681479454040527,0.7870544791221619,0,Shallow
pic-5-_jpg.rf.f3d79095cd22dd76dc99c447f82e50d0.jpg,1,28,172,4816,3195,1621.0,0.38990285992622375,0.40950101613998413,0.36956217885017395,0.00945671834051609,0.03993883728981018,0.40242668986320496,1,Moderate
pic-5-_jpg.rf.f3d79095cd22dd76dc99c447f82e50d0.jpg,2,32,129,4128,2553,1575.0,0.48268580436706543,0.5136160850524902,0.4514911472797394,0.01439906470477581,0.062124937772750854,0.501437246799469,1,Moderate
pic-5-_jpg.rf.f3d79095cd22dd76dc99c447f82e50d0.jpg,3,47,192,9024,5987,3037.0,0.23593856394290924,0.27351993322372437,0.19918617606163025,0.016585253179073334,0.07433375716209412,0.2596862316131592,1,Moderate
pic-5-_jpg.rf.f3d79095cd22dd76dc99c447f82e50d0.jpg,4,28,70,1960,1208,752.0,0.12163249403238297,0.14280669391155243,0.10685689002275467,0.008180751465260983,0.03594980388879776,0.13283979892730713,1,Moderate
pic-51-_jpg.rf.38b94f88de5e174741f7f535773d0c40.jpg,0,311,319,99209,65312,33897.0,0.6001211404800415,0.9477940201759338,0.3900742828845978,0.12969918549060822,0.5577197372913361,0.7892683148384094,0,Shallow
pic-51-_jpg.rf.38b94f88de5e174741f7f535773d0c40.jpg,1,84,141,11844,8826,3018.0,0.2278030514717102,0.29720377922058105,0.17643801867961884,0.026593653485178947,0.12076576054096222,0.2674368619918823,1,Moderate
pic-51-_jpg.rf.38b94f88de5e174741f7f535773d0c40.jpg,2,26,53,1378,939,439.0,0.171977698802948,0.19219981133937836,0.1529783010482788,0.009821956977248192,0.03922151029109955,0.18566279113292694,1,Moderate
pic-51-_jpg.rf.38b94f88de5e174741f7f535773d0c40.jpg,3,19,48,912,603,309.0,0.21008792519569397,0.2235531359910965,0.1966392546892166,0.006556742358952761,0.026913881301879883,0.21877720952033997,1,Moderate
pic-51-_jpg.rf.bc4a2c2beca4c0a398dbc10fc7efc934.jpg,0,300,343,102900,69040,33860.0,0.7201865911483765,0.9817541837692261,0.48362934589385986,0.13698947429656982,0.4981248378753662,0.9232103228569031,0,Shallow
pic-51-_jpg.rf.bc4a2c2beca4c0a398dbc10fc7efc934.jpg,1,93,154,14322,10455,3867.0,0.2766256332397461,0.36949265003204346,0.2161576747894287,0.03271589055657387,0.15333497524261475,0.32800814509391785,1,Moderate
pic-51-_jpg.rf.bc4a2c2beca4c0a398dbc10fc7efc934.jpg,2,30,58,1740,1124,616.0,0.2122425138950348,0.23620855808258057,0.18954899907112122,0.011676155030727386,0.04665955901145935,0.2285999208688736,1,Moderate
pic-51-_jpg.rf.bc4a2c2beca4c0a398dbc10fc7efc934.jpg,3,21,52,1092,713,379.0,0.25938937067985535,0.27648913860321045,0.24162116646766663,0.008751214481890202,0.03486797213554382,0.2709898352622986,1,Moderate
pic-51-_jpg.rf.f708e8dd61e5d6c7f0417a6e7befa47d.jpg,0,310,327,101370,65686,35684.0,0.7115514278411865,0.9845215082168579,0.4676625430583954,0.14623217284679413,0.5168589651584625,0.9255485534667969,0,Shallow
pic-51-_jpg.rf.f708e8dd61e5d6c7f0417a6e7befa47d.jpg,1,83,138,11454,8488,2966.0,0.2794726490974426,0.36432069540023804,0.22628580033779144,0.029678210616111755,0.1380348950624466,0.3263794779777527,1,Moderate
pic-51-_jpg.rf.f708e8dd61e5d6c7f0417a6e7befa47d.jpg,2,24,53,1272,929,343.0,0.21638166904449463,0.23860858380794525,0.19699160754680634,0.010666423477232456,0.041616976261138916,0.2313707172870636,1,Moderate
pic-51-_jpg.rf.f708e8dd61e5d6c7f0417a6e7befa47d.jpg,3,18,47,846,601,245.0,0.25701189041137695,0.2731117606163025,0.2408093363046646,0.00792313925921917,0.03230242431163788,0.26778048276901245,1,Moderate
pic-52-_jpg.rf.d8822e3b6a7c8fe4c73543cd7d7ae9cd.jpg,0,248,376,93248,63254,29994.0,0.6091128587722778,0.8149000406265259,0.3815643787384033,0.11024518311023712,0.43333566188812256,0.758219838142395,0,Shallow
pic-52-_jpg.rf.def4f32d6ba09bcb7a22b8a34a7c8115.jpg,0,197,357,70329,54270,16059.0,0.4352076053619385,0.5985597968101501,0.2723810374736786,0.08500692993402481,0.32617875933647156,0.5533501505851746,0,Shallow
pic-52-_jpg.rf.f05e2cd157034e39c0eb9db8e7f09bb5.jpg,0,195,345,67275,51277,15998.0,0.5463926792144775,0.7503536939620972,0.345088928937912,0.10502161085605621,0.4052647650241852,0.6920799016952515,0,Shallow
pic-53-_jpg.rf.1ee5c3ca066d62d6b4aed03d3575b5ea.jpg,0,526,494,259844,163958,95886.0,0.36764830350875854,0.7966163754463196,0.07853129506111145,0.1520588994026184,0.7180850803852081,0.5917556881904602,2,Deep
pic-53-_jpg.rf.540025fd1af3f0c105d5a5f489e307da.jpg,0,564,455,256620,153771,102849.0,0.4282681345939636,0.8718422055244446,0.1319112926721573,0.15459556877613068,0.7399309128522873,0.6552389860153198,2,Deep
pic-53-_jpg.rf.7815bad4623e4bb70645806ea5a77a47.jpg,0,569,488,277672,183141,94531.0,0.4393344819545746,0.8336568474769592,0.11615288257598877,0.15709668397903442,0.7175039649009705,0.6659319996833801,2,Deep
pic-54-_jpg.rf.7cc54c3290a15bece4443e1f76a5800c.jpg,0,398,481,191438,128335,63103.0,0.6548866033554077,0.983741044998169,0.32433444261550903,0.16879554092884064,0.6594066023826599,0.8889964818954468,2,Deep
pic-54-_jpg.rf.a5904fe5b078b76264e6bf4b9a026627.jpg,0,360,425,153000,105214,47786.0,0.6019396781921387,0.8956993222236633,0.30764156579971313,0.15157045423984528,0.5880577564239502,0.8128018975257874,2,Deep
pic-54-_jpg.rf.f0c232122401c2974af21cab0c286439.jpg,0,388,464,180032,116048,63984.0,0.6312192678451538,0.9401585459709167,0.321152001619339,0.15815870463848114,0.6190065443515778,0.8506264686584473,2,Deep
pic-55-_jpg.rf.87cabcde97c75c9068793716694ef1c5.jpg,0,115,189,21735,13272,8463.0,0.6328071355819702,0.7578773498535156,0.5244073271751404,0.054670676589012146,0.23347002267837524,0.709186851978302,0,Shallow
pic-55-_jpg.rf.87cabcde97c75c9068793716694ef1c5.jpg,1,33,41,1353,1121,232.0,0.5366844534873962,0.5729430913925171,0.5038624405860901,0.01745164766907692,0.069080650806427,0.5607245564460754,1,Moderate
pic-55-_jpg.rf.ab51f5f29c2cabd3037a7f562d7c3a48.jpg,0,135,198,26730,15292,11438.0,0.5881509184837341,0.7186703085899353,0.472750723361969,0.05755698308348656,0.2459195852279663,0.6687771081924438,0,Shallow
pic-55-_jpg.rf.ab51f5f29c2cabd3037a7f562d7c3a48.jpg,1,35,43,1505,1303,202.0,0.49527743458747864,0.5323947072029114,0.46114683151245117,0.017976967617869377,0.0712478756904602,0.5200996994972229,1,Moderate
pic-55-_jpg.rf.d55ddba83fd6401d17e234092ab2a378.jpg,0,150,187,28050,15587,12463.0,0.6714305281639099,0.8133823275566101,0.5468172430992126,0.06286429613828659,0.26656508445739746,0.7591050267219543,0,Shallow
pic-55-_jpg.rf.d55ddba83fd6401d17e234092ab2a378.jpg,1,38,45,1710,1314,396.0,0.5637410283088684,0.6024599671363831,0.5291441679000854,0.018793409690260887,0.07331579923629761,0.589638352394104,0,Shallow
pic-56-_jpg.rf.18ade0de978aa6c6068402dd80642ccf.jpg,0,258,302,77916,47370,30546.0,0.4866659343242645,0.6999518275260925,0.3151850998401642,0.10727204382419586,0.38476672768592834,0.6441479921340942,0,Shallow
pic-56-_jpg.rf.41ab69bbd0dab6a5f9693448b7cf2cd1.jpg,0,248,327,81096,50367,30729.0,0.4514581859111786,0.6804000735282898,0.28904464840888977,0.10564327239990234,0.3913554251194,0.6057610511779785,0,Shallow
pic-56-_jpg.rf.8c8d4aebd0f2fb128a231b7b798bd669.jpg,0,238,329,78302,47346,30956.0,0.4705648422241211,0.6780350804328918,0.32613393664360046,0.09239279478788376,0.3519011437892914,0.6041563749313354,0,Shallow
pic-57-_jpg.rf.7d1b62f97cac4df979e6f394117d04d1.jpg,0,174,238,41412,31311,10101.0,0.6933022737503052,0.8356387615203857,0.5751229524612427,0.06694640219211578,0.26051580905914307,0.7877305746078491,0,Shallow
pic-57-_jpg.rf.7d1b62f97cac4df979e6f394117d04d1.jpg,1,153,161,24633,20448,4185.0,0.7167977690696716,0.8328683972358704,0.6036553382873535,0.05813850834965706,0.22921305894851685,0.7957866191864014,0,Shallow
pic-57-_jpg.rf.7d1b62f97cac4df979e6f394117d04d1.jpg,2,75,126,9450,7045,2405.0,0.45240840315818787,0.5156711339950562,0.3929862678050995,0.030189471319317818,0.12268486618995667,0.49380525946617126,1,Moderate
pic-57-_jpg.rf.7d1b62f97cac4df979e6f394117d04d1.jpg,3,96,116,11136,8767,2369.0,0.39366018772125244,0.4716463088989258,0.31894806027412415,0.03911511227488518,0.15269824862480164,0.4486417770385742,1,Moderate
pic-57-_jpg.rf.7d1b62f97cac4df979e6f394117d04d1.jpg,4,74,149,11026,8899,2127.0,0.2773589491844177,0.3398190140724182,0.21360500156879425,0.03092806600034237,0.12621401250362396,0.31962263584136963,1,Moderate
pic-57-_jpg.rf.7d1b62f97cac4df979e6f394117d04d1.jpg,5,71,142,10082,7598,2484.0,0.1979149878025055,0.25285929441452026,0.14743907749652863,0.02551145665347576,0.10542021691799164,0.233420729637146,1,Moderate
pic-57-_jpg.rf.7d1b62f97cac4df979e6f394117d04d1.jpg,6,65,117,7605,6355,1250.0,0.13961486518383026,0.19299808144569397,0.09049195051193237,0.025857852771878242,0.1025061309337616,0.17506356537342072,1,Moderate
pic-57-_jpg.rf.7d1b62f97cac4df979e6f394117d04d1.jpg,7,57,108,6156,4876,1280.0,0.09048417955636978,0.1295870989561081,0.05084577202796936,0.020110977813601494,0.07874132692813873,0.11833292245864868,1,Moderate
pic-57-_jpg.rf.7d1b62f97cac4df979e6f394117d04d1.jpg,8,17,102,1734,1270,464.0,0.02644406445324421,0.04115104675292969,0.0136192562058568,0.006419781129807234,0.027531790547072887,0.03536312282085419,1,Moderate
pic-57-_jpg.rf.7d1b62f97cac4df979e6f394117d04d1.jpg,9,55,112,6160,4440,1720.0,0.1517801135778427,0.19344893097877502,0.10000587999820709,0.023034652695059776,0.09344305098056793,0.18214692175388336,1,Moderate
pic-57-_jpg.rf.935c3e2cd37b84d8f63043ca26ebb402.jpg,0,176,239,42064,30440,11624.0,0.647046685218811,0.778235912322998,0.5429282784461975,0.06033070385456085,0.23530763387680054,0.7323052883148193,0,Shallow
pic-57-_jpg.rf.935c3e2cd37b84d8f63043ca26ebb402.jpg,1,152,183,27816,22212,5604.0,0.7174842357635498,0.8296410441398621,0.6135179996490479,0.055042069405317307,0.2161230444908142,0.7936450839042664,0,Shallow
pic-57-_jpg.rf.935c3e2cd37b84d8f63043ca26ebb402.jpg,2,71,123,8733,6864,1869.0,0.45551344752311707,0.5105584859848022,0.4022867679595947,0.02711614780128002,0.10827171802520752,0.4929013252258301,1,Moderate
pic-57-_jpg.rf.935c3e2cd37b84d8f63043ca26ebb402.jpg,3,90,119,10710,8471,2239.0,0.37803977727890015,0.4490823745727539,0.3162030279636383,0.03448934480547905,0.1328793466091156,0.42700091004371643,1,Moderate
pic-57-_jpg.rf.935c3e2cd37b84d8f63043ca26ebb402.jpg,4,75,144,10800,8611,2189.0,0.2490445375442505,0.302045077085495,0.19601649045944214,0.02737722545862198,0.10602858662605286,0.28693699836730957,1,Moderate
pic-57-_jpg.rf.935c3e2cd37b84d8f63043ca26ebb402.jpg,5,72,138,9936,7361,2575.0,0.20750853419303894,0.25905969738960266,0.16041940450668335,0.023648636415600777,0.09864029288291931,0.24071842432022095,1,Moderate
pic-57-_jpg.rf.935c3e2cd37b84d8f63043ca26ebb402.jpg,6,70,116,8120,6273,1847.0,0.1852603554725647,0.23235386610031128,0.14128394424915314,0.023554934188723564,0.09106992185115814,0.2176150232553482,1,Moderate
pic-57-_jpg.rf.935c3e2cd37b84d8f63043ca26ebb402.jpg,7,63,105,6615,4709,1906.0,0.12206307053565979,0.16552355885505676,0.08507674187421799,0.01925712078809738,0.08044681698083878,0.1480451375246048,1,Moderate
pic-57-_jpg.rf.935c3e2cd37b84d8f63043ca26ebb402.jpg,8,38,100,3800,2993,807.0,0.03951457887887955,0.06691129505634308,0.013385907746851444,0.013210318982601166,0.053525387309491634,0.05742603540420532,1,Moderate
pic-57-_jpg.rf.935c3e2cd37b84d8f63043ca26ebb402.jpg,9,52,109,5668,4304,1364.0,0.1319078803062439,0.17270031571388245,0.08868634700775146,0.02017485722899437,0.08401396870613098,0.15902358293533325,1,Moderate
pic-57-_jpg.rf.98eff15743815f755fd3722f3836c850.jpg,0,172,238,40936,30373,10563.0,0.6864567399024963,0.830264151096344,0.5644564032554626,0.06804230809211731,0.26580774784088135,0.7818414568901062,0,Shallow
pic-57-_jpg.rf.98eff15743815f755fd3722f3836c850.jpg,1,151,184,27784,22120,5664.0,0.7758086323738098,0.8935266137123108,0.6650674939155579,0.057790547609329224,0.22845911979675293,0.8555542826652527,0,Shallow
pic-57-_jpg.rf.98eff15743815f755fd3722f3836c850.jpg,2,72,123,8856,6817,2039.0,0.4763171672821045,0.5372298359870911,0.4162261188030243,0.030499329790472984,0.12100371718406677,0.5187269449234009,1,Moderate
pic-57-_jpg.rf.98eff15743815f755fd3722f3836c850.jpg,3,93,117,10881,8497,2384.0,0.38166293501853943,0.4612623155117035,0.3105480372905731,0.03959586098790169,0.15071427822113037,0.4377274215221405,1,Moderate
pic-57-_jpg.rf.98eff15743815f755fd3722f3836c850.jpg,4,73,146,10658,8543,2115.0,0.23090635240077972,0.28895246982574463,0.17419087886810303,0.02945885807275772,0.1147615909576416,0.271518737077713,1,Moderate
pic-57-_jpg.rf.98eff15743815f755fd3722f3836c850.jpg,5,71,139,9869,7372,2497.0,0.19161178171634674,0.24818094074726105,0.13789145648479462,0.026717394590377808,0.11028948426246643,0.2291114628314972,1,Moderate
pic-57-_jpg.rf.98eff15743815f755fd3722f3836c850.jpg,6,67,117,7839,6288,1551.0,0.1857789009809494,0.24199235439300537,0.12866713106632233,0.0288751982152462,0.11332522332668304,0.22571691870689392,1,Moderate
pic-57-_jpg.rf.98eff15743815f755fd3722f3836c850.jpg,7,58,106,6148,4704,1444.0,0.10258167237043381,0.15349069237709045,0.06097004562616348,0.02223353087902069,0.09252064675092697,0.13263826072216034,1,Moderate
pic-57-_jpg.rf.98eff15743815f755fd3722f3836c850.jpg,8,27,102,2754,2317,437.0,0.018510444089770317,0.041020408272743225,0.0,0.010510125197470188,0.041020408272743225,0.03307436779141426,1,Moderate
pic-57-_jpg.rf.98eff15743815f755fd3722f3836c850.jpg,9,53,111,5883,4276,1607.0,0.10755655914545059,0.14854013919830322,0.06693160533905029,0.02020813338458538,0.08160853385925293,0.1350693255662918,1,Moderate
pic-59-_jpg.rf.6f4e81b1ca5d29168033fa69c92c6e24.jpg,0,149,383,57067,40242,16825.0,0.41554057598114014,0.5937070250511169,0.31677767634391785,0.07534800469875336,0.2769293487071991,0.5295867323875427,0,Shallow
pic-59-_jpg.rf.d3fc5f4680f6e28784c2f686b25736bd.jpg,0,130,377,49010,38149,10861.0,0.46597275137901306,0.6255630254745483,0.38930755853652954,0.060079485177993774,0.2362554669380188,0.5563669800758362,0,Shallow
pic-59-_jpg.rf.e6834834f2f355ae4e8d55f881695099.jpg,0,133,398,52934,42418,10516.0,0.4384934604167938,0.6155121326446533,0.3491220474243164,0.07062950730323792,0.2663900852203369,0.5467589497566223,0,Shallow
pic-6-_jpg.rf.20fe5b2f0851cc97b06f4a9d68881330.jpg,0,303,640,193920,164043,29877.0,0.6251908540725708,0.9828644394874573,0.36535927653312683,0.1437772810459137,0.6175051629543304,0.8247770667076111,2,Deep
pic-6-_jpg.rf.cbd6e701a750684661efc0363bd607aa.jpg,0,274,603,165222,136100,29122.0,0.7344288229942322,0.9949846863746643,0.47124066948890686,0.1281021237373352,0.5237440168857574,0.9095697402954102,2,Deep
pic-6-_jpg.rf.dcd3fa3c9b81035067fbcb5e4998db50.jpg,0,297,611,181467,152723,28744.0,0.6780708432197571,0.9948031306266785,0.40912139415740967,0.14065441489219666,0.5856817364692688,0.8743045926094055,2,Deep
pic-62-_jpg.rf.7863aa2444a65c631e8af7c5b9ac8edb.jpg,0,257,508,130556,92973,37583.0,0.4020560681819916,0.5772011280059814,0.2940364480018616,0.07039042562246323,0.2831646800041199,0.5036819577217102,2,Deep
pic-62-_jpg.rf.d2884b15285690c8542d7391ee04de10.jpg,0,254,559,141986,106104,35882.0,0.48182278871536255,0.6249529123306274,0.40995484590530396,0.04512971267104149,0.2149980664253235,0.5513386726379395,2,Deep
pic-62-_jpg.rf.d50db2cc8bb871fd0925592de1923193.jpg,0,247,546,134862,100504,34358.0,0.4671141803264618,0.6259268522262573,0.3911360204219818,0.05988265201449394,0.2347908318042755,0.5561597347259521,2,Deep
pic-63-_jpg.rf.75d85a055ab217101c1e32000dd5826b.jpg,0,639,456,291384,138160,153224.0,0.6423980593681335,0.9922888278961182,0.04214445874094963,0.22796738147735596,0.9501443691551685,0.9146741032600403,2,Deep
pic-63-_jpg.rf.75d85a055ab217101c1e32000dd5826b.jpg,1,206,80,16480,8937,7543.0,0.453456312417984,0.6268450617790222,0.351331889629364,0.06139034405350685,0.2755131721496582,0.5418269038200378,0,Shallow
pic-63-_jpg.rf.75d85a055ab217101c1e32000dd5826b.jpg,2,59,44,2596,1467,1129.0,0.5866210460662842,0.6333250999450684,0.5472077131271362,0.02070951834321022,0.08611738681793213,0.6159395575523376,0,Shallow
pic-63-_jpg.rf.81a9ac78e24a93573acdd933a0dd3b2a.jpg,0,639,438,279882,134565,145317.0,0.6220664978027344,0.9958815574645996,0.01400444470345974,0.2347210943698883,0.9818771127611399,0.9051499366760254,2,Deep
pic-63-_jpg.rf.81a9ac78e24a93573acdd933a0dd3b2a.jpg,1,204,80,16320,8699,7621.0,0.45732492208480835,0.6288005709648132,0.3565126955509186,0.05838361009955406,0.27228787541389465,0.5337395668029785,0,Shallow
pic-63-_jpg.rf.81a9ac78e24a93573acdd933a0dd3b2a.jpg,2,62,52,3224,1635,1589.0,0.5721462965011597,0.630584716796875,0.5299764275550842,0.02297661080956459,0.10060828924179077,0.604720413684845,0,Shallow
pic-63-_jpg.rf.f4fd8956206d712c6b9964dfbfe1567e.jpg,0,628,470,295160,131139,164021.0,0.5964027643203735,0.9881279468536377,0.031016338616609573,0.229161337018013,0.9571116082370281,0.8838596343994141,2,Deep
pic-63-_jpg.rf.f4fd8956206d712c6b9964dfbfe1567e.jpg,1,184,95,17480,9120,8360.0,0.4387265741825104,0.6280713081359863,0.3411901891231537,0.06259758770465851,0.28688111901283264,0.5281876921653748,0,Shallow
pic-63-_jpg.rf.f4fd8956206d712c6b9964dfbfe1567e.jpg,2,72,56,4032,1901,2131.0,0.5596341490745544,0.6110156178474426,0.5091684460639954,0.026164885610342026,0.10184717178344727,0.5962033271789551,0,Shallow
pic-64-_jpg.rf.2c59f391b25c97761914413f17802e9d.jpg,0,82,160,13120,8822,4298.0,0.4717433452606201,0.5341119170188904,0.41235557198524475,0.029973547905683517,0.12175634503364563,0.5116380453109741,1,Moderate
pic-64-_jpg.rf.2c59f391b25c97761914413f17802e9d.jpg,1,65,145,9425,6657,2768.0,0.38323938846588135,0.4257851243019104,0.3307083547115326,0.022345345467329025,0.09507676959037781,0.41341033577919006,1,Moderate
pic-64-_jpg.rf.2c59f391b25c97761914413f17802e9d.jpg,2,136,169,22984,11738,11246.0,0.28190746903419495,0.385713666677475,0.1770402491092682,0.055961888283491135,0.2086734175682068,0.35724806785583496,1,Moderate
pic-64-_jpg.rf.2c59f391b25c97761914413f17802e9d.jpg,3,160,278,44480,28250,16230.0,0.7674760818481445,0.9385340809822083,0.6334129571914673,0.05298789218068123,0.30512112379074097,0.8365390300750732,0,Shallow
pic-64-_jpg.rf.2c59f391b25c97761914413f17802e9d.jpg,4,86,192,16512,9212,7300.0,0.4345209002494812,0.4895123541355133,0.35909053683280945,0.031775686889886856,0.13042181730270386,0.474060982465744,1,Moderate
pic-64-_jpg.rf.2c59f391b25c97761914413f17802e9d.jpg,5,27,50,1350,1138,212.0,0.3171684443950653,0.338903546333313,0.2981753349304199,0.01049529667943716,0.040728211402893066,0.3317302465438843,1,Moderate
pic-64-_jpg.rf.5a0e8d02278b5430fa7bd514f437f041.jpg,0,85,173,14705,10118,4587.0,0.5161344408988953,0.5890151858329773,0.44855380058288574,0.03437381610274315,0.14046138525009155,0.5626178979873657,0,Shallow
pic-64-_jpg.rf.5a0e8d02278b5430fa7bd514f437f041.jpg,1,67,156,10452,7688,2764.0,0.4169500470161438,0.4652897119522095,0.35955923795700073,0.02504849247634411,0.10573047399520874,0.45073381066322327,1,Moderate
pic-64-_jpg.rf.5a0e8d02278b5430fa7bd514f437f041.jpg,2,148,180,26640,13627,13013.0,0.30511748790740967,0.4196874499320984,0.18907541036605835,0.061480067670345306,0.23061203956604004,0.38774430751800537,1,Moderate
pic-64-_jpg.rf.5a0e8d02278b5430fa7bd514f437f041.jpg,3,163,261,42543,28074,14469.0,0.8468618988990784,0.9510921239852905,0.6918485760688782,0.06035875529050827,0.25924354791641235,0.923768937587738,0,Shallow
pic-64-_jpg.rf.5a0e8d02278b5430fa7bd514f437f041.jpg,4,94,206,19364,10638,8726.0,0.47153589129447937,0.5325254201889038,0.3891659677028656,0.0348859578371048,0.1433594524860382,0.5149753093719482,1,Moderate
pic-64-_jpg.rf.5a0e8d02278b5430fa7bd514f437f041.jpg,5,29,55,1595,1298,297.0,0.3437469005584717,0.36775586009025574,0.3234999477863312,0.011250091716647148,0.04425591230392456,0.3599991500377655,1,Moderate
pic-64-_jpg.rf.9d88ef6a6cc16ef8eec9b1688a9d598e.jpg,0,78,155,12090,8319,3771.0,0.5404210686683655,0.6117722392082214,0.4727921187877655,0.034163717180490494,0.13898012042045593,0.5862827301025391,0,Shallow
pic-64-_jpg.rf.9d88ef6a6cc16ef8eec9b1688a9d598e.jpg,1,62,140,8680,6318,2362.0,0.44084787368774414,0.49006661772727966,0.38083553314208984,0.025809407234191895,0.10923108458518982,0.47557079792022705,1,Moderate
pic-64-_jpg.rf.9d88ef6a6cc16ef8eec9b1688a9d598e.jpg,2,133,164,21812,11099,10713.0,0.3271162807941437,0.4429638981819153,0.2092421054840088,0.06236619874835014,0.2337217926979065,0.41132187843322754,1,Moderate
pic-64-_jpg.rf.9d88ef6a6cc16ef8eec9b1688a9d598e.jpg,3,155,274,42470,26848,15622.0,0.8803602457046509,0.9906879663467407,0.7233171463012695,0.06179700046777725,0.2673708200454712,0.9621283411979675,0,Shallow
pic-64-_jpg.rf.9d88ef6a6cc16ef8eec9b1688a9d598e.jpg,4,84,187,15708,8754,6954.0,0.4995425045490265,0.5592837333679199,0.41528069972991943,0.035647861659526825,0.1440030336380005,0.5438975095748901,1,Moderate
pic-64-_jpg.rf.9d88ef6a6cc16ef8eec9b1688a9d598e.jpg,5,27,49,1323,1094,229.0,0.3665458559989929,0.39241406321525574,0.3456445336341858,0.011924924328923225,0.046769529581069946,0.3832460343837738,1,Moderate
pic-65-_jpg.rf.7fa7e133ba0c2210d5075b0795e6815d.jpg,0,336,636,213696,184916,28780.0,0.668313205242157,0.994594395160675,0.35627150535583496,0.17557783424854279,0.6383228898048401,0.9017878174781799,2,Deep
pic-65-_jpg.rf.be4b7862a50c7fd0105a6a47ea0f48b9.jpg,0,298,622,185356,156300,29056.0,0.6366478204727173,0.9294501543045044,0.3454166650772095,0.16009491682052612,0.5840334892272949,0.857629656791687,2,Deep
pic-65-_jpg.rf.e602ed35d690902722b26561dd3f9684.jpg,0,299,630,188370,163718,24652.0,0.669748842716217,0.9666623473167419,0.39128756523132324,0.15347276628017426,0.5753747820854187,0.8716029524803162,2,Deep
pic-66-_jpg.rf.2025b0c631dbf0d3277e7d8f95bbf6e8.jpg,0,85,179,15215,6461,8754.0,0.498756468296051,0.5525305271148682,0.44358378648757935,0.027211196720600128,0.10894674062728882,0.5361068248748779,1,Moderate
pic-66-_jpg.rf.2025b0c631dbf0d3277e7d8f95bbf6e8.jpg,1,61,119,7259,5053,2206.0,0.6878077387809753,0.7318228483200073,0.6428457498550415,0.02167518250644207,0.08897709846496582,0.7175335884094238,0,Shallow
pic-66-_jpg.rf.2025b0c631dbf0d3277e7d8f95bbf6e8.jpg,2,61,107,6527,4555,1972.0,0.5652645230293274,0.6128506064414978,0.5128681063652039,0.024669330567121506,0.09998250007629395,0.5988126993179321,0,Shallow
pic-66-_jpg.rf.2025b0c631dbf0d3277e7d8f95bbf6e8.jpg,3,68,126,8568,4060,4508.0,0.49321964383125305,0.539913535118103,0.4460192620754242,0.02324862591922283,0.09389427304267883,0.5244612693786621,1,Moderate
pic-66-_jpg.rf.2025b0c631dbf0d3277e7d8f95bbf6e8.jpg,4,51,104,5304,2597,2707.0,0.3677283823490143,0.3992272615432739,0.340352863073349,0.014703495427966118,0.05887439846992493,0.3882209360599518,1,Moderate
pic-66-_jpg.rf.2d3138a80a414a75ab0117408153227b.jpg,0,59,183,10797,6184,4613.0,0.5292798280715942,0.5812363624572754,0.4792490303516388,0.02521747723221779,0.1019873321056366,0.5643384456634521,0,Shallow
pic-66-_jpg.rf.2d3138a80a414a75ab0117408153227b.jpg,1,52,115,5980,4858,1122.0,0.7186165452003479,0.764292299747467,0.6744775176048279,0.022793496027588844,0.08981478214263916,0.7503730058670044,0,Shallow
pic-66-_jpg.rf.2d3138a80a414a75ab0117408153227b.jpg,2,58,101,5858,4312,1546.0,0.6051973104476929,0.6546428799629211,0.5525543093681335,0.025412429124116898,0.1020885705947876,0.6401717066764832,0,Shallow
pic-66-_jpg.rf.2d3138a80a414a75ab0117408153227b.jpg,3,56,129,7224,3928,3296.0,0.5360202193260193,0.5833449363708496,0.48833167552948,0.023303799331188202,0.09501326084136963,0.567160964012146,0,Shallow
pic-66-_jpg.rf.2d3138a80a414a75ab0117408153227b.jpg,4,34,105,3570,2481,1089.0,0.40575897693634033,0.4366376996040344,0.3795716166496277,0.014267844147980213,0.05706608295440674,0.4255625307559967,1,Moderate
pic-66-_jpg.rf.ad992ba43ecdd6892307c96e01da1afa.jpg,0,88,188,16544,7186,9358.0,0.5010220408439636,0.5516598224639893,0.44874662160873413,0.025177733972668648,0.10291320085525513,0.5358844995498657,1,Moderate
pic-66-_jpg.rf.ad992ba43ecdd6892307c96e01da1afa.jpg,1,64,126,8064,5676,2388.0,0.6862924098968506,0.7295274138450623,0.6426054835319519,0.021609876304864883,0.08692193031311035,0.7163530588150024,0,Shallow
pic-66-_jpg.rf.ad992ba43ecdd6892307c96e01da1afa.jpg,2,65,113,7345,5102,2243.0,0.5714186429977417,0.6185252666473389,0.5201283097267151,0.024281147867441177,0.09839695692062378,0.6045487523078918,0,Shallow
pic-66-_jpg.rf.ad992ba43ecdd6892307c96e01da1afa.jpg,3,71,132,9372,4605,4767.0,0.49938809871673584,0.545418381690979,0.4507156312465668,0.023678693920373917,0.09470275044441223,0.5305263996124268,1,Moderate
pic-66-_jpg.rf.ad992ba43ecdd6892307c96e01da1afa.jpg,4,51,109,5559,2871,2688.0,0.3743152320384979,0.4061029553413391,0.3470335304737091,0.014509937725961208,0.059069424867630005,0.3943355083465576,1,Moderate
pic-68-_jpg.rf.20cbf511ac305a699cd432846cbb264f.jpg,0,359,504,180936,118123,62813.0,0.31511783599853516,0.6231154203414917,0.16233950853347778,0.11233410984277725,0.4607759118080139,0.49007099866867065,2,Deep
pic-68-_jpg.rf.23e729ce0e5380e419377888f247b0ec.jpg,0,335,484,162140,106252,55888.0,0.1682809442281723,0.321494996547699,0.0906900092959404,0.051554664969444275,0.23080498725175858,0.24582232534885406,2,Deep
pic-68-_jpg.rf.6d010af44edfa998adc338038f167ac6.jpg,0,304,470,142880,97752,45128.0,0.3980652689933777,0.6961561441421509,0.25258058309555054,0.09651430696249008,0.44357556104660034,0.5441330671310425,2,Deep
pic-7-_jpg.rf.65c5742cced68822528a322492f2652d.jpg,0,124,284,35216,15967,19249.0,0.8185832500457764,0.8968222141265869,0.6819440126419067,0.05150069668889046,0.21487820148468018,0.8759366273880005,0,Shallow
pic-7-_jpg.rf.65c5742cced68822528a322492f2652d.jpg,1,38,134,5092,4184,908.0,0.2787584066390991,0.3117116093635559,0.2461501508951187,0.016124321147799492,0.0655614584684372,0.30073675513267517,1,Moderate
pic-7-_jpg.rf.7400b47430ca61631409d5ec433fbf79.jpg,0,186,359,66774,34515,32259.0,0.8721643090248108,0.9939433336257935,0.6633763313293457,0.0738678053021431,0.33056700229644775,0.9583696722984314,0,Shallow
pic-7-_jpg.rf.7400b47430ca61631409d5ec433fbf79.jpg,1,38,122,4636,3540,1096.0,0.2896714508533478,0.32070374488830566,0.25899001955986023,0.015135674737393856,0.061713725328445435,0.3103969991207123,1,Moderate
pic-7-_jpg.rf.75ec4611f8576a0f7706a3767986d5fa.jpg,0,174,349,60726,31318,29408.0,0.808201789855957,0.8942040205001831,0.6311748027801514,0.06002812832593918,0.26302921772003174,0.8770227432250977,0,Shallow
pic-7-_jpg.rf.75ec4611f8576a0f7706a3767986d5fa.jpg,1,34,123,4182,3531,651.0,0.26471462845802307,0.29654553532600403,0.23236241936683655,0.015646109357476234,0.06418311595916748,0.28598552942276,1,Moderate
pic-70-_jpg.rf.3fa842cfa55b39d094c6e4be45aaf994.jpg,0,68,45,3060,1551,1509.0,0.5592554807662964,0.6164037585258484,0.5174829959869385,0.022550838068127632,0.09892076253890991,0.591383159160614,0,Shallow
pic-70-_jpg.rf.3fa842cfa55b39d094c6e4be45aaf994.jpg,1,43,47,2021,1285,736.0,0.3478708565235138,0.37495630979537964,0.3202686607837677,0.012660650536417961,0.05468764901161194,0.36591553688049316,1,Moderate
pic-70-_jpg.rf.3fa842cfa55b39d094c6e4be45aaf994.jpg,2,26,62,1612,945,667.0,0.18716946244239807,0.2053380012512207,0.1691809445619583,0.009100506082177162,0.03615705668926239,0.19938957691192627,1,Moderate
pic-70-_jpg.rf.3fa842cfa55b39d094c6e4be45aaf994.jpg,3,36,48,1728,978,750.0,0.2230096310377121,0.25842931866645813,0.20358465611934662,0.01275237649679184,0.05484466254711151,0.24252253770828247,1,Moderate
pic-70-_jpg.rf.4bee9afd2a93c4eec1a251f641521c4c.jpg,0,52,32,1664,997,667.0,0.5663201808929443,0.6119160056114197,0.5342182517051697,0.017911821603775024,0.07769775390625,0.5913011431694031,0,Shallow
pic-70-_jpg.rf.4bee9afd2a93c4eec1a251f641521c4c.jpg,1,43,38,1634,987,647.0,0.3587251305580139,0.38992393016815186,0.32780590653419495,0.015744613483548164,0.06211802363395691,0.38089799880981445,1,Moderate
pic-70-_jpg.rf.4bee9afd2a93c4eec1a251f641521c4c.jpg,2,27,63,1701,964,737.0,0.1916922777891159,0.2115759551525116,0.17351007461547852,0.009306473657488823,0.03806588053703308,0.20418041944503784,1,Moderate
pic-70-_jpg.rf.4bee9afd2a93c4eec1a251f641521c4c.jpg,3,37,49,1813,1013,800.0,0.23323921859264374,0.27068397402763367,0.21294666826725006,0.013101072981953621,0.057737305760383606,0.25335943698883057,1,Moderate
pic-70-_jpg.rf.be12246c53c37bcff9d671a1052b23bb.jpg,0,61,30,1830,1091,739.0,0.6244834661483765,0.6757937669754028,0.5841192007064819,0.02101190760731697,0.0916745662689209,0.6539424061775208,0,Shallow
pic-70-_jpg.rf.be12246c53c37bcff9d671a1052b23bb.jpg,1,46,14,644,428,216.0,0.3794468641281128,0.42420098185539246,0.34691938757896423,0.02054969035089016,0.07728159427642822,0.40928250551223755,1,Moderate
pic-70-_jpg.rf.be12246c53c37bcff9d671a1052b23bb.jpg,2,38,59,2242,1027,1215.0,0.1833939105272293,0.20683954656124115,0.16154730319976807,0.010877624154090881,0.045292243361473083,0.19772621989250183,1,Moderate
pic-70-_jpg.rf.be12246c53c37bcff9d671a1052b23bb.jpg,3,42,49,2058,1047,1011.0,0.23894168436527252,0.2809925675392151,0.2144053876399994,0.01457509957253933,0.0665871798992157,0.260624498128891,1,Moderate
pic-71-_jpg.rf.0f9bcdab2065fee694fefca6af561329.jpg,0,72,201,14472,9091,5381.0,0.7790701985359192,0.8846606016159058,0.6487917304039001,0.05389227718114853,0.23586887121200562,0.8452237844467163,0,Shallow
pic-71-_jpg.rf.c09149434e1578a21379b1ec049c97e2.jpg,0,90,219,19710,12728,6982.0,0.7027220129966736,0.8125578761100769,0.5710776448249817,0.05532921105623245,0.24148023128509521,0.7710212469100952,0,Shallow
pic-71-_jpg.rf.dd6b8e67c19a5c53bb6f91b55e593a13.jpg,0,104,245,25480,16000,9480.0,0.8140116930007935,0.9429596066474915,0.6382723450660706,0.07321920245885849,0.3046872615814209,0.905929684638977,0,Shallow
pic-73-_jpg.rf.00116918149ac51697ae5249644ef144.jpg,0,477,224,106848,75284,31564.0,0.560434877872467,0.8517818450927734,0.20954082906246185,0.15364813804626465,0.6422410160303116,0.7665339708328247,0,Shallow
pic-73-_jpg.rf.08280c0eeb6772c510479ba1a84a6778.jpg,0,454,221,100334,68290,32044.0,0.5682709813117981,0.877288818359375,0.2528436779975891,0.14742398262023926,0.6244451403617859,0.7735711932182312,0,Shallow
pic-73-_jpg.rf.30b9fb02402e11d9d73579c9c007e6f1.jpg,0,456,195,88920,67011,21909.0,0.5351230502128601,0.8147424459457397,0.22194908559322357,0.13576655089855194,0.5927933603525162,0.7199126482009888,0,Shallow
pic-74-_jpg.rf.16da87d5105f997141b5538f74203204.jpg,0,186,442,82212,65396,16816.0,0.3623465597629547,0.5649471282958984,0.26787590980529785,0.06558345258235931,0.2970712184906006,0.47206151485443115,0,Shallow
pic-74-_jpg.rf.4599969de001cd1935d28ed812d1dd90.jpg,0,197,450,88650,64629,24021.0,0.3640059232711792,0.5746618509292603,0.26948222517967224,0.06830929219722748,0.305179625749588,0.47885552048683167,0,Shallow
pic-74-_jpg.rf.753bab7893e8644b71fea76010278698.jpg,0,195,466,90870,69768,21102.0,0.3459338843822479,0.5861592292785645,0.2370547205209732,0.07328392565250397,0.34910450875759125,0.460673063993454,0,Shallow
pic-75-_jpg.rf.01e2ff81bb8754692afe9b2bb2fda48a.jpg,0,294,479,140826,110564,30262.0,0.5053616166114807,0.734003484249115,0.2926943898200989,0.11358282715082169,0.4413090944290161,0.661912202835083,2,Deep
pic-75-_jpg.rf.a4fb54bd2e21373bc7b34ffadb02d9eb.jpg,0,299,474,141726,105975,35751.0,0.46870630979537964,0.7209402322769165,0.26885852217674255,0.11503081023693085,0.45208171010017395,0.6273026466369629,2,Deep
pic-75-_jpg.rf.f73e19df2feadf86dbc38f4eb690d204.jpg,0,287,432,123984,90464,33520.0,0.45247408747673035,0.6464608311653137,0.28263673186302185,0.09429002553224564,0.36382409930229187,0.5837914943695068,2,Deep
pic-76-_jpg.rf.3908b60fc10504b5de5ceb2ba0cddcb1.jpg,0,396,531,210276,127079,83197.0,0.4394806921482086,0.7812928557395935,0.21772953867912292,0.13059855997562408,0.5635633170604706,0.6336748600006104,2,Deep
pic-76-_jpg.rf.4062413067c04acc387e651210b12921.jpg,0,372,539,200508,120061,80447.0,0.4050459861755371,0.6651929616928101,0.25052037835121155,0.09160564839839935,0.4146725833415985,0.5428624749183655,2,Deep
pic-76-_jpg.rf.72e4e540e160870c4756c500e80e40b1.jpg,0,393,562,220866,131148,89718.0,0.4677794873714447,0.7618672251701355,0.27310219407081604,0.10889824479818344,0.48876503109931946,0.6300775408744812,2,Deep
pic-77-_jpg.rf.5d2577e0f9e471d4b9dcfce00a96d034.jpg,0,498,281,139938,77853,62085.0,0.3576743006706238,0.582206666469574,0.1608281433582306,0.09627081453800201,0.4213785231113434,0.4963928759098053,0,Shallow
pic-77-_jpg.rf.61a63f92522c3558c8dc33ecae183ed2.jpg,0,457,388,177316,75282,102034.0,0.3886961340904236,0.6510332822799683,0.14476023614406586,0.11204834282398224,0.5062730461359024,0.5485437512397766,0,Shallow
pic-77-_jpg.rf.83c80a807ca47eb0192cb129ebc8cb41.jpg,0,460,328,150880,67550,83330.0,0.37470948696136475,0.5791133046150208,0.19419439136981964,0.08134637027978897,0.3849189132452011,0.49217939376831055,0,Shallow
pic-78-_jpg.rf.51b8d15858f724437e1ce83b1f7a76a0.jpg,0,353,494,174382,82636,91746.0,0.5490018725395203,0.7977405786514282,0.4156773090362549,0.09199941903352737,0.38206326961517334,0.6903072595596313,2,Deep
pic-78-_jpg.rf.6e55ada23b1148608d6daddc7d6d7e27.jpg,0,266,503,133798,79062,54736.0,0.5517634153366089,0.802817702293396,0.4211603105068207,0.09104157984256744,0.3816573917865753,0.6937886476516724,2,Deep
pic-78-_jpg.rf.a51a0e1d7624e72d7257934cefd3d410.jpg,0,245,511,125195,75208,49987.0,0.5308048725128174,0.7675483822822571,0.4074315130710602,0.08277996629476547,0.3601168692111969,0.6552869081497192,0,Shallow
pic-79-_jpg.rf.b8083f42dac8ce2a5d303479dc967792.jpg,0,301,368,110768,75996,34772.0,0.3980647325515747,0.6995677947998047,0.30072811245918274,0.08588617295026779,0.39883968234062195,0.525988757610321,0,Shallow
pic-79-_jpg.rf.be47d8798d6f806389366b2c6e3a3dd1.jpg,0,297,373,110781,78581,32200.0,0.36390674114227295,0.6956393718719482,0.2616189420223236,0.0878114402294159,0.43402042984962463,0.4766310751438141,0,Shallow
pic-79-_jpg.rf.fa63c47cf0aa776aec75efb4df84f724.jpg,0,281,371,104251,77602,26649.0,0.43294546008110046,0.7265399098396301,0.30143973231315613,0.09189718216657639,0.425100177526474,0.5636247396469116,0,Shallow
pic-8-_jpg.rf.22de640e2560bddb13ff49abfccbc8d6.jpg,0,326,287,93562,64755,28807.0,0.3732626140117645,0.6127328872680664,0.12089641392230988,0.12050142139196396,0.49183647334575653,0.536664605140686,0,Shallow
pic-8-_jpg.rf.b4762871ab415292cd35f6ee6e2059a5.jpg,0,283,289,81787,54757,27030.0,0.4119449555873871,0.6296807527542114,0.2012147307395935,0.10228244960308075,0.4284660220146179,0.5534647107124329,0,Shallow
pic-8-_jpg.rf.f2cd6b29cbaf9efb1f836b4c78aca3f9.jpg,0,289,319,92191,63145,29046.0,0.3798365890979767,0.6231929659843445,0.1372307389974594,0.11820681393146515,0.48596222698688507,0.5426555275917053,0,Shallow
pic-80-_jpg.rf.8988aa50fb872401bc29ab7830281e22.jpg,0,82,89,7298,5336,1962.0,0.7985592484474182,0.8829445838928223,0.7368749976158142,0.03606492653489113,0.14606958627700806,0.8511180281639099,0,Shallow
pic-80-_jpg.rf.8988aa50fb872401bc29ab7830281e22.jpg,1,55,50,2750,2014,736.0,0.5638707280158997,0.6136104464530945,0.5146247744560242,0.023924866691231728,0.09898567199707031,0.5983661413192749,0,Shallow
pic-80-_jpg.rf.8988aa50fb872401bc29ab7830281e22.jpg,2,58,88,5104,3872,1232.0,0.45967715978622437,0.5140724182128906,0.40690743923187256,0.026280580088496208,0.10716497898101807,0.4958112835884094,1,Moderate
pic-80-_jpg.rf.8988aa50fb872401bc29ab7830281e22.jpg,3,33,41,1353,958,395.0,0.3722304105758667,0.4030856192111969,0.34157225489616394,0.015953201800584793,0.06151336431503296,0.39467310905456543,1,Moderate
pic-80-_jpg.rf.d08231a7b3ed0079786a5cc588acb6a8.jpg,0,78,84,6552,4971,1581.0,0.7851975560188293,0.8661733865737915,0.7253777980804443,0.03501613810658455,0.14079558849334717,0.8366829752922058,0,Shallow
pic-80-_jpg.rf.d08231a7b3ed0079786a5cc588acb6a8.jpg,1,52,49,2548,1902,646.0,0.5564063787460327,0.6035993695259094,0.5091366171836853,0.023041773587465286,0.09446275234222412,0.588760256767273,0,Shallow
pic-80-_jpg.rf.d08231a7b3ed0079786a5cc588acb6a8.jpg,2,57,82,4674,3561,1113.0,0.47545117139816284,0.5261459946632385,0.427836149930954,0.024461286142468452,0.09830984473228455,0.5094382762908936,1,Moderate
pic-80-_jpg.rf.d08231a7b3ed0079786a5cc588acb6a8.jpg,3,32,41,1312,872,440.0,0.3711268901824951,0.4004337787628174,0.3419307470321655,0.014317399822175503,0.058503031730651855,0.39079007506370544,1,Moderate
pic-80-_jpg.rf.e5fc6c140371201fb051fc7100769b0b.jpg,0,86,92,7912,5471,2441.0,0.8359836339950562,0.9219366908073425,0.7698764801025391,0.03760313615202904,0.15206021070480347,0.8903787136077881,0,Shallow
pic-80-_jpg.rf.e5fc6c140371201fb051fc7100769b0b.jpg,1,56,51,2856,2072,784.0,0.5969292521476746,0.6488884687423706,0.5444307923316956,0.025612138211727142,0.10445767641067505,0.6329654455184937,0,Shallow
pic-80-_jpg.rf.e5fc6c140371201fb051fc7100769b0b.jpg,2,55,90,4950,3940,1010.0,0.469713419675827,0.5226097106933594,0.4167027771472931,0.02586768940091133,0.10590693354606628,0.5052322745323181,1,Moderate
pic-80-_jpg.rf.e5fc6c140371201fb051fc7100769b0b.jpg,3,33,39,1287,947,340.0,0.39520463347435,0.4276743531227112,0.36327701807022095,0.016715096309781075,0.06439733505249023,0.41887906193733215,1,Moderate
pic-81-_jpg.rf.2c871f142112a2de4e78f5730d77bf73.jpg,0,292,239,69788,53578,16210.0,0.6187589764595032,0.8417711853981018,0.4697343111038208,0.09912800043821335,0.372036874294281,0.7723638415336609,0,Shallow
pic-81-_jpg.rf.682981671ea574a72479e1763164f07b.jpg,0,263,237,62331,46632,15699.0,0.5744286775588989,0.8164652585983276,0.44479894638061523,0.0917363092303276,0.3716663122177124,0.7203818559646606,0,Shallow
pic-81-_jpg.rf.f826102d59ca692fc6a7cd93131a448e.jpg,0,273,238,64974,49136,15838.0,0.49016937613487244,0.696559727191925,0.36178556084632874,0.08771223574876785,0.3347741663455963,0.6241108179092407,0,Shallow
pic-82-_jpg.rf.24e5bbbd60206e18fc16880bfeaad9aa.jpg,0,125,195,24375,18614,5761.0,0.8322243690490723,0.9575414657592773,0.7127322554588318,0.061866406351327896,0.24480921030044556,0.9181613326072693,0,Shallow
pic-82-_jpg.rf.24e5bbbd60206e18fc16880bfeaad9aa.jpg,1,71,106,7526,4932,2594.0,0.6937675476074219,0.7542771100997925,0.6196964383125305,0.03444850817322731,0.13458067178726196,0.7379331588745117,0,Shallow
pic-82-_jpg.rf.24e5bbbd60206e18fc16880bfeaad9aa.jpg,2,44,121,5324,3553,1771.0,0.6922311186790466,0.7407543659210205,0.6460710167884827,0.02223263308405876,0.09468334913253784,0.7242130041122437,0,Shallow
pic-82-_jpg.rf.24e5bbbd60206e18fc16880bfeaad9aa.jpg,3,47,121,5687,3888,1799.0,0.5260021686553955,0.5764232277870178,0.4847986698150635,0.021677451208233833,0.09162455797195435,0.5567458868026733,1,Moderate
pic-82-_jpg.rf.24e5bbbd60206e18fc16880bfeaad9aa.jpg,4,25,63,1575,1153,422.0,0.5307697653770447,0.5573158264160156,0.5091241002082825,0.012184077873826027,0.048191726207733154,0.5479981899261475,1,Moderate
pic-82-_jpg.rf.96fb5070300f4d0838ba9d84df193cb3.jpg,0,120,183,21960,16666,5294.0,0.8034927248954773,0.9280649423599243,0.691537618637085,0.05982745438814163,0.23652732372283936,0.8877378702163696,0,Shallow
pic-82-_jpg.rf.96fb5070300f4d0838ba9d84df193cb3.jpg,1,64,98,6272,4425,1847.0,0.6897351741790771,0.7487241625785828,0.6198982000350952,0.032980360090732574,0.12882596254348755,0.7322118878364563,0,Shallow
pic-82-_jpg.rf.96fb5070300f4d0838ba9d84df193cb3.jpg,2,46,112,5152,3177,1975.0,0.6615334153175354,0.7083464860916138,0.6175704598426819,0.02209879457950592,0.09077602624893188,0.6932950019836426,0,Shallow
pic-82-_jpg.rf.96fb5070300f4d0838ba9d84df193cb3.jpg,3,41,116,4756,3484,1272.0,0.5290367603302002,0.5736849308013916,0.4921385645866394,0.019604306668043137,0.0815463662147522,0.5569808483123779,1,Moderate
pic-82-_jpg.rf.96fb5070300f4d0838ba9d84df193cb3.jpg,4,21,59,1239,1022,217.0,0.5153951048851013,0.5401726365089417,0.49652040004730225,0.011231140233576298,0.043652236461639404,0.5311301946640015,1,Moderate
pic-82-_jpg.rf.cdb1fbbb88686147ca6fd7393e9a1053.jpg,0,129,200,25800,19638,6162.0,0.8243459463119507,0.9383120536804199,0.7128296494483948,0.057693496346473694,0.22548240423202515,0.9040573239326477,0,Shallow
pic-82-_jpg.rf.cdb1fbbb88686147ca6fd7393e9a1053.jpg,1,73,108,7884,5202,2682.0,0.6966311931610107,0.7552375197410583,0.625369668006897,0.03345612436532974,0.12986785173416138,0.7397163510322571,0,Shallow
pic-82-_jpg.rf.cdb1fbbb88686147ca6fd7393e9a1053.jpg,2,45,122,5490,3729,1761.0,0.6891005635261536,0.7355200052261353,0.6451250910758972,0.021441040560603142,0.09039491415023804,0.7199854254722595,0,Shallow
pic-82-_jpg.rf.cdb1fbbb88686147ca6fd7393e9a1053.jpg,3,48,124,5952,4066,1886.0,0.5345841646194458,0.5817105174064636,0.4951222538948059,0.020433783531188965,0.08658826351165771,0.5634810924530029,0,Shallow
pic-82-_jpg.rf.cdb1fbbb88686147ca6fd7393e9a1053.jpg,4,25,65,1625,1206,419.0,0.5403850674629211,0.5651329755783081,0.5202519297599792,0.011401490308344364,0.04488104581832886,0.5565592050552368,1,Moderate
pic-83-_jpg.rf.6067035f09c5b1b4a82debfac50b8b68.jpg,0,321,327,104967,56416,48551.0,0.4654996395111084,0.7454569935798645,0.2656029760837555,0.11822754889726639,0.479854017496109,0.6296486854553223,0,Shallow
pic-83-_jpg.rf.658f94a0e7d008ff38e85a627d6f699e.jpg,0,289,269,77741,50316,27425.0,0.4191780686378479,0.6961605548858643,0.2313099205493927,0.1135251522064209,0.46485063433647156,0.579028844833374,0,Shallow
pic-83-_jpg.rf.8d1e38d4c07d51717c500ae1145d7108.jpg,0,295,293,86435,49344,37091.0,0.43552640080451965,0.6876360774040222,0.2549358606338501,0.10448886454105377,0.4327002167701721,0.5812162756919861,0,Shallow
pic-84-_jpg.rf.79ea02211ed732335af4650b0977b9ad.jpg,0,429,368,157872,114853,43019.0,0.616110622882843,0.9464510679244995,0.23960499465465546,0.1780591905117035,0.706846073269844,0.8563039302825928,2,Deep
pic-84-_jpg.rf.79ea02211ed732335af4650b0977b9ad.jpg,1,277,123,34071,26664,7407.0,0.7808277010917664,0.945046603679657,0.6463043689727783,0.0825304388999939,0.29874223470687866,0.8992076516151428,0,Shallow
pic-84-_jpg.rf.875df442d5750a19dce18e532e06b8fe.jpg,0,420,372,156240,108120,48120.0,0.5897756814956665,0.8114805817604065,0.3489486277103424,0.10958132892847061,0.4625319540500641,0.7361798286437988,2,Deep
pic-84-_jpg.rf.875df442d5750a19dce18e532e06b8fe.jpg,1,257,129,33153,25571,7582.0,0.7157542109489441,0.932057797908783,0.5936856269836426,0.09242938458919525,0.3383721709251404,0.8542126417160034,0,Shallow
pic-84-_jpg.rf.f2555c00b7ca574dd2f6b119f2849651.jpg,0,407,370,150590,111014,39576.0,0.5841346383094788,0.884936511516571,0.2113853096961975,0.17104113101959229,0.6735512018203735,0.8084306120872498,2,Deep
pic-84-_jpg.rf.f2555c00b7ca574dd2f6b119f2849651.jpg,1,249,127,31623,24403,7220.0,0.7575829029083252,0.9568367600440979,0.6344248652458191,0.0980483666062355,0.3224118947982788,0.9069992899894714,0,Shallow
pic-85-_jpg.rf.02b3ed7783bfa794dcb56d483821c20c.jpg,0,22,33,726,543,183.0,0.4256756007671356,0.44422096014022827,0.4089275598526001,0.008731602691113949,0.035293400287628174,0.4376603960990906,1,Moderate
pic-85-_jpg.rf.02b3ed7783bfa794dcb56d483821c20c.jpg,1,31,51,1581,1025,556.0,0.3776947855949402,0.4054490327835083,0.3552209734916687,0.011813543736934662,0.0502280592918396,0.3939703404903412,1,Moderate
pic-85-_jpg.rf.02b3ed7783bfa794dcb56d483821c20c.jpg,2,23,39,897,619,278.0,0.39323917031288147,0.412069171667099,0.37476417422294617,0.009735585190355778,0.03730499744415283,0.4069412648677826,1,Moderate
pic-85-_jpg.rf.02b3ed7783bfa794dcb56d483821c20c.jpg,3,16,38,608,462,146.0,0.2512627840042114,0.2632041573524475,0.23844169080257416,0.006563371978700161,0.024762466549873352,0.2600390315055847,1,Moderate
pic-85-_jpg.rf.02b3ed7783bfa794dcb56d483821c20c.jpg,4,418,234,97812,45335,52477.0,0.6644826531410217,0.9572291970252991,0.32494184374809265,0.14358489215373993,0.6322873532772064,0.8811442852020264,0,Shallow
pic-85-_jpg.rf.a64446b223ce0bba88626d3b9688cb5f.jpg,0,19,31,589,475,114.0,0.4160172939300537,0.4329740107059479,0.40004146099090576,0.008558658882975578,0.032932549715042114,0.4278935492038727,1,Moderate
pic-85-_jpg.rf.a64446b223ce0bba88626d3b9688cb5f.jpg,1,22,48,1056,899,157.0,0.397205114364624,0.42314475774765015,0.37336650490760803,0.011693578213453293,0.049778252840042114,0.4132440984249115,1,Moderate
pic-85-_jpg.rf.a64446b223ce0bba88626d3b9688cb5f.jpg,2,19,36,684,535,149.0,0.40424296259880066,0.42334413528442383,0.3869791626930237,0.009262529201805592,0.036364972591400146,0.41737261414527893,1,Moderate
pic-85-_jpg.rf.a64446b223ce0bba88626d3b9688cb5f.jpg,3,14,37,518,414,104.0,0.2516273260116577,0.2640366852283478,0.23808924853801727,0.006444279104471207,0.025947436690330505,0.26032665371894836,1,Moderate
pic-85-_jpg.rf.a64446b223ce0bba88626d3b9688cb5f.jpg,4,355,164,58220,36911,21309.0,0.677886426448822,0.9545265436172485,0.3514654338359833,0.1308012753725052,0.6030611097812653,0.8723422884941101,0,Shallow
pic-85-_jpg.rf.c5fc2aff67696bb00ec93f0e00d6b41d.jpg,0,20,30,600,485,115.0,0.42720746994018555,0.4438035190105438,0.4107096791267395,0.008590408600866795,0.03309383988380432,0.4388585686683655,1,Moderate
pic-85-_jpg.rf.c5fc2aff67696bb00ec93f0e00d6b41d.jpg,1,28,47,1316,894,422.0,0.3824215531349182,0.4096514582633972,0.3599359393119812,0.01157854963093996,0.049715518951416016,0.39816081523895264,1,Moderate
pic-85-_jpg.rf.c5fc2aff67696bb00ec93f0e00d6b41d.jpg,2,21,37,777,562,215.0,0.3973538875579834,0.41615742444992065,0.3798958361148834,0.009652321226894855,0.03626158833503723,0.41088348627090454,1,Moderate
pic-85-_jpg.rf.c5fc2aff67696bb00ec93f0e00d6b41d.jpg,3,15,35,525,406,119.0,0.2576320767402649,0.26884403824806213,0.24454651772975922,0.006421339698135853,0.024297520518302917,0.26693177223205566,1,Moderate
pic-85-_jpg.rf.c5fc2aff67696bb00ec93f0e00d6b41d.jpg,4,392,217,85064,39857,45207.0,0.6664539575576782,0.9687277674674988,0.3286054730415344,0.14312072098255157,0.6401222944259644,0.8833045363426208,0,Shallow
pic-86-_jpg.rf.6ba43a8fea8b523c5647b5148ccc4c48.jpg,0,97,143,13871,8729,5142.0,0.7930886149406433,0.8725466728210449,0.7091699242591858,0.04001612961292267,0.16337674856185913,0.8486003875732422,0,Shallow
pic-86-_jpg.rf.c7c369033df047926786fd0bbc131cf5.jpg,0,73,139,10147,7605,2542.0,0.7297669649124146,0.8058500289916992,0.6543299555778503,0.037393152713775635,0.15152007341384888,0.7822967767715454,0,Shallow
pic-86-_jpg.rf.fe15af9f424efc111e4bab1ead9b76cc.jpg,0,70,133,9310,7019,2291.0,0.7141873240470886,0.7866319417953491,0.6421198844909668,0.035693783313035965,0.14451205730438232,0.7636029124259949,0,Shallow
pic-87-_jpg.rf.071c1cfadf7d9959341091d7c27f0caa.jpg,0,134,262,35108,29006,6102.0,0.645906925201416,0.7416568398475647,0.5587592720985413,0.04850723594427109,0.18289756774902344,0.7141212821006775,0,Shallow
pic-87-_jpg.rf.071c1cfadf7d9959341091d7c27f0caa.jpg,1,194,126,24444,15119,9325.0,0.3954278826713562,0.9183709621429443,0.281502366065979,0.07313144207000732,0.6368685960769653,0.4779370129108429,0,Shallow
pic-87-_jpg.rf.071c1cfadf7d9959341091d7c27f0caa.jpg,2,162,130,21060,18393,2667.0,0.7377033829689026,0.9884257316589355,0.6213164329528809,0.06514590233564377,0.3671092987060547,0.8247053623199463,0,Shallow
pic-87-_jpg.rf.071c1cfadf7d9959341091d7c27f0caa.jpg,3,120,261,31320,24548,6772.0,0.3575524687767029,0.43574702739715576,0.27766385674476624,0.041726816445589066,0.15808317065238953,0.4128491282463074,1,Moderate
pic-87-_jpg.rf.9c686985ca1aaf482818536bad3a52d2.jpg,0,140,258,36120,27977,8143.0,0.481423020362854,0.5650877356529236,0.40696823596954346,0.04169487953186035,0.15811949968338013,0.5399101376533508,0,Shallow
pic-87-_jpg.rf.9c686985ca1aaf482818536bad3a52d2.jpg,1,177,149,26373,17571,8802.0,0.27561837434768677,0.6262762546539307,0.18204724788665771,0.056695275008678436,0.44422900676727295,0.34064653515815735,0,Shallow
pic-87-_jpg.rf.9c686985ca1aaf482818536bad3a52d2.jpg,2,193,114,22002,16966,5036.0,0.536040186882019,0.6569730639457703,0.4466903507709503,0.05237576365470886,0.21028271317481995,0.6120960712432861,0,Shallow
pic-87-_jpg.rf.9c686985ca1aaf482818536bad3a52d2.jpg,3,132,249,32868,23699,9169.0,0.242947518825531,0.3085991144180298,0.17754621803760529,0.034296538680791855,0.1310528963804245,0.28883665800094604,1,Moderate
pic-87-_jpg.rf.f695dc4e18d8786274de900672c1e629.jpg,0,123,248,30504,25894,4610.0,0.6968128085136414,0.797938346862793,0.5997081398963928,0.05187099799513817,0.19823020696640015,0.7698779106140137,0,Shallow
pic-87-_jpg.rf.f695dc4e18d8786274de900672c1e629.jpg,1,413,154,63602,44631,18971.0,0.6530284285545349,0.9760326147079468,0.2987736165523529,0.20607301592826843,0.6772589981555939,0.9106670022010803,0,Shallow
pic-87-_jpg.rf.f695dc4e18d8786274de900672c1e629.jpg,2,110,247,27170,21937,5233.0,0.38084062933921814,0.4707265794277191,0.28989899158477783,0.0468699149787426,0.18082758784294128,0.44340696930885315,1,Moderate
pic-89-_jpg.rf.280b8654e1d942e9843333a4a630a473.jpg,0,292,592,172864,92963,79901.0,0.7159004807472229,0.8655152320861816,0.4763030707836151,0.09135256707668304,0.38921216130256653,0.8260698318481445,2,Deep
pic-89-_jpg.rf.280b8654e1d942e9843333a4a630a473.jpg,1,163,220,35860,23551,12309.0,0.22285333275794983,0.3354187607765198,0.12426482886075974,0.05576225370168686,0.21115393191576004,0.30609068274497986,1,Moderate
pic-89-_jpg.rf.280b8654e1d942e9843333a4a630a473.jpg,2,54,164,8856,6157,2699.0,0.11859823763370514,0.149103581905365,0.08583022654056549,0.014204361476004124,0.0632733553647995,0.1373382955789566,1,Moderate
pic-89-_jpg.rf.280b8654e1d942e9843333a4a630a473.jpg,3,45,154,6930,3784,3146.0,0.1637117862701416,0.19819533824920654,0.13902753591537476,0.0144102293998003,0.05916780233383179,0.1851384937763214,1,Moderate
pic-89-_jpg.rf.280b8654e1d942e9843333a4a630a473.jpg,4,91,96,8736,5719,3017.0,0.4284694492816925,0.48919954895973206,0.37475723028182983,0.025671256706118584,0.11444231867790222,0.463426798582077,1,Moderate
pic-89-_jpg.rf.280b8654e1d942e9843333a4a630a473.jpg,5,61,128,7808,3796,4012.0,0.2850457429885864,0.6275609135627747,0.24344949424266815,0.023415014147758484,0.3841114193201065,0.31718209385871887,0,Shallow
pic-89-_jpg.rf.280b8654e1d942e9843333a4a630a473.jpg,6,30,104,3120,2333,787.0,0.1032211035490036,0.41748490929603577,0.08300177752971649,0.023786116391420364,0.3344831317663193,0.11608518660068512,1,Moderate
pic-89-_jpg.rf.88d2db98329fc9ad290d1f559d3c8c76.jpg,0,253,625,158125,85558,72567.0,0.8540737628936768,1.0,0.5928367972373962,0.09636909514665604,0.40716320276260376,0.9670901894569397,2,Deep
pic-89-_jpg.rf.88d2db98329fc9ad290d1f559d3c8c76.jpg,1,162,204,33048,23393,9655.0,0.28774935007095337,0.4246554970741272,0.17296215891838074,0.06975705176591873,0.25169333815574646,0.39057043194770813,1,Moderate
pic-89-_jpg.rf.88d2db98329fc9ad290d1f559d3c8c76.jpg,2,47,170,7990,6306,1684.0,0.1449379026889801,0.18467067182064056,0.10582543164491653,0.017169281840324402,0.07884524017572403,0.168061301112175,1,Moderate
pic-89-_jpg.rf.88d2db98329fc9ad290d1f559d3c8c76.jpg,3,42,159,6678,3906,2772.0,0.198977530002594,0.24133996665477753,0.1697102040052414,0.016695618629455566,0.07162976264953613,0.2229536473751068,1,Moderate
pic-89-_jpg.rf.88d2db98329fc9ad290d1f559d3c8c76.jpg,4,83,105,8715,5876,2839.0,0.5193825364112854,0.5856879353523254,0.4552207887172699,0.03195132315158844,0.13046714663505554,0.5635756254196167,0,Shallow
pic-89-_jpg.rf.88d2db98329fc9ad290d1f559d3c8c76.jpg,5,53,135,7155,3907,3248.0,0.33798834681510925,0.38350537419319153,0.29167935252189636,0.024179980158805847,0.09182602167129517,0.3710768520832062,1,Moderate
pic-89-_jpg.rf.88d2db98329fc9ad290d1f559d3c8c76.jpg,6,29,67,1943,1293,650.0,0.14422918856143951,0.1695001721382141,0.1245279461145401,0.010087483562529087,0.04497222602367401,0.15817682445049286,1,Moderate
pic-89-_jpg.rf.f60ba1af20cc526575b9ddab3e79052d.jpg,0,296,596,176416,97469,78947.0,0.8146774768829346,0.990877091884613,0.5630366802215576,0.09873107075691223,0.4278404116630554,0.9344517588615417,2,Deep
pic-89-_jpg.rf.f60ba1af20cc526575b9ddab3e79052d.jpg,1,158,211,33338,21917,11421.0,0.30245766043663025,0.41812071204185486,0.202550008893013,0.05801210552453995,0.21557070314884186,0.3877119719982147,1,Moderate
pic-89-_jpg.rf.f60ba1af20cc526575b9ddab3e79052d.jpg,2,53,159,8427,5795,2632.0,0.1886880099773407,0.21972830593585968,0.15592403709888458,0.014911633916199207,0.0638042688369751,0.2092662751674652,1,Moderate
pic-89-_jpg.rf.f60ba1af20cc526575b9ddab3e79052d.jpg,3,45,149,6705,3535,3170.0,0.2291366457939148,0.2646598815917969,0.20397350192070007,0.013835182413458824,0.0606863796710968,0.2485087811946869,1,Moderate
pic-89-_jpg.rf.f60ba1af20cc526575b9ddab3e79052d.jpg,4,88,94,8272,5268,3004.0,0.49719804525375366,0.5525596141815186,0.4435064196586609,0.027539802715182304,0.10905319452285767,0.5355146527290344,1,Moderate
pic-89-_jpg.rf.f60ba1af20cc526575b9ddab3e79052d.jpg,5,60,124,7440,3507,3933.0,0.3448869585990906,0.38178667426109314,0.30815616250038147,0.019488628953695297,0.07363051176071167,0.37174075841903687,1,Moderate
pic-89-_jpg.rf.f60ba1af20cc526575b9ddab3e79052d.jpg,6,30,112,3360,2485,875.0,0.179203063249588,0.20373137295246124,0.16326946020126343,0.008941855281591415,0.040461912751197815,0.19221222400665283,1,Moderate
pic-9-_jpg.rf.06f81aab8edc8a1beb3269f379c8e4a8.jpg,0,189,155,29295,23369,5926.0,0.7581210732460022,0.9065247178077698,0.6075275540351868,0.07433093339204788,0.298997163772583,0.8590725660324097,0,Shallow
pic-9-_jpg.rf.06f81aab8edc8a1beb3269f379c8e4a8.jpg,1,80,152,12160,9119,3041.0,0.39069992303848267,0.4582099914550781,0.32077866792678833,0.033333759754896164,0.1374313235282898,0.43504875898361206,1,Moderate
pic-9-_jpg.rf.06f81aab8edc8a1beb3269f379c8e4a8.jpg,2,199,280,55720,39119,16601.0,0.6649114489555359,0.8232775330543518,0.5185102224349976,0.07373634725809097,0.30476731061935425,0.7646953463554382,0,Shallow
pic-9-_jpg.rf.06f81aab8edc8a1beb3269f379c8e4a8.jpg,3,87,131,11397,8924,2473.0,0.28481021523475647,0.3657144010066986,0.2149370163679123,0.038022249937057495,0.15077738463878632,0.33767175674438477,1,Moderate
pic-9-_jpg.rf.06f81aab8edc8a1beb3269f379c8e4a8.jpg,4,54,180,9720,7557,2163.0,0.06161551922559738,0.1143370047211647,0.011533115059137344,0.02560308389365673,0.10280388966202736,0.09737015515565872,1,Moderate
pic-9-_jpg.rf.06f81aab8edc8a1beb3269f379c8e4a8.jpg,5,75,146,10950,9049,1901.0,0.11434463411569595,0.1791846752166748,0.04578101262450218,0.032820675522089005,0.13340366259217262,0.15853697061538696,1,Moderate
pic-9-_jpg.rf.06f81aab8edc8a1beb3269f379c8e4a8.jpg,6,50,66,3300,2492,808.0,0.04561704024672508,0.08906524628400803,0.008748822845518589,0.021403338760137558,0.08031642343848944,0.0752965658903122,1,Moderate
pic-9-_jpg.rf.10d9db0c8fac4eb5b01de9fc71dd19da.jpg,0,176,190,33440,28631,4809.0,0.7817074656486511,0.9090154767036438,0.6473057866096497,0.06696697324514389,0.26170969009399414,0.8724635243415833,0,Shallow
pic-9-_jpg.rf.10d9db0c8fac4eb5b01de9fc71dd19da.jpg,1,87,158,13746,10141,3605.0,0.433194100856781,0.49209848046302795,0.3674767315387726,0.03051803819835186,0.12462174892425537,0.4735027551651001,1,Moderate
pic-9-_jpg.rf.10d9db0c8fac4eb5b01de9fc71dd19da.jpg,2,209,301,62909,43319,19590.0,0.6778218150138855,0.822950005531311,0.541455090045929,0.06821312010288239,0.2814949154853821,0.7713742256164551,0,Shallow
pic-9-_jpg.rf.10d9db0c8fac4eb5b01de9fc71dd19da.jpg,3,88,139,12232,9889,2343.0,0.32850053906440735,0.3985569477081299,0.2637895345687866,0.03443461284041405,0.13476741313934326,0.37552610039711,1,Moderate
pic-9-_jpg.rf.10d9db0c8fac4eb5b01de9fc71dd19da.jpg,4,89,186,16554,11693,4861.0,0.11642734706401825,0.17884202301502228,0.04963450878858566,0.03196830302476883,0.12920751422643661,0.15970087051391602,1,Moderate
pic-9-_jpg.rf.10d9db0c8fac4eb5b01de9fc71dd19da.jpg,5,92,155,14260,12336,1924.0,0.14863435924053192,0.22126878798007965,0.07976273447275162,0.037943609058856964,0.14150605350732803,0.19968807697296143,1,Moderate
pic-9-_jpg.rf.10d9db0c8fac4eb5b01de9fc71dd19da.jpg,6,78,62,4836,3886,950.0,0.10616758465766907,0.16227763891220093,0.05035056546330452,0.02919681742787361,0.11192707344889641,0.14544107019901276,1,Moderate
pic-9-_jpg.rf.62204b022d0e43f1804769f4fc142c28.jpg,0,178,177,31506,25598,5908.0,0.7187339663505554,0.85275799036026,0.5902623534202576,0.06589997559785843,0.26249563694000244,0.809054434299469,0,Shallow
pic-9-_jpg.rf.62204b022d0e43f1804769f4fc142c28.jpg,1,79,141,11139,8120,3019.0,0.3958008289337158,0.44823184609413147,0.33782467246055603,0.027426810935139656,0.11040717363357544,0.43244755268096924,1,Moderate
pic-9-_jpg.rf.62204b022d0e43f1804769f4fc142c28.jpg,2,188,270,50760,34999,15761.0,0.6133968830108643,0.7512950301170349,0.4896810054779053,0.06299024075269699,0.26161402463912964,0.700458288192749,0,Shallow
pic-9-_jpg.rf.62204b022d0e43f1804769f4fc142c28.jpg,3,78,125,9750,8006,1744.0,0.30279552936553955,0.3643852174282074,0.24569733440876007,0.03075988031923771,0.11868788301944733,0.3450934886932373,1,Moderate
pic-9-_jpg.rf.62204b022d0e43f1804769f4fc142c28.jpg,4,85,167,14195,9645,4550.0,0.11973617970943451,0.17282536625862122,0.06949357688426971,0.026227237656712532,0.1033317893743515,0.15621060132980347,1,Moderate
pic-9-_jpg.rf.62204b022d0e43f1804769f4fc142c28.jpg,5,85,169,14365,11504,2861.0,0.152378112077713,0.21526044607162476,0.0907110795378685,0.031302083283662796,0.12454936653375626,0.19494517147541046,1,Moderate
pic-9-_jpg.rf.62204b022d0e43f1804769f4fc142c28.jpg,6,72,63,4536,3487,1049.0,0.09995269775390625,0.14916293323040009,0.05399050563573837,0.024528663605451584,0.09517242759466171,0.13340292870998383,1,Moderate
pic-90-_jpg.rf.240ef6f5fe43b76b41bda46a16cb5718.jpg,0,104,288,29952,20400,9552.0,0.5920640230178833,0.6814369559288025,0.5144208073616028,0.03938150405883789,0.1670161485671997,0.6476956009864807,0,Shallow
pic-90-_jpg.rf.9b8c41e2268c9abdc95c18b3567fb764.jpg,0,105,280,29400,19350,10050.0,0.5965874195098877,0.6863353252410889,0.5238631963729858,0.03926193341612816,0.16247212886810303,0.6521522998809814,0,Shallow
pic-90-_jpg.rf.f684f3079bfb74c1078e8f8dc7e6fd35.jpg,0,113,305,34465,23904,10561.0,0.6463029980659485,0.7410926222801208,0.56022709608078,0.04240374639630318,0.18086552619934082,0.7059172987937927,0,Shallow
pic-91-_jpg.rf.d4d38cce067db39408794242a91f0efa.jpg,0,59,92,5428,3755,1673.0,0.5358824133872986,0.5980730056762695,0.4975792169570923,0.022453347221016884,0.10049378871917725,0.5698569416999817,0,Shallow
pic-91-_jpg.rf.d4d38cce067db39408794242a91f0efa.jpg,1,113,370,41810,23731,18079.0,0.696117103099823,0.7849804759025574,0.6135232448577881,0.03814763203263283,0.1714572310447693,0.7448868155479431,0,Shallow
pic-91-_jpg.rf.d541de11cd8503ce68f73abd1fb02717.jpg,0,63,97,6111,4213,1898.0,0.3577217757701874,0.40534865856170654,0.32821571826934814,0.016887454316020012,0.0771329402923584,0.383177250623703,1,Moderate
pic-91-_jpg.rf.d541de11cd8503ce68f73abd1fb02717.jpg,1,118,390,46020,26271,19749.0,0.4758877754211426,0.5460379719734192,0.41313648223876953,0.02945062331855297,0.13290148973464966,0.514007031917572,0,Shallow
pic-91-_jpg.rf.fdcc03fa51403644168dfca373c9ee0c.jpg,0,68,98,6664,4443,2221.0,0.5401435494422913,0.6071736812591553,0.4930284917354584,0.027150727808475494,0.1141451895236969,0.5784844756126404,0,Shallow
pic-91-_jpg.rf.fdcc03fa51403644168dfca373c9ee0c.jpg,1,110,397,43670,27718,15952.0,0.7243112325668335,0.8228626847267151,0.6150175929069519,0.04531443119049072,0.20784509181976318,0.7812581658363342,0,Shallow
pic-92-_jpg.rf.453e3b0d19f45cc3adda8b6c2fd35f78.jpg,0,145,71,10295,7266,3029.0,0.8193520903587341,0.9228686094284058,0.7121214270591736,0.053628429770469666,0.21074718236923218,0.8927568197250366,0,Shallow
pic-92-_jpg.rf.453e3b0d19f45cc3adda8b6c2fd35f78.jpg,1,272,89,24208,13484,10724.0,0.40278899669647217,0.5797415375709534,0.1842917650938034,0.1041506975889206,0.39544977247714996,0.5317093729972839,0,Shallow
pic-92-_jpg.rf.495b1e2e681aaf8bd9ec84f29044ff68.jpg,0,135,72,9720,7720,2000.0,0.8805680274963379,0.9666868448257446,0.7789753675460815,0.04822184517979622,0.18771147727966309,0.9445590376853943,0,Shallow
pic-92-_jpg.rf.495b1e2e681aaf8bd9ec84f29044ff68.jpg,1,300,85,25500,16043,9457.0,0.4250868856906891,0.6313555240631104,0.17568327486515045,0.11995194852352142,0.4556722491979599,0.5745309591293335,0,Shallow
pic-92-_jpg.rf.f3247194c884aec0a806958acbda7b38.jpg,0,143,76,10868,7352,3516.0,0.8567102551460266,0.9590787291526794,0.7467831373214722,0.0548233725130558,0.21229559183120728,0.9316623210906982,0,Shallow
pic-92-_jpg.rf.f3247194c884aec0a806958acbda7b38.jpg,1,270,102,27540,13685,13855.0,0.40784141421318054,0.6008806824684143,0.17207305133342743,0.11238324642181396,0.4288076311349869,0.547685444355011,0,Shallow
pic-93-_jpg.rf.13ed0023300da63a2f33a803df745530.jpg,0,188,435,81780,68275,13505.0,0.6791272759437561,0.8659828901290894,0.5964474678039551,0.06279832869768143,0.2695354223251343,0.7697911858558655,0,Shallow
pic-93-_jpg.rf.13ed0023300da63a2f33a803df745530.jpg,1,97,263,25511,18102,7409.0,0.46679967641830444,0.5433208346366882,0.3840116560459137,0.031746756285429,0.15930917859077454,0.509157121181488,1,Moderate
pic-93-_jpg.rf.13ed0023300da63a2f33a803df745530.jpg,2,40,184,7360,5013,2347.0,0.29367971420288086,0.32927536964416504,0.26297450065612793,0.012576756067574024,0.06630086898803711,0.3092532157897949,1,Moderate
pic-93-_jpg.rf.13ed0023300da63a2f33a803df745530.jpg,3,28,72,2016,1544,472.0,0.15363453328609467,0.1790643334388733,0.13027112185955048,0.011168697848916054,0.048793211579322815,0.16898885369300842,1,Moderate
pic-93-_jpg.rf.7a97c10314fb3e87620c30001a1ebda8.jpg,0,204,437,89148,69197,19951.0,0.7509201765060425,0.9274640679359436,0.6060085892677307,0.08066273480653763,0.3214554786682129,0.863994836807251,0,Shallow
pic-93-_jpg.rf.7a97c10314fb3e87620c30001a1ebda8.jpg,1,98,265,25970,18212,7758.0,0.4840201437473297,0.5588392019271851,0.390463650226593,0.038357388228178024,0.16837555170059204,0.5344616174697876,0,Shallow
pic-93-_jpg.rf.7a97c10314fb3e87620c30001a1ebda8.jpg,2,45,184,8280,5092,3188.0,0.29941317439079285,0.3343544602394104,0.263502836227417,0.01624171994626522,0.07085162401199341,0.3219940960407257,1,Moderate
pic-93-_jpg.rf.7a97c10314fb3e87620c30001a1ebda8.jpg,3,29,73,2117,1579,538.0,0.15927918255329132,0.18422314524650574,0.1361096054315567,0.011337301693856716,0.048113539814949036,0.17535193264484406,1,Moderate
pic-93-_jpg.rf.d1fd0f49bc38e1f7395f550a40ffda27.jpg,0,197,473,93181,80319,12862.0,0.8317411541938782,0.9810406565666199,0.6694629192352295,0.07964872568845749,0.3115777373313904,0.9392984509468079,2,Deep
pic-93-_jpg.rf.d1fd0f49bc38e1f7395f550a40ffda27.jpg,1,112,282,31584,21146,10438.0,0.5336703658103943,0.6217746138572693,0.42310094833374023,0.046763379126787186,0.19867366552352905,0.5950154066085815,0,Shallow
pic-93-_jpg.rf.d1fd0f49bc38e1f7395f550a40ffda27.jpg,2,37,200,7400,5884,1516.0,0.3226774036884308,0.36278513073921204,0.2783232629299164,0.019130928441882133,0.08446186780929565,0.3483603000640869,1,Moderate
pic-93-_jpg.rf.d1fd0f49bc38e1f7395f550a40ffda27.jpg,3,32,78,2496,1807,689.0,0.15623730421066284,0.1860511153936386,0.12993089854717255,0.013805130496621132,0.056120216846466064,0.17584480345249176,1,Moderate
pic-94-_jpg.rf.2aabac75e10d9308647adbe3285a5498.jpg,0,147,235,34545,25699,8846.0,0.5103408098220825,0.6364566683769226,0.43005022406578064,0.053433679044246674,0.20640644431114197,0.5889053344726562,0,Shallow
pic-94-_jpg.rf.385cffc613c080827eaa7d1176be5ae3.jpg,0,146,233,34018,24993,9025.0,0.4938121736049652,0.6324344873428345,0.41279396414756775,0.05238703265786171,0.21964052319526672,0.569272518157959,0,Shallow
pic-94-_jpg.rf.ba3925642e2ccb4869665efacd0c7649.jpg,0,146,227,33142,24358,8784.0,0.46687260270118713,0.579872190952301,0.38992539048194885,0.04880542308092117,0.18994680047035217,0.5372418761253357,0,Shallow
pic-96-_jpg.rf.24d21cef4cfb4d0f7bd6bcc6bc047d4c.jpg,0,212,192,40704,23465,17239.0,0.7298687696456909,0.8585997819900513,0.4887228310108185,0.08649503439664841,0.3698769509792328,0.8292055726051331,0,Shallow
pic-96-_jpg.rf.462bc937bdab51c156a191ebd1cfc9c2.jpg,0,239,152,36328,22181,14147.0,0.6406707167625427,0.7790334820747375,0.44556865096092224,0.08041679114103317,0.3334648311138153,0.7410500049591064,0,Shallow
pic-96-_jpg.rf.de1c39ae1a6f184297eac1814e66ca80.jpg,0,209,163,34067,19840,14227.0,0.7531499266624451,0.8409344553947449,0.6096489429473877,0.055823612958192825,0.23128551244735718,0.8203461170196533,0,Shallow
pic-97-_jpg.rf.405aad85024f81d93922f28864ca1554.jpg,0,101,232,23432,15500,7932.0,0.4342677593231201,0.49353930354118347,0.37082439661026,0.028470588847994804,0.12271490693092346,0.4742099940776825,1,Moderate
pic-97-_jpg.rf.5fdb2665d8114a571692b42b87a9da50.jpg,0,93,229,21297,15188,6109.0,0.43683940172195435,0.48644331097602844,0.3821328580379486,0.024390272796154022,0.10431045293807983,0.4707874357700348,1,Moderate
pic-97-_jpg.rf.f126b87cc73c733f34169b87ffbe0a52.jpg,0,100,231,23100,15412,7688.0,0.4312088191509247,0.4852448105812073,0.37376025319099426,0.025953520089387894,0.11148455739021301,0.4677704870700836,1,Moderate
pic-98-_jpg.rf.87c1a2590b120c4cb812f9702e6bc851.jpg,0,67,267,17889,9191,8698.0,0.399758517742157,0.45046350359916687,0.34671515226364136,0.0218227319419384,0.10374835133552551,0.42839178442955017,1,Moderate
pic-98-_jpg.rf.9f186514621bd6868261aefd8bd19a66.jpg,0,47,241,11327,7452,3875.0,0.38076549768447876,0.42355263233184814,0.3322222828865051,0.018627606332302094,0.09133034944534302,0.40386414527893066,1,Moderate
pic-98-_jpg.rf.b2a2cf125087b692dbc9ea11ae97ddd4.jpg,0,51,263,13413,8882,4531.0,0.4053545892238617,0.45834025740623474,0.3465539216995239,0.02187972143292427,0.11178633570671082,0.4322803020477295,1,Moderate
